timestamp,gaze_x,gaze_y,gaze_z,pupil,openness
0.0010,-0.10038,0.10609,-0.98928,1.000,1.000
0.0136,-0.09978,0.10626,-0.98932,1.000,1.000
0.0276,-0.09934,0.10549,-0.98944,1.000,1.000
0.0417,-0.09889,0.10519,-0.98952,1.000,1.000
0.0560,-0.09870,0.10568,-0.98949,1.000,1.000
0.0695,-0.09858,0.10577,-0.98949,1.000,1.000
0.0834,-0.09830,0.10474,-0.98963,1.000,1.000
0.0970,-0.09821,0.10238,-0.98989,1.000,1.000
0.1115,-0.09775,0.10009,-0.99017,1.000,1.000
0.1250,-0.09669,0.09729,-0.99055,1.000,1.000
0.1387,-0.09534,0.09433,-0.99097,1.000,1.000
0.1530,-0.09434,0.09251,-0.99123,1.000,1.000
0.1668,-0.09360,0.09268,-0.99129,1.000,1.000
0.1804,-0.09314,0.09275,-0.99132,1.000,1.000
0.1955,-0.09283,0.09156,-0.99146,1.000,1.000
0.2086,-0.09223,0.08994,-0.99167,1.000,1.000
0.2227,-0.09188,0.08838,-0.99184,1.000,1.000
0.2364,-0.09198,0.08793,-0.99187,1.000,1.000
0.2504,-0.09205,0.08829,-0.99183,1.000,1.000
0.2644,-0.09141,0.08869,-0.99186,1.000,1.000
0.2781,-0.09046,0.08707,-0.99209,1.000,1.000
0.2925,-0.08899,0.08402,-0.99248,1.000,1.000
0.3062,-0.08667,0.07911,-0.99309,1.000,1.000
0.3200,-0.08364,0.07332,-0.99380,1.000,1.000
0.3339,-0.07991,0.06537,-0.99466,1.000,1.000
0.3479,-0.07566,0.05287,-0.99573,1.000,1.000
0.3617,-0.06981,0.03643,-0.99690,1.000,1.000
0.3760,-0.06388,0.01545,-0.99784,1.000,1.000
0.3899,-0.05736,-0.00789,-0.99832,1.000,1.000
0.4035,-0.04972,-0.03561,-0.99813,1.000,1.000
0.4171,-0.04071,-0.06684,-0.99693,1.000,1.000
0.4311,-0.02984,-0.10628,-0.99389,1.000,1.000
0.4451,-0.01740,-0.14979,-0.98857,1.000,1.000
0.4589,-0.00296,-0.19588,-0.98062,1.000,1.000
0.4733,0.00808,-0.23599,-0.97172,1.000,1.000
0.4871,0.01619,-0.27032,-0.96263,1.000,1.000
0.5012,0.01882,-0.29351,-0.95577,1.000,1.000
0.5150,0.02158,-0.30778,-0.95121,1.000,1.000
0.5289,0.02471,-0.31505,-0.94875,1.000,1.000
0.5426,0.02904,-0.33035,-0.94341,1.000,1.000
0.5567,0.03239,-0.34910,-0.93653,1.000,1.000
0.5705,0.03567,-0.37091,-0.92798,1.000,1.000
0.5846,0.03761,-0.39292,-0.91880,1.000,1.000
0.5981,0.03901,-0.41304,-0.90988,1.000,1.000
0.6124,0.04057,-0.43356,-0.90021,1.000,1.000
0.6262,0.04009,-0.45449,-0.88985,1.000,1.000
0.6398,0.03946,-0.47750,-0.87775,1.000,1.000
0.6541,0.03989,-0.49326,-0.86897,1.000,1.000
0.6682,0.03823,-0.51025,-0.85918,1.000,1.000
0.6818,0.03744,-0.52371,-0.85107,1.000,1.000
0.6959,0.03392,-0.53497,-0.84419,1.000,1.000
0.7099,0.02906,-0.54372,-0.83877,1.000,1.000
0.7236,0.02581,-0.54778,-0.83622,1.000,1.000
0.7375,0.02281,-0.55383,-0.83232,1.000,1.000
0.7517,0.01917,-0.56469,-0.82508,1.000,1.000
0.7655,0.01679,-0.57101,-0.82077,1.000,1.000
0.7790,0.01678,-0.57197,-0.82011,1.000,1.000
0.7935,0.01885,-0.57018,-0.82130,1.000,1.000
0.8071,0.02066,-0.56883,-0.82220,1.000,1.000
0.8211,0.02211,-0.56780,-0.82287,1.000,1.000
0.8346,0.02318,-0.56705,-0.82336,1.000,1.000
0.8488,0.02654,-0.56631,-0.82377,1.000,1.000
0.8630,0.03291,-0.56457,-0.82473,1.000,1.000
0.8767,0.04267,-0.56028,-0.82721,1.000,1.000
0.8907,0.05252,-0.55951,-0.82716,1.000,1.000
0.9047,0.06298,-0.55775,-0.82762,1.000,1.000
0.9184,0.07636,-0.55517,-0.82822,1.000,1.000
0.9326,0.08956,-0.55564,-0.82659,1.000,1.000
0.9467,0.10384,-0.55623,-0.82452,1.000,1.000
0.9600,0.11557,-0.55612,-0.82303,1.000,1.000
0.9745,0.12704,-0.55552,-0.82174,1.000,1.000
0.9885,0.13636,-0.55518,-0.82048,1.000,1.000
1.0025,0.14501,-0.55476,-0.81928,1.000,1.000
1.0155,0.15337,-0.55438,-0.81801,1.000,1.000
1.0298,0.16025,-0.55443,-0.81666,1.000,1.000
1.0439,0.16595,-0.55233,-0.81694,1.000,1.000
1.0580,0.17024,-0.54946,-0.81800,1.000,1.000
1.0718,0.17420,-0.54796,-0.81816,1.000,1.000
1.0855,0.17847,-0.54690,-0.81796,1.000,1.000
1.0992,0.18363,-0.54661,-0.81700,1.000,1.000
1.1136,0.18884,-0.54784,-0.81499,1.000,1.000
1.1275,0.19453,-0.54855,-0.81318,1.000,1.000
1.1413,0.19982,-0.54857,-0.81188,1.000,1.000
1.1551,0.20636,-0.54881,-0.81008,1.000,1.000
1.1693,0.21450,-0.54824,-0.80834,1.000,1.000
1.1831,0.22615,-0.54617,-0.80657,1.000,1.000
1.1966,0.23958,-0.54532,-0.80326,1.000,1.000
1.2109,0.25115,-0.54475,-0.80010,1.000,1.000
1.2249,0.26028,-0.54538,-0.79675,1.000,1.000
1.2388,0.26690,-0.54630,-0.79393,1.000,1.000
1.2528,0.27362,-0.54572,-0.79203,1.000,1.000
1.2666,0.28089,-0.54544,-0.78968,1.000,1.000
1.2802,0.28916,-0.54553,-0.78663,1.000,1.000
1.2946,0.29717,-0.54666,-0.78285,1.000,1.000
1.3084,0.30455,-0.54829,-0.77886,1.000,1.000
1.3223,0.31142,-0.55147,-0.77388,1.000,1.000
1.3359,0.31846,-0.55417,-0.76907,1.000,1.000
1.3506,0.32553,-0.55727,-0.76386,1.000,1.000
1.3644,0.33123,-0.56045,-0.75907,1.000,1.000
1.3780,0.33558,-0.56358,-0.75483,1.000,1.000
1.3924,0.33902,-0.56562,-0.75175,1.000,1.000
1.4060,0.34146,-0.56608,-0.75030,1.000,1.000
1.4199,0.34298,-0.56551,-0.75004,1.000,1.000
1.4337,0.34295,-0.56409,-0.75112,1.000,1.000
1.4476,0.34108,-0.56372,-0.75225,1.000,1.000
1.4618,0.33762,-0.56357,-0.75393,1.000,1.000
1.4752,0.33221,-0.56434,-0.75575,1.000,1.000
1.4897,0.32493,-0.56456,-0.75874,1.000,1.000
1.5033,0.31855,-0.56478,-0.76128,1.000,1.000
1.5173,0.31117,-0.56487,-0.76426,1.000,1.000
1.5312,0.30241,-0.56533,-0.76743,1.000,1.000
1.5450,0.29315,-0.56711,-0.76971,1.000,1.000
1.5587,0.28257,-0.57062,-0.77107,1.000,1.000
1.5729,0.27225,-0.57455,-0.77186,1.000,1.000
1.5870,0.26124,-0.57912,-0.77225,1.000,1.000
1.6012,0.24931,-0.58334,-0.77302,1.000,1.000
1.6155,0.23445,-0.58631,-0.77542,1.000,1.000
1.6289,0.21656,-0.58950,-0.77820,1.000,1.000
1.6457,0.19707,-0.59403,-0.77993,1.000,1.000
1.6567,0.18045,-0.59872,-0.78036,1.000,1.000
1.6722,0.16116,-0.60791,-0.77748,1.000,1.000
1.6862,0.14246,-0.61705,-0.77392,1.000,1.000
1.6992,0.12562,-0.62268,-0.77233,1.000,1.000
1.7135,0.11078,-0.62536,-0.77243,1.000,1.000
1.7269,0.09715,-0.62688,-0.77303,1.000,1.000
1.7404,0.08663,-0.62681,-0.77434,1.000,1.000
1.7547,0.07653,-0.62904,-0.77359,1.000,1.000
1.7684,0.06679,-0.63259,-0.77160,1.000,1.000
1.7822,0.05938,-0.63573,-0.76963,1.000,1.000
1.7959,0.05615,-0.63613,-0.76954,1.000,1.000
1.8103,0.05404,-0.63566,-0.77008,1.000,1.000
1.8239,0.05501,-0.63385,-0.77150,1.000,1.000
1.8376,0.05654,-0.63144,-0.77336,1.000,1.000
1.8518,0.05768,-0.63027,-0.77423,1.000,1.000
1.8654,0.05992,-0.63096,-0.77350,1.000,1.000
1.8791,0.06182,-0.63156,-0.77286,1.000,1.000
1.8935,0.06418,-0.63124,-0.77293,1.000,1.000
1.9071,0.06677,-0.62905,-0.77449,1.000,1.000
1.9212,0.06905,-0.62632,-0.77650,1.000,1.000
1.9346,0.07069,-0.62381,-0.77837,1.000,1.000
1.9488,0.07201,-0.62308,-0.77883,1.000,1.000
1.9627,0.07326,-0.62311,-0.77870,1.000,1.000
1.9769,0.07495,-0.62303,-0.77860,1.000,1.000
1.9909,0.07573,-0.62326,-0.77834,1.000,1.000
2.0047,0.07658,-0.62236,-0.77898,1.000,1.000
2.0182,0.07744,-0.62111,-0.77989,1.000,1.000
2.0323,0.07796,-0.61969,-0.78097,1.000,1.000
2.0463,0.07877,-0.61939,-0.78112,1.000,1.000
2.0601,0.07968,-0.61906,-0.78129,1.000,1.000
2.0745,0.07965,-0.61910,-0.78127,1.000,1.000
2.0881,0.07988,-0.61845,-0.78176,1.000,1.000
2.1023,0.07969,-0.61741,-0.78259,1.000,1.000
2.1160,0.07952,-0.61576,-0.78391,1.000,1.000
2.1303,0.07938,-0.61280,-0.78624,1.000,1.000
2.1440,0.07915,-0.61060,-0.78797,1.000,1.000
2.1576,0.07824,-0.60862,-0.78960,1.000,1.000
2.1719,0.07768,-0.60620,-0.79151,1.000,1.000
2.1857,0.07707,-0.60437,-0.79297,1.000,1.000
2.1998,0.07710,-0.60181,-0.79491,1.000,1.000
2.2139,0.07731,-0.59951,-0.79663,1.000,1.000
2.2276,0.07755,-0.59687,-0.79858,1.000,1.000
2.2415,0.07729,-0.59457,-0.80032,1.000,1.000
2.2552,0.07695,-0.59275,-0.80170,1.000,1.000
2.2691,0.07674,-0.59168,-0.80251,1.000,1.000
2.2832,0.07650,-0.59161,-0.80259,1.000,1.000
2.2970,0.07641,-0.59212,-0.80222,1.000,1.000
2.3112,0.07605,-0.59200,-0.80235,1.000,1.000
2.3247,0.07605,-0.59143,-0.80276,1.000,1.000
2.3385,0.07615,-0.58978,-0.80396,1.000,1.000
2.3530,0.07624,-0.58816,-0.80514,1.000,1.000
2.3669,0.07631,-0.58681,-0.80612,1.000,1.000
2.3813,0.07614,-0.58575,-0.80691,1.000,1.000
2.3946,0.07602,-0.58446,-0.80785,1.000,1.000
2.4087,0.07598,-0.58395,-0.80822,1.000,1.000
2.4224,0.07598,-0.58262,-0.80919,1.000,1.000
2.4369,0.07641,-0.58118,-0.81018,1.000,1.000
2.4503,0.07650,-0.57993,-0.81107,1.000,1.000
2.4643,0.07589,-0.57895,-0.81183,1.000,1.000
2.4780,0.07522,-0.57800,-0.81256,1.000,1.000
2.4924,0.07475,-0.57650,-0.81367,1.000,1.000
2.5059,0.07425,-0.57463,-0.81504,1.000,1.000
2.5194,0.07366,-0.57203,-0.81692,1.000,1.000
2.5339,0.07282,-0.56889,-0.81918,1.000,1.000
2.5485,0.07193,-0.56619,-0.82113,1.000,1.000
2.5618,0.07113,-0.56423,-0.82255,1.000,1.000
2.5754,0.06961,-0.56334,-0.82329,1.000,1.000
2.5896,0.06799,-0.56285,-0.82376,1.000,1.000
2.6035,0.06652,-0.56205,-0.82443,1.000,1.000
2.6169,0.06513,-0.56100,-0.82525,1.000,1.000
2.6310,0.06359,-0.55997,-0.82607,1.000,1.000
2.6455,0.06120,-0.55995,-0.82627,1.000,1.000
2.6613,0.05804,-0.56031,-0.82625,1.000,1.000
2.6732,0.05424,-0.56093,-0.82608,1.000,1.000
2.6868,0.05020,-0.56292,-0.82498,1.000,1.000
2.6997,0.04649,-0.56481,-0.82391,1.000,1.000
2.7143,0.04346,-0.56662,-0.82283,1.000,1.000
2.7279,0.04075,-0.56781,-0.82215,1.000,1.000
2.7417,0.03941,-0.56790,-0.82216,1.000,1.000
2.7557,0.03805,-0.56798,-0.82216,1.000,1.000
2.7703,0.03692,-0.56803,-0.82218,1.000,1.000
2.7841,0.03576,-0.56862,-0.82182,1.000,1.000
2.7977,0.03549,-0.56948,-0.82124,1.000,1.000
2.8117,0.03527,-0.56944,-0.82127,1.000,1.000
2.8260,0.03531,-0.56919,-0.82145,1.000,1.000
2.8400,0.03565,-0.56927,-0.82138,1.000,1.000
2.8535,0.03624,-0.56892,-0.82159,1.000,1.000
2.8678,0.03659,-0.56863,-0.82178,1.000,1.000
2.8814,0.03701,-0.56861,-0.82177,1.000,1.000
2.8953,0.03717,-0.56826,-0.82201,1.000,1.000
2.9093,0.03724,-0.56783,-0.82230,1.000,1.000
2.9231,0.03730,-0.56774,-0.82236,1.000,1.000
2.9368,0.03740,-0.56766,-0.82241,1.000,1.000
2.9512,0.03733,-0.56713,-0.82278,1.000,1.000
2.9652,0.03747,-0.56603,-0.82353,1.000,1.000
2.9790,0.03804,-0.56451,-0.82455,1.000,1.000
2.9928,0.03830,-0.56254,-0.82588,1.000,1.000
3.0068,0.03923,-0.56068,-0.82711,1.000,1.000
3.0207,0.04062,-0.55854,-0.82848,1.000,1.000
3.0349,0.04229,-0.55533,-0.83055,1.000,1.000
3.0489,0.04448,-0.55127,-0.83314,1.000,1.000
3.0629,0.04651,-0.54703,-0.83582,1.000,1.000
3.0762,0.04851,-0.54245,-0.83869,1.000,1.000
3.0902,0.05051,-0.53849,-0.84112,1.000,1.000
3.1041,0.05348,-0.53400,-0.84379,1.000,1.000
3.1177,0.05707,-0.52861,-0.84695,1.000,1.000
3.1320,0.06217,-0.52066,-0.85150,1.000,1.000
3.1461,0.06790,-0.51008,-0.85744,1.000,1.000
3.1600,0.07352,-0.49778,-0.86418,1.000,1.000
3.1738,0.07969,-0.48485,-0.87096,1.000,1.000
3.1877,0.08675,-0.46953,-0.87864,1.000,1.000
3.2019,0.09396,-0.45401,-0.88603,1.000,1.000
3.2156,0.10060,-0.43953,-0.89258,1.000,1.000
3.2295,0.10844,-0.42309,-0.89958,1.000,1.000
3.2434,0.11552,-0.40605,-0.90652,1.000,1.000
3.2572,0.12284,-0.38779,-0.91353,1.000,1.000
3.2711,0.12844,-0.37204,-0.91929,1.000,1.000
3.2852,0.13370,-0.35860,-0.92387,1.000,1.000
3.2997,0.13693,-0.34902,-0.92706,1.000,1.000
3.3135,0.13900,-0.34327,-0.92889,1.000,1.000
3.3276,0.13967,-0.34063,-0.92977,1.000,1.000
3.3412,0.13983,-0.33779,-0.93078,1.000,1.000
3.3548,0.13879,-0.33700,-0.93122,1.000,1.000
3.3688,0.13764,-0.33561,-0.93189,1.000,1.000
3.3833,0.13560,-0.33632,-0.93194,1.000,1.000
3.3967,0.13311,-0.33617,-0.93235,1.000,1.000
3.4110,0.13020,-0.33627,-0.93272,1.000,1.000
3.4247,0.12655,-0.33911,-0.93219,1.000,1.000
3.4387,0.12318,-0.34369,-0.93097,1.000,1.000
3.4529,0.12031,-0.34861,-0.92951,1.000,1.000
3.4668,0.11771,-0.35331,-0.92807,1.000,1.000
3.4800,0.11550,-0.35797,-0.92656,1.000,1.000
3.4946,0.11302,-0.36313,-0.92486,1.000,1.000
3.5083,0.11011,-0.36859,-0.92305,1.000,1.000
3.5220,0.10724,-0.37401,-0.92120,1.000,1.000
3.5359,0.10483,-0.37829,-0.91973,1.000,1.000
3.5499,0.10365,-0.38237,-0.91818,1.000,1.000
3.5641,0.10211,-0.38743,-0.91623,1.000,1.000
3.5777,0.10050,-0.39213,-0.91441,1.000,1.000
3.5915,0.09836,-0.39796,-0.91212,1.000,1.000
3.6057,0.09588,-0.40347,-0.90995,1.000,1.000
3.6194,0.09334,-0.40811,-0.90815,1.000,1.000
3.6334,0.09136,-0.41173,-0.90672,1.000,1.000
3.6473,0.09002,-0.41508,-0.90532,1.000,1.000
3.6616,0.08914,-0.41758,-0.90426,1.000,1.000
3.6757,0.08832,-0.42051,-0.90298,1.000,1.000
3.6894,0.08767,-0.42326,-0.90176,1.000,1.000
3.7030,0.08653,-0.42538,-0.90087,1.000,1.000
3.7165,0.08573,-0.42639,-0.90047,1.000,1.000
3.7306,0.08492,-0.42762,-0.89996,1.000,1.000
3.7449,0.08404,-0.42812,-0.89980,1.000,1.000
3.7587,0.08330,-0.42911,-0.89940,1.000,1.000
3.7728,0.08321,-0.42894,-0.89949,1.000,1.000
3.7866,0.08368,-0.42907,-0.89939,1.000,1.000
3.8004,0.08429,-0.42830,-0.89970,1.000,1.000
3.8146,0.08464,-0.42769,-0.89996,1.000,1.000
3.8286,0.08465,-0.42736,-0.90011,1.000,1.000
3.8423,0.08501,-0.42634,-0.90056,1.000,1.000
3.8562,0.08531,-0.42500,-0.90117,1.000,1.000
3.8698,0.08520,-0.42544,-0.90097,1.000,1.000
3.8839,0.08507,-0.42573,-0.90084,1.000,1.000
3.8978,0.08520,-0.42627,-0.90058,1.000,1.000
3.9123,0.08585,-0.42609,-0.90060,1.000,1.000
3.9257,0.08677,-0.42496,-0.90104,1.000,1.000
3.9396,0.08714,-0.42409,-0.90142,1.000,1.000
3.9536,0.08743,-0.42315,-0.90183,1.000,1.000
3.9677,0.08809,-0.42155,-0.90252,1.000,1.000
3.9815,0.08870,-0.41943,-0.90345,1.000,1.000
3.9949,0.08949,-0.41639,-0.90477,1.000,1.000
4.0091,0.09092,-0.41162,-0.90681,1.000,1.000
4.0236,0.09309,-0.40611,-0.90907,1.000,1.000
4.0379,0.09634,-0.39993,-0.91147,1.000,1.000
4.0513,0.09968,-0.39400,-0.91369,1.000,1.000
4.0648,0.10355,-0.38617,-0.91659,1.000,1.000
4.0785,0.10831,-0.37644,-0.92009,1.000,1.000
4.0929,0.11283,-0.36551,-0.92394,1.000,1.000
4.1065,0.11769,-0.35156,-0.92874,1.000,1.000
4.1204,0.12211,-0.33614,-0.93386,1.000,1.000
4.1344,0.12718,-0.31729,-0.93976,1.000,1.000
4.1488,0.13362,-0.29617,-0.94574,1.000,1.000
4.1625,0.14031,-0.27596,-0.95087,1.000,1.000
4.1761,0.14828,-0.25498,-0.95551,1.000,1.000
4.1912,0.15697,-0.23119,-0.96016,1.000,1.000
4.2044,0.16554,-0.20691,-0.96425,1.000,1.000
4.2181,0.17398,-0.18087,-0.96800,1.000,1.000
4.2320,0.18095,-0.16016,-0.97037,1.000,1.000
4.2457,0.18750,-0.14371,-0.97170,1.000,1.000
4.2599,0.19431,-0.13062,-0.97221,1.000,1.000
4.2738,0.20127,-0.11756,-0.97246,1.000,1.000
4.2875,0.20688,-0.10489,-0.97273,1.000,1.000
4.3014,0.21140,-0.09542,-0.97273,1.000,1.000
4.3151,0.21490,-0.08814,-0.97265,1.000,1.000
4.3298,0.21695,-0.08562,-0.97242,1.000,1.000
4.3434,0.21861,-0.08238,-0.97233,1.000,1.000
4.3571,0.21996,-0.07974,-0.97224,1.000,1.000
4.3719,0.22192,-0.07373,-0.97227,1.000,1.000
4.3853,0.22457,-0.06659,-0.97218,1.000,1.000
4.3988,0.22771,-0.05706,-0.97206,1.000,1.000
4.4130,0.23074,-0.04783,-0.97184,1.000,1.000
4.4273,0.23484,-0.03785,-0.97130,1.000,1.000
4.4412,0.23898,-0.02776,-0.97063,1.000,1.000
4.4549,0.24361,-0.01814,-0.96971,1.000,1.000
4.4687,0.24914,-0.00953,-0.96842,1.000,1.000
4.4825,0.25567,-0.00124,-0.96676,1.000,1.000
4.4965,0.26073,0.00405,-0.96540,1.000,1.000
4.5110,0.26504,0.00510,-0.96423,1.000,1.000
4.5244,0.26780,0.00373,-0.96347,1.000,1.000
4.5381,0.26980,-0.00285,-0.96291,1.000,1.000
4.5525,0.27004,-0.00807,-0.96282,1.000,1.000
4.5667,0.26781,-0.01151,-0.96340,1.000,1.000
4.5799,0.26424,-0.01251,-0.96438,1.000,1.000
4.5941,0.25685,-0.01301,-0.96636,1.000,1.000
4.6081,0.24449,-0.01616,-0.96952,1.000,1.000
4.6220,0.22866,-0.02255,-0.97325,1.000,1.000
4.6357,0.20987,-0.03102,-0.97724,1.000,1.000
4.6500,0.18683,-0.03927,-0.98161,1.000,1.000
4.6639,0.15793,-0.04189,-0.98656,1.000,1.000
4.6780,0.11543,-0.03869,-0.99256,1.000,1.000
4.6928,0.06356,-0.03163,-0.99748,1.000,1.000
4.7061,0.00951,-0.02947,-0.99952,1.000,1.000
4.7191,-0.05698,-0.02912,-0.99795,1.000,1.000
4.7335,-0.12473,-0.02715,-0.99182,1.000,1.000
4.7472,-0.19681,-0.02951,-0.98000,1.000,1.000
4.7608,-0.26325,-0.03848,-0.96396,1.000,1.000
4.7751,-0.32311,-0.05102,-0.94498,1.000,1.000
4.7888,-0.38018,-0.06866,-0.92236,1.000,1.000
4.8029,-0.43089,-0.07364,-0.89939,1.000,1.000
4.8169,-0.47540,-0.06809,-0.87713,1.000,1.000
4.8308,-0.51299,-0.05507,-0.85663,1.000,1.000
4.8445,-0.54582,-0.04354,-0.83677,1.000,1.000
4.8580,-0.57182,-0.03167,-0.81977,1.000,1.000
4.8726,-0.59466,-0.02390,-0.80363,1.000,1.000
4.8861,-0.61800,-0.01365,-0.78606,1.000,1.000
4.8999,-0.63856,0.00322,-0.76957,1.000,1.000
4.9146,-0.65777,0.02326,-0.75286,1.000,1.000
4.9282,-0.67178,0.04737,-0.73924,1.000,1.000
4.9423,-0.68491,0.06655,-0.72558,1.000,1.000
4.9561,-0.69745,0.08198,-0.71193,1.000,1.000
4.9700,-0.70711,0.09375,-0.70086,1.000,1.000
4.9841,-0.71134,0.10216,-0.69538,1.000,1.000
4.9976,-0.70964,0.10922,-0.69605,1.000,1.000
5.0116,-0.70100,0.11471,-0.70387,1.000,1.000
5.0255,-0.69057,0.11593,-0.71391,1.000,1.000
5.0393,-0.67940,0.11445,-0.72479,1.000,1.000
5.0535,-0.66863,0.11563,-0.73455,1.000,1.000
5.0672,-0.65167,0.11903,-0.74911,1.000,1.000
5.0814,-0.62964,0.12652,-0.76651,1.000,1.000
5.0951,-0.59545,0.13648,-0.79171,1.000,1.000
5.1092,-0.55632,0.14787,-0.81771,1.000,1.000
5.1232,-0.52003,0.15700,-0.83959,1.000,1.000
5.1371,-0.48483,0.16865,-0.85819,1.000,1.000
5.1511,-0.44445,0.18540,-0.87641,1.000,1.000
5.1653,-0.39082,0.20800,-0.89666,1.000,1.000
5.1785,-0.33401,0.23319,-0.91327,1.000,1.000
5.1933,-0.27398,0.26012,-0.92589,1.000,1.000
5.2074,-0.21414,0.28719,-0.93363,1.000,1.000
5.2207,-0.15281,0.31088,-0.93808,1.000,1.000
5.2348,-0.08591,0.32977,-0.94014,1.000,1.000
5.2488,-0.02140,0.34113,-0.93977,1.000,1.000
5.2630,0.03840,0.34480,-0.93789,1.000,1.000
5.2769,0.09811,0.33453,-0.93726,1.000,1.000
5.2914,0.15695,0.31812,-0.93497,1.000,1.000
5.3051,0.21264,0.30638,-0.92786,1.000,1.000
5.3191,0.25462,0.27679,-0.92658,1.000,1.000
5.3332,0.29412,0.25885,-0.92005,1.000,1.000
5.3471,0.32452,0.23447,-0.91636,1.000,1.000
5.3606,0.35328,0.20788,-0.91213,1.000,1.000
5.3747,0.37007,0.17785,-0.91182,1.000,1.000
5.3889,0.37993,0.14601,-0.91342,1.000,1.000
5.4032,0.38415,0.11269,-0.91637,1.000,1.000
5.4165,0.38775,0.07799,-0.91846,1.000,1.000
5.4308,0.38993,0.04452,-0.91977,1.000,1.000
5.4446,0.38737,0.01097,-0.92186,1.000,1.000
5.4584,0.38188,-0.01913,-0.92402,1.000,1.000
5.4727,0.37381,-0.04948,-0.92619,1.000,1.000
5.4863,0.36070,-0.08335,-0.92895,1.000,1.000
5.5001,0.34525,-0.11929,-0.93090,1.000,1.000
5.5143,0.32042,-0.16114,-0.93347,1.000,1.000
5.5284,0.29962,-0.19280,-0.93437,1.000,1.000
5.5420,0.27756,-0.21788,-0.93568,1.000,1.000
5.5556,0.25517,-0.23818,-0.93710,1.000,1.000
5.5699,0.23325,-0.25389,-0.93869,1.000,1.000
5.5840,0.21190,-0.27244,-0.93855,1.000,1.000
5.5975,0.18808,-0.29582,-0.93654,1.000,1.000
5.6118,0.16477,-0.31272,-0.93544,1.000,1.000
5.6258,0.14624,-0.31946,-0.93625,1.000,1.000
5.6398,0.13286,-0.31843,-0.93859,1.000,1.000
5.6532,0.12053,-0.32111,-0.93934,1.000,1.000
5.6672,0.10750,-0.32935,-0.93807,1.000,1.000
5.6814,0.09904,-0.33953,-0.93537,1.000,1.000
5.6952,0.09024,-0.34817,-0.93308,1.000,1.000
5.7117,0.08881,-0.34845,-0.93311,1.000,1.000
5.7249,0.08430,-0.35054,-0.93275,1.000,1.000
5.7364,0.08233,-0.35121,-0.93267,1.000,1.000
5.7523,0.07935,-0.35535,-0.93136,1.000,1.000
5.7661,0.07460,-0.36262,-0.92895,1.000,1.000
5.7787,0.07037,-0.37158,-0.92573,1.000,1.000
5.7927,0.06717,-0.37745,-0.92359,1.000,1.000
5.8064,0.06537,-0.37891,-0.92312,1.000,1.000
5.8199,0.06529,-0.37651,-0.92411,1.000,1.000
5.8342,0.06465,-0.37223,-0.92589,1.000,1.000
5.8478,0.06239,-0.36792,-0.92776,1.000,1.000
5.8619,0.05851,-0.36276,-0.93005,1.000,1.000
5.8750,0.05487,-0.35861,-0.93187,1.000,1.000
5.8887,0.05224,-0.35421,-0.93371,1.000,1.000
5.9028,0.05129,-0.34987,-0.93539,1.000,1.000
5.9164,0.05099,-0.34451,-0.93740,1.000,1.000
5.9306,0.05061,-0.33946,-0.93926,1.000,1.000
5.9442,0.04996,-0.33426,-0.94116,1.000,1.000
5.9582,0.04889,-0.32858,-0.94321,1.000,1.000
5.9723,0.04820,-0.32234,-0.94540,1.000,1.000
5.9862,0.04826,-0.31408,-0.94817,1.000,1.000
5.9998,0.04903,-0.30398,-0.95142,1.000,1.000
6.0143,0.04947,-0.29418,-0.95447,1.000,1.000
6.0278,0.04924,-0.28778,-0.95643,1.000,1.000
6.0418,0.04873,-0.28238,-0.95806,1.000,1.000
6.0557,0.04744,-0.27886,-0.95916,1.000,1.000
6.0697,0.04553,-0.27481,-0.96042,1.000,1.000
6.0835,0.04244,-0.26895,-0.96222,1.000,1.000
6.0970,0.03945,-0.26077,-0.96459,1.000,1.000
6.1124,0.03594,-0.25224,-0.96700,1.000,1.000
6.1252,0.03243,-0.24317,-0.96944,1.000,1.000
6.1386,0.02921,-0.23266,-0.97212,1.000,1.000
6.1533,0.02681,-0.22015,-0.97510,1.000,1.000
6.1669,0.02422,-0.20642,-0.97816,1.000,1.000
6.1803,0.02156,-0.19381,-0.98080,1.000,1.000
6.1949,0.01828,-0.17984,-0.98353,1.000,1.000
6.2086,0.01631,-0.16636,-0.98593,1.000,1.000
6.2225,0.01479,-0.15446,-0.98789,1.000,1.000
6.2360,0.01509,-0.14451,-0.98939,1.000,1.000
6.2500,0.01469,-0.13561,-0.99065,1.000,1.000
6.2641,0.01463,-0.12614,-0.99191,1.000,1.000
6.2783,0.01483,-0.11679,-0.99305,1.000,1.000
6.2932,0.01517,-0.10810,-0.99402,1.000,1.000
6.3062,0.01518,-0.10128,-0.99474,1.000,1.000
6.3196,0.01552,-0.09592,-0.99527,1.000,1.000
6.3339,0.01534,-0.09271,-0.99558,1.000,1.000
6.3480,0.01471,-0.09198,-0.99565,1.000,1.000
6.3616,0.01422,-0.09231,-0.99563,1.000,1.000
6.3753,0.01361,-0.09189,-0.99568,1.000,1.000
6.3898,0.01348,-0.09151,-0.99571,1.000,1.000
6.4037,0.01302,-0.09141,-0.99573,1.000,1.000
6.4172,0.01283,-0.09100,-0.99577,1.000,1.000
6.4319,0.01254,-0.09269,-0.99562,1.000,1.000
6.4457,0.01227,-0.09489,-0.99541,1.000,1.000
6.4592,0.01207,-0.09693,-0.99522,1.000,1.000
6.4735,0.01167,-0.09898,-0.99502,1.000,1.000
6.4870,0.01123,-0.10106,-0.99482,1.000,1.000
6.5013,0.01048,-0.10305,-0.99462,1.000,1.000
6.5151,0.00954,-0.10456,-0.99447,1.000,1.000
6.5296,0.00839,-0.10455,-0.99448,1.000,1.000
6.5431,0.00807,-0.10453,-0.99449,1.000,1.000
6.5563,0.00763,-0.10486,-0.99446,1.000,1.000
6.5706,0.00765,-0.10534,-0.99441,1.000,1.000
6.5847,0.00799,-0.10588,-0.99435,1.000,1.000
6.5985,0.00894,-0.10748,-0.99417,1.000,1.000
6.6128,0.01046,-0.10954,-0.99393,1.000,1.000
6.6264,0.01169,-0.11105,-0.99375,1.000,1.000
6.6398,0.01234,-0.11163,-0.99367,1.000,1.000
6.6540,0.01242,-0.11199,-0.99363,1.000,1.000
6.6679,0.01223,-0.11364,-0.99345,1.000,1.000
6.6817,0.01237,-0.11666,-0.99310,1.000,1.000
6.6962,0.01306,-0.12027,-0.99266,1.000,1.000
6.7101,0.01453,-0.12235,-0.99238,1.000,1.000
6.7241,0.01636,-0.12358,-0.99220,1.000,1.000
6.7389,0.01904,-0.12515,-0.99196,1.000,1.000
6.7522,0.02248,-0.12677,-0.99168,1.000,1.000
6.7654,0.02563,-0.12982,-0.99121,1.000,1.000
6.7787,0.02807,-0.13369,-0.99063,1.000,1.000
6.7930,0.03025,-0.13754,-0.99003,1.000,1.000
6.8069,0.03263,-0.14195,-0.98934,1.000,1.000
6.8207,0.03523,-0.14721,-0.98848,1.000,1.000
6.8348,0.03864,-0.15290,-0.98749,1.000,1.000
6.8486,0.04149,-0.15924,-0.98637,1.000,1.000
6.8628,0.04412,-0.16438,-0.98541,1.000,1.000
6.8765,0.04664,-0.16705,-0.98484,1.000,1.000
6.8912,0.04945,-0.16921,-0.98434,1.000,1.000
6.9046,0.05251,-0.17222,-0.98366,1.000,1.000
6.9185,0.05614,-0.17793,-0.98244,1.000,1.000
6.9328,0.05891,-0.18557,-0.98086,1.000,1.000
6.9467,0.05987,-0.19603,-0.97877,1.000,1.000
6.9601,0.05957,-0.20477,-0.97700,1.000,1.000
6.9744,0.05973,-0.21032,-0.97581,1.000,1.000
6.9888,0.06035,-0.21361,-0.97505,1.000,1.000
7.0024,0.06122,-0.21577,-0.97452,1.000,1.000
7.0156,0.06188,-0.22028,-0.97347,1.000,1.000
7.0303,0.06284,-0.22672,-0.97193,1.000,1.000
7.0441,0.06375,-0.23274,-0.97045,1.000,1.000
7.0576,0.06540,-0.23791,-0.96908,1.000,1.000
7.0716,0.06699,-0.24140,-0.96811,1.000,1.000
7.0857,0.06801,-0.24414,-0.96735,1.000,1.000
7.0993,0.06902,-0.24585,-0.96685,1.000,1.000
7.1136,0.06965,-0.24812,-0.96622,1.000,1.000
7.1275,0.07038,-0.25024,-0.96562,1.000,1.000
7.1413,0.07099,-0.25213,-0.96509,1.000,1.000
7.1550,0.07150,-0.25349,-0.96469,1.000,1.000
7.1692,0.07162,-0.25500,-0.96428,1.000,1.000
7.1832,0.07190,-0.25614,-0.96396,1.000,1.000
7.1966,0.07228,-0.25747,-0.96358,1.000,1.000
7.2112,0.07245,-0.25829,-0.96335,1.000,1.000
7.2248,0.07215,-0.25905,-0.96317,1.000,1.000
7.2388,0.07229,-0.25817,-0.96339,1.000,1.000
7.2526,0.07224,-0.25799,-0.96344,1.000,1.000
7.2666,0.07177,-0.25832,-0.96339,1.000,1.000
7.2805,0.07099,-0.26030,-0.96291,1.000,1.000
7.2944,0.07011,-0.26308,-0.96222,1.000,1.000
7.3085,0.06953,-0.26593,-0.96148,1.000,1.000
7.3223,0.06940,-0.26794,-0.96093,1.000,1.000
7.3360,0.06873,-0.27010,-0.96038,1.000,1.000
7.3504,0.06840,-0.27223,-0.95980,1.000,1.000
7.3644,0.06803,-0.27327,-0.95953,1.000,1.000
7.3778,0.06829,-0.27391,-0.95933,1.000,1.000
7.3922,0.06848,-0.27429,-0.95921,1.000,1.000
7.4061,0.06841,-0.27504,-0.95899,1.000,1.000
7.4196,0.06861,-0.27617,-0.95866,1.000,1.000
7.4338,0.06888,-0.27795,-0.95812,1.000,1.000
7.4476,0.06914,-0.27902,-0.95779,1.000,1.000
7.4616,0.06970,-0.28003,-0.95746,1.000,1.000
7.4753,0.06965,-0.28147,-0.95704,1.000,1.000
7.4892,0.06934,-0.28319,-0.95655,1.000,1.000
7.5032,0.06871,-0.28514,-0.95602,1.000,1.000
7.5171,0.06792,-0.28731,-0.95543,1.000,1.000
7.5315,0.06721,-0.28913,-0.95493,1.000,1.000
7.5452,0.06699,-0.28979,-0.95474,1.000,1.000
7.5586,0.06595,-0.29073,-0.95453,1.000,1.000
7.5728,0.06464,-0.29139,-0.95442,1.000,1.000
7.5870,0.06343,-0.29236,-0.95420,1.000,1.000
7.6006,0.06234,-0.29225,-0.95431,1.000,1.000
7.6147,0.06153,-0.29234,-0.95433,1.000,1.000
7.6286,0.06096,-0.29130,-0.95469,1.000,1.000
7.6426,0.06104,-0.29042,-0.95495,1.000,1.000
7.6565,0.06098,-0.29053,-0.95492,1.000,1.000
7.6703,0.06129,-0.29048,-0.95492,1.000,1.000
7.6844,0.06139,-0.29054,-0.95489,1.000,1.000
7.6982,0.06169,-0.28994,-0.95505,1.000,1.000
7.7124,0.06208,-0.28877,-0.95538,1.000,1.000
7.7263,0.06251,-0.28792,-0.95561,1.000,1.000
7.7398,0.06242,-0.28661,-0.95601,1.000,1.000
7.7590,0.06253,-0.28406,-0.95676,1.000,1.000
7.7702,0.06237,-0.28277,-0.95716,1.000,1.000
7.7833,0.06192,-0.28107,-0.95769,1.000,1.000
7.7965,0.06113,-0.27922,-0.95828,1.000,1.000
7.8107,0.06055,-0.27651,-0.95910,1.000,1.000
7.8242,0.06005,-0.27293,-0.96016,1.000,1.000
7.8381,0.05984,-0.26839,-0.96145,1.000,1.000
7.8513,0.05986,-0.26340,-0.96283,1.000,1.000
7.8655,0.06034,-0.25776,-0.96433,1.000,1.000
7.8791,0.06104,-0.25050,-0.96619,1.000,1.000
7.8934,0.06135,-0.24176,-0.96840,1.000,1.000
7.9069,0.06116,-0.23142,-0.97093,1.000,1.000
7.9204,0.06043,-0.22089,-0.97343,1.000,1.000
7.9347,0.05916,-0.21132,-0.97563,1.000,1.000
7.9487,0.05768,-0.20407,-0.97726,1.000,1.000
7.9624,0.05614,-0.19732,-0.97873,1.000,1.000
7.9762,0.05452,-0.19204,-0.97987,1.000,1.000
7.9906,0.05369,-0.18514,-0.98125,1.000,1.000
8.0041,0.05279,-0.17688,-0.98282,1.000,1.000
8.0179,0.05187,-0.16831,-0.98437,1.000,1.000
8.0320,0.05083,-0.16100,-0.98564,1.000,1.000
8.0456,0.04995,-0.15538,-0.98659,1.000,1.000
8.0595,0.04895,-0.15166,-0.98722,1.000,1.000
8.0742,0.04827,-0.14818,-0.98778,1.000,1.000
8.0874,0.04787,-0.14427,-0.98838,1.000,1.000
8.1015,0.04812,-0.13965,-0.98903,1.000,1.000
8.1152,0.04808,-0.13407,-0.98980,1.000,1.000
8.1295,0.04840,-0.12688,-0.99074,1.000,1.000
8.1431,0.04863,-0.11944,-0.99165,1.000,1.000
8.1569,0.04868,-0.11367,-0.99233,1.000,1.000
8.1711,0.04902,-0.11017,-0.99270,1.000,1.000
8.1852,0.04855,-0.10721,-0.99305,1.000,1.000
8.1986,0.04772,-0.10464,-0.99337,1.000,1.000
8.2128,0.04698,-0.10132,-0.99374,1.000,1.000
8.2269,0.04604,-0.09736,-0.99418,1.000,1.000
8.2407,0.04557,-0.09446,-0.99449,1.000,1.000
8.2549,0.04504,-0.09125,-0.99481,1.000,1.000
8.2688,0.04456,-0.08853,-0.99508,1.000,1.000
8.2826,0.04395,-0.08518,-0.99540,1.000,1.000
8.2965,0.04319,-0.08229,-0.99567,1.000,1.000
8.3110,0.04285,-0.07967,-0.99590,1.000,1.000
8.3244,0.04257,-0.07769,-0.99607,1.000,1.000
8.3379,0.04235,-0.07630,-0.99619,1.000,1.000
8.3523,0.04181,-0.07529,-0.99628,1.000,1.000
8.3664,0.04136,-0.07464,-0.99635,1.000,1.000
8.3799,0.04069,-0.07402,-0.99643,1.000,1.000
8.3940,0.04048,-0.07271,-0.99653,1.000,1.000
8.4083,0.04040,-0.07228,-0.99657,1.000,1.000
8.4221,0.04025,-0.07242,-0.99656,1.000,1.000
8.4356,0.04040,-0.07227,-0.99657,1.000,1.000
8.4496,0.04071,-0.07318,-0.99649,1.000,1.000
8.4635,0.04075,-0.07395,-0.99643,1.000,1.000
8.4775,0.04070,-0.07372,-0.99645,1.000,1.000
8.4918,0.04072,-0.07407,-0.99642,1.000,1.000
8.5055,0.04087,-0.07387,-0.99643,1.000,1.000
8.5191,0.04077,-0.07354,-0.99646,1.000,1.000
8.5333,0.04068,-0.07269,-0.99652,1.000,1.000
8.5483,0.04068,-0.07282,-0.99652,1.000,1.000
8.5612,0.04047,-0.07279,-0.99653,1.000,1.000
8.5748,0.04021,-0.07322,-0.99651,1.000,1.000
8.5890,0.04008,-0.07439,-0.99642,1.000,1.000
8.6031,0.04033,-0.07569,-0.99632,1.000,1.000
8.6169,0.04089,-0.07677,-0.99621,1.000,1.000
8.6309,0.04133,-0.07744,-0.99614,1.000,1.000
8.6448,0.04131,-0.07740,-0.99614,1.000,1.000
8.6587,0.04126,-0.07812,-0.99609,1.000,1.000
8.6727,0.04110,-0.07883,-0.99604,1.000,1.000
8.6864,0.04092,-0.07907,-0.99603,1.000,1.000
8.7001,0.04059,-0.07959,-0.99600,1.000,1.000
8.7147,0.04065,-0.07882,-0.99606,1.000,1.000
8.7286,0.04077,-0.07849,-0.99608,1.000,1.000
8.7421,0.04090,-0.07780,-0.99613,1.000,1.000
8.7561,0.04139,-0.07659,-0.99620,1.000,1.000
8.7710,0.04211,-0.07658,-0.99617,1.000,1.000
8.7847,0.04299,-0.07733,-0.99608,1.000,1.000
8.7977,0.04408,-0.07835,-0.99595,1.000,1.000
8.8119,0.04586,-0.07887,-0.99583,1.000,1.000
8.8258,0.04689,-0.07961,-0.99572,1.000,1.000
8.8394,0.04818,-0.08017,-0.99562,1.000,1.000
8.8538,0.04962,-0.08147,-0.99544,1.000,1.000
8.8677,0.05208,-0.08343,-0.99515,1.000,1.000
8.8819,0.05514,-0.08600,-0.99477,1.000,1.000
8.8949,0.05870,-0.08876,-0.99432,1.000,1.000
8.9098,0.06213,-0.09056,-0.99395,1.000,1.000
8.9230,0.06522,-0.09257,-0.99357,1.000,1.000
8.9369,0.06887,-0.09430,-0.99316,1.000,1.000
8.9516,0.07285,-0.09598,-0.99271,1.000,1.000
8.9654,0.07674,-0.09763,-0.99226,1.000,1.000
8.9785,0.08090,-0.09918,-0.99178,1.000,1.000
8.9927,0.08542,-0.10113,-0.99120,1.000,1.000
9.0067,0.08978,-0.10368,-0.99055,1.000,1.000
9.0206,0.09452,-0.10694,-0.98976,1.000,1.000
9.0346,0.09955,-0.10989,-0.98895,1.000,1.000
9.0487,0.10526,-0.11243,-0.98807,1.000,1.000
9.0628,0.11181,-0.11510,-0.98704,1.000,1.000
9.0763,0.11874,-0.11728,-0.98597,1.000,1.000
9.0907,0.12493,-0.11888,-0.98502,1.000,1.000
9.1049,0.13085,-0.12034,-0.98407,1.000,1.000
9.1181,0.13689,-0.12170,-0.98308,1.000,1.000
9.1326,0.14264,-0.12401,-0.98198,1.000,1.000
9.1464,0.14820,-0.12704,-0.98076,1.000,1.000
9.1598,0.15446,-0.13054,-0.97934,1.000,1.000
9.1738,0.16102,-0.13327,-0.97791,1.000,1.000
9.1879,0.16737,-0.13645,-0.97641,1.000,1.000
9.2020,0.17277,-0.13933,-0.97506,1.000,1.000
9.2153,0.17679,-0.14191,-0.97396,1.000,1.000
9.2295,0.18100,-0.14339,-0.97298,1.000,1.000
9.2434,0.18401,-0.14436,-0.97227,1.000,1.000
9.2573,0.18679,-0.14529,-0.97160,1.000,1.000
9.2715,0.18911,-0.14733,-0.97084,1.000,1.000
9.2853,0.19012,-0.14966,-0.97029,1.000,1.000
9.2992,0.19023,-0.15205,-0.96989,1.000,1.000
9.3133,0.18965,-0.15385,-0.96972,1.000,1.000
9.3277,0.18838,-0.15469,-0.96984,1.000,1.000
9.3412,0.18686,-0.15521,-0.97005,1.000,1.000
9.3547,0.18539,-0.15582,-0.97023,1.000,1.000
9.3693,0.18284,-0.15716,-0.97050,1.000,1.000
9.3836,0.17937,-0.15879,-0.97088,1.000,1.000
9.3967,0.17566,-0.16012,-0.97134,1.000,1.000
9.4106,0.17217,-0.16058,-0.97189,1.000,1.000
9.4247,0.16878,-0.16083,-0.97244,1.000,1.000
9.4391,0.16576,-0.16113,-0.97291,1.000,1.000
9.4527,0.16288,-0.16178,-0.97329,1.000,1.000
9.4664,0.15978,-0.16220,-0.97374,1.000,1.000
9.4803,0.15660,-0.16241,-0.97422,1.000,1.000
9.4942,0.15389,-0.16327,-0.97450,1.000,1.000
9.5081,0.15124,-0.16409,-0.97478,1.000,1.000
9.5221,0.14807,-0.16513,-0.97509,1.000,1.000
9.5358,0.14428,-0.16584,-0.97554,1.000,1.000
9.5502,0.13990,-0.16590,-0.97617,1.000,1.000
9.5640,0.13560,-0.16626,-0.97671,1.000,1.000
9.5775,0.13148,-0.16768,-0.97703,1.000,1.000
9.5916,0.12762,-0.16962,-0.97721,1.000,1.000
9.6060,0.12458,-0.17160,-0.97726,1.000,1.000
9.6200,0.12208,-0.17265,-0.97739,1.000,1.000
9.6336,0.11966,-0.17261,-0.97770,1.000,1.000
9.6472,0.11733,-0.17248,-0.97800,1.000,1.000
9.6617,0.11518,-0.17256,-0.97824,1.000,1.000
9.6753,0.11296,-0.17377,-0.97829,1.000,1.000
9.6895,0.10993,-0.17545,-0.97833,1.000,1.000
9.7036,0.10578,-0.17697,-0.97852,1.000,1.000
9.7167,0.10182,-0.17856,-0.97865,1.000,1.000
9.7309,0.09754,-0.18042,-0.97874,1.000,1.000
9.7448,0.09384,-0.18260,-0.97870,1.000,1.000
9.7587,0.09033,-0.18405,-0.97876,1.000,1.000
9.7730,0.08761,-0.18479,-0.97887,1.000,1.000
9.7869,0.08502,-0.18477,-0.97910,1.000,1.000
9.8004,0.08245,-0.18505,-0.97927,1.000,1.000
9.8148,0.07974,-0.18558,-0.97939,1.000,1.000
9.8287,0.07714,-0.18697,-0.97933,1.000,1.000
9.8422,0.07498,-0.18939,-0.97904,1.000,1.000
9.8560,0.07302,-0.19172,-0.97873,1.000,1.000
9.8701,0.07127,-0.19321,-0.97857,1.000,1.000
9.8840,0.06936,-0.19370,-0.97861,1.000,1.000
9.8978,0.06787,-0.19342,-0.97877,1.000,1.000
9.9121,0.06621,-0.19307,-0.97895,1.000,1.000
9.9257,0.06405,-0.19386,-0.97894,1.000,1.000
9.9397,0.06270,-0.19450,-0.97890,1.000,1.000
9.9538,0.06112,-0.19540,-0.97882,1.000,1.000
9.9678,0.05965,-0.19676,-0.97864,1.000,1.000
9.9820,0.05811,-0.19730,-0.97862,1.000,1.000
9.9954,0.05633,-0.19809,-0.97856,1.000,1.000
10.0094,0.05478,-0.19876,-0.97852,1.000,1.000
10.0233,0.05381,-0.19991,-0.97834,1.000,1.000
10.0376,0.05323,-0.20064,-0.97822,1.000,1.000
10.0512,0.05258,-0.20132,-0.97811,1.000,1.000
10.0650,0.05173,-0.20155,-0.97811,1.000,1.000
10.0787,0.05061,-0.20197,-0.97808,1.000,1.000
10.0933,0.04985,-0.20278,-0.97795,1.000,1.000
10.1069,0.04924,-0.20365,-0.97780,1.000,1.000
10.1204,0.04958,-0.20432,-0.97765,1.000,1.000
10.1348,0.04984,-0.20399,-0.97770,1.000,1.000
10.1485,0.05001,-0.20400,-0.97769,1.000,1.000
10.1623,0.05008,-0.20470,-0.97754,1.000,1.000
10.1766,0.05004,-0.20567,-0.97734,1.000,1.000
10.1904,0.04947,-0.20627,-0.97724,1.000,1.000
10.2042,0.04902,-0.20676,-0.97716,1.000,1.000
10.2181,0.04851,-0.20756,-0.97702,1.000,1.000
10.2319,0.04843,-0.20849,-0.97683,1.000,1.000
10.2458,0.04872,-0.20999,-0.97649,1.000,1.000
10.2600,0.04900,-0.21236,-0.97596,1.000,1.000
10.2740,0.04924,-0.21447,-0.97549,1.000,1.000
10.2881,0.04964,-0.21570,-0.97520,1.000,1.000
10.3016,0.05014,-0.21683,-0.97492,1.000,1.000
10.3159,0.05129,-0.21716,-0.97479,1.000,1.000
10.3303,0.05212,-0.21827,-0.97450,1.000,1.000
10.3435,0.05234,-0.21981,-0.97414,1.000,1.000
10.3572,0.05205,-0.22109,-0.97386,1.000,1.000
10.3714,0.05140,-0.22230,-0.97362,1.000,1.000
10.3854,0.05113,-0.22326,-0.97342,1.000,1.000
10.3990,0.05098,-0.22398,-0.97326,1.000,1.000
10.4135,0.05109,-0.22416,-0.97321,1.000,1.000
10.4271,0.05095,-0.22313,-0.97346,1.000,1.000
10.4416,0.05061,-0.22201,-0.97373,1.000,1.000
10.4551,0.05072,-0.22224,-0.97367,1.000,1.000
10.4693,0.05054,-0.22257,-0.97361,1.000,1.000
10.4834,0.05044,-0.22333,-0.97344,1.000,1.000
10.4964,0.05033,-0.22360,-0.97338,1.000,1.000
10.5113,0.05024,-0.22368,-0.97337,1.000,1.000
10.5249,0.05008,-0.22355,-0.97341,1.000,1.000
10.5380,0.04938,-0.22406,-0.97332,1.000,1.000
10.5529,0.04885,-0.22483,-0.97317,1.000,1.000
10.5663,0.04855,-0.22585,-0.97295,1.000,1.000
10.5797,0.04859,-0.22623,-0.97286,1.000,1.000
10.5939,0.04907,-0.22550,-0.97301,1.000,1.000
10.6079,0.04955,-0.22496,-0.97311,1.000,1.000
10.6221,0.05095,-0.22337,-0.97340,1.000,1.000
10.6356,0.05200,-0.22286,-0.97346,1.000,1.000
10.6498,0.05241,-0.22259,-0.97350,1.000,1.000
10.6637,0.05257,-0.22226,-0.97357,1.000,1.000
10.6773,0.05293,-0.22157,-0.97371,1.000,1.000
10.6917,0.05307,-0.22082,-0.97387,1.000,1.000
10.7054,0.05342,-0.22041,-0.97394,1.000,1.000
10.7194,0.05409,-0.22077,-0.97383,1.000,1.000
10.7334,0.05489,-0.22114,-0.97370,1.000,1.000
10.7477,0.05567,-0.22129,-0.97362,1.000,1.000
10.7614,0.05627,-0.22090,-0.97367,1.000,1.000
10.7748,0.05637,-0.22036,-0.97379,1.000,1.000
10.7894,0.05596,-0.21989,-0.97392,1.000,1.000
10.8031,0.05601,-0.21997,-0.97390,1.000,1.000
10.8183,0.05592,-0.22018,-0.97386,1.000,1.000
10.8308,0.05591,-0.22024,-0.97384,1.000,1.000
10.8450,0.05582,-0.22012,-0.97388,1.000,1.000
10.8576,0.05561,-0.21957,-0.97401,1.000,1.000
10.8715,0.05611,-0.21904,-0.97410,1.000,1.000
10.8855,0.05663,-0.21876,-0.97413,1.000,1.000
10.8993,0.05720,-0.21900,-0.97405,1.000,1.000
10.9137,0.05796,-0.22013,-0.97375,1.000,1.000
10.9279,0.05893,-0.22070,-0.97356,1.000,1.000
10.9417,0.06043,-0.22104,-0.97339,1.000,1.000
10.9551,0.06152,-0.22148,-0.97322,1.000,1.000
10.9699,0.06190,-0.22232,-0.97301,1.000,1.000
10.9839,0.06231,-0.22337,-0.97274,1.000,1.000
10.9969,0.06265,-0.22564,-0.97219,1.000,1.000
11.0113,0.06317,-0.22774,-0.97167,1.000,1.000
11.0251,0.06352,-0.23040,-0.97102,1.000,1.000
11.0388,0.06341,-0.23260,-0.97050,1.000,1.000
11.0529,0.06336,-0.23443,-0.97007,1.000,1.000
11.0669,0.06308,-0.23596,-0.96971,1.000,1.000
11.0805,0.06315,-0.23794,-0.96922,1.000,1.000
11.0951,0.06312,-0.23999,-0.96872,1.000,1.000
11.1089,0.06298,-0.24213,-0.96820,1.000,1.000
11.1229,0.06247,-0.24469,-0.96759,1.000,1.000
11.1364,0.06196,-0.24677,-0.96709,1.000,1.000
11.1508,0.06154,-0.24858,-0.96666,1.000,1.000
11.1646,0.06124,-0.25012,-0.96628,1.000,1.000
11.1781,0.06072,-0.25294,-0.96557,1.000,1.000
11.1922,0.06027,-0.25593,-0.96481,1.000,1.000
11.2062,0.06012,-0.25811,-0.96424,1.000,1.000
11.2202,0.05965,-0.25953,-0.96389,1.000,1.000
11.2341,0.05926,-0.26030,-0.96371,1.000,1.000
11.2481,0.05945,-0.26044,-0.96366,1.000,1.000
11.2624,0.05958,-0.26062,-0.96360,1.000,1.000
11.2757,0.05970,-0.26134,-0.96340,1.000,1.000
11.2898,0.05980,-0.26212,-0.96318,1.000,1.000
11.3037,0.05997,-0.26345,-0.96281,1.000,1.000
11.3175,0.06047,-0.26527,-0.96228,1.000,1.000
11.3317,0.06052,-0.26737,-0.96169,1.000,1.000
11.3457,0.06093,-0.26982,-0.96098,1.000,1.000
11.3592,0.06102,-0.27138,-0.96054,1.000,1.000
11.3737,0.06091,-0.27180,-0.96043,1.000,1.000
11.3877,0.06034,-0.27211,-0.96037,1.000,1.000
11.4014,0.05991,-0.27266,-0.96024,1.000,1.000
11.4150,0.05957,-0.27397,-0.95989,1.000,1.000
11.4290,0.05969,-0.27530,-0.95950,1.000,1.000
11.4430,0.06066,-0.27547,-0.95939,1.000,1.000
11.4574,0.06161,-0.27540,-0.95935,1.000,1.000
11.4715,0.06276,-0.27546,-0.95926,1.000,1.000
11.4850,0.06331,-0.27601,-0.95907,1.000,1.000
11.4989,0.06351,-0.27693,-0.95879,1.000,1.000
11.5131,0.06379,-0.27776,-0.95853,1.000,1.000
11.5266,0.06373,-0.27864,-0.95828,1.000,1.000
11.5407,0.06402,-0.27868,-0.95825,1.000,1.000
11.5544,0.06468,-0.27815,-0.95836,1.000,1.000
11.5689,0.06525,-0.27798,-0.95837,1.000,1.000
11.5824,0.06580,-0.27812,-0.95829,1.000,1.000
11.5962,0.06578,-0.27889,-0.95807,1.000,1.000
11.6101,0.06569,-0.27947,-0.95791,1.000,1.000
11.6244,0.06548,-0.27919,-0.95800,1.000,1.000
11.6384,0.06554,-0.27863,-0.95816,1.000,1.000
11.6520,0.06546,-0.27761,-0.95846,1.000,1.000
11.6658,0.06516,-0.27654,-0.95879,1.000,1.000
11.6802,0.06444,-0.27664,-0.95881,1.000,1.000
11.6936,0.06344,-0.27713,-0.95873,1.000,1.000
11.7076,0.06227,-0.27627,-0.95906,1.000,1.000
11.7215,0.06111,-0.27514,-0.95946,1.000,1.000
11.7356,0.05942,-0.27347,-0.96005,1.000,1.000
11.7494,0.05688,-0.27186,-0.96065,1.000,1.000
11.7635,0.05360,-0.26994,-0.96138,1.000,1.000
11.7770,0.04835,-0.26728,-0.96240,1.000,1.000
11.7916,0.04227,-0.26361,-0.96370,1.000,1.000
11.8052,0.03510,-0.25906,-0.96522,1.000,1.000
11.8191,0.02478,-0.25179,-0.96747,1.000,1.000
11.8332,0.01015,-0.24342,-0.96987,1.000,1.000
11.8471,-0.00867,-0.23366,-0.97228,1.000,1.000
11.8621,-0.03323,-0.22089,-0.97473,1.000,1.000
11.8744,-0.05861,-0.20705,-0.97657,1.000,1.000
11.8881,-0.08484,-0.19272,-0.97758,1.000,1.000
11.9019,-0.11145,-0.17990,-0.97735,1.000,1.000
11.9155,-0.13812,-0.16541,-0.97651,1.000,1.000
11.9302,-0.16649,-0.14856,-0.97479,1.000,1.000
11.9437,-0.19599,-0.13000,-0.97195,1.000,1.000
11.9577,-0.22665,-0.10739,-0.96804,1.000,1.000
11.9721,-0.25505,-0.08667,-0.96304,1.000,1.000
11.9857,-0.28291,-0.06691,-0.95681,1.000,1.000
11.9996,-0.31080,-0.04712,-0.94931,1.000,1.000
12.0133,-0.33854,-0.02603,-0.94059,1.000,1.000
12.0273,-0.36515,-0.00590,-0.93093,1.000,1.000
12.0415,-0.39055,0.01515,-0.92046,1.000,1.000
12.0551,-0.41405,0.03541,-0.90956,1.000,1.000
12.0694,-0.43676,0.05439,-0.89793,1.000,1.000
12.0833,-0.45830,0.07390,-0.88572,1.000,1.000
12.0972,-0.47868,0.09545,-0.87278,1.000,1.000
12.1114,-0.49752,0.11788,-0.85941,1.000,1.000
12.1249,-0.51530,0.13958,-0.84557,1.000,1.000
12.1392,-0.53040,0.15907,-0.83269,1.000,1.000
12.1530,-0.54316,0.17856,-0.82042,1.000,1.000
12.1668,-0.55285,0.19805,-0.80940,1.000,1.000
12.1808,-0.56187,0.21703,-0.79825,1.000,1.000
12.1949,-0.56987,0.23418,-0.78766,1.000,1.000
12.2089,-0.57736,0.24826,-0.77783,1.000,1.000
12.2234,-0.58359,0.26139,-0.76883,1.000,1.000
12.2372,-0.58919,0.27255,-0.76064,1.000,1.000
12.2512,-0.59485,0.28195,-0.75276,1.000,1.000
12.2656,-0.59814,0.28863,-0.74761,1.000,1.000
12.2790,-0.60137,0.29142,-0.74393,1.000,1.000
12.2934,-0.60383,0.29226,-0.74160,1.000,1.000
12.3070,-0.60557,0.29123,-0.74059,1.000,1.000
12.3212,-0.60768,0.28735,-0.74038,1.000,1.000
12.3348,-0.60945,0.28170,-0.74109,1.000,1.000
12.3491,-0.61134,0.27447,-0.74225,1.000,1.000
12.3630,-0.61275,0.26368,-0.74499,1.000,1.000
12.3766,-0.61377,0.25549,-0.74700,1.000,1.000
12.3909,-0.61460,0.24955,-0.74833,1.000,1.000
12.4050,-0.61449,0.24428,-0.75015,1.000,1.000
12.4186,-0.61403,0.23829,-0.75245,1.000,1.000
12.4326,-0.61400,0.23257,-0.75427,1.000,1.000
12.4467,0.61556,0.22833,0.75429,1.000,1.000
12.4604,0.61837,0.22299,0.75359,1.000,1.000
12.4751,0.62170,0.21373,0.75353,1.000,1.000
12.4885,0.62337,0.19648,0.75684,1.000,1.000
12.5029,0.62423,0.17254,0.76195,1.000,1.000
12.5162,0.62355,0.14432,0.76835,1.000,1.000
12.5299,0.62093,0.11259,0.77574,1.000,1.000
12.5437,0.61541,0.07985,0.78416,1.000,1.000
12.5576,0.60803,0.04482,0.79264,1.000,1.000
12.5717,0.59522,0.00499,0.80355,1.000,1.000
12.5856,0.57756,-0.04053,0.81534,1.000,1.000
12.5995,0.55615,-0.08076,0.82715,1.000,1.000
12.6133,0.53486,-0.11700,0.83680,1.000,1.000
12.6279,0.51202,-0.14930,0.84590,1.000,1.000
12.6413,0.48654,-0.18401,0.85406,1.000,1.000
12.6552,0.45573,-0.22324,0.86167,1.000,1.000
12.6689,0.42553,-0.25792,0.86741,1.000,1.000
12.6833,0.39962,-0.28274,0.87199,1.000,1.000
12.6969,0.38169,-0.29680,0.87534,1.000,1.000
12.7112,0.36595,-0.30295,0.87994,1.000,1.000
12.7250,0.34684,-0.31329,0.88406,1.000,1.000
12.7388,0.33245,-0.32102,0.88681,1.000,1.000
12.7528,0.32373,-0.32600,0.88822,1.000,1.000
12.7666,0.31666,-0.32965,0.88941,1.000,1.000
12.7800,0.30779,-0.33421,0.89082,1.000,1.000
12.7941,0.29533,-0.34096,0.89248,1.000,1.000
12.8081,0.28557,-0.34674,0.89343,1.000,1.000
12.8226,0.27972,-0.34904,0.89439,1.000,1.000
12.8358,0.27544,-0.34648,0.89671,1.000,1.000
12.8499,0.26701,-0.34586,0.89949,1.000,1.000
12.8641,0.25549,-0.34470,0.90328,1.000,1.000
12.8783,0.24339,-0.34405,0.90686,1.000,1.000
12.8922,0.23359,-0.34236,0.91007,1.000,1.000
12.9056,0.22646,-0.34003,0.91274,1.000,1.000
12.9190,0.21968,-0.33756,0.91531,1.000,1.000
12.9337,0.21052,-0.33556,0.91819,1.000,1.000
12.9475,0.19868,-0.33187,0.92217,1.000,1.000
12.9610,-0.18571,-0.32736,-0.92647,1.000,1.000
12.9750,-0.17389,-0.32356,-0.93009,1.000,1.000
12.9892,-0.16517,-0.31974,-0.93300,1.000,1.000
13.0028,-0.15772,-0.31799,-0.93488,1.000,1.000
13.0163,-0.14946,-0.31661,-0.93671,1.000,1.000
13.0304,-0.14175,-0.31535,-0.93833,1.000,1.000
13.0448,-0.13441,-0.31369,-0.93997,1.000,1.000
13.0584,-0.12953,-0.31167,-0.94132,1.000,1.000
13.0723,-0.12344,-0.30923,-0.94294,1.000,1.000
13.0862,-0.11639,-0.30721,-0.94450,1.000,1.000
13.0998,-0.10759,-0.30577,-0.94601,1.000,1.000
13.1138,-0.09798,-0.30468,-0.94740,1.000,1.000
13.1280,-0.08873,-0.30463,-0.94833,1.000,1.000
13.1415,-0.08088,-0.30472,-0.94900,1.000,1.000
13.1551,-0.07484,-0.30458,-0.94954,1.000,1.000
13.1695,-0.06816,-0.30409,-0.95020,1.000,1.000
13.1834,-0.06111,-0.30258,-0.95116,1.000,1.000
13.1968,-0.05461,-0.30197,-0.95175,1.000,1.000
13.2112,-0.04908,-0.30157,-0.95218,1.000,1.000
13.2254,-0.04499,-0.30136,-0.95245,1.000,1.000
13.2389,-0.04198,-0.30037,-0.95290,1.000,1.000
13.2527,-0.03913,-0.30012,-0.95310,1.000,1.000
13.2669,-0.03755,-0.29892,-0.95354,1.000,1.000
13.2804,-0.03539,-0.29838,-0.95379,1.000,1.000
13.2945,-0.03429,-0.29788,-0.95399,1.000,1.000
13.3084,-0.03299,-0.29731,-0.95421,1.000,1.000
13.3225,-0.03192,-0.29696,-0.95436,1.000,1.000
13.3359,-0.03063,-0.29543,-0.95487,1.000,1.000
13.3503,-0.02953,-0.29397,-0.95536,1.000,1.000
13.3647,-0.02836,-0.29224,-0.95592,1.000,1.000
13.3782,-0.02729,-0.29072,-0.95642,1.000,1.000
13.3919,-0.02601,-0.29027,-0.95659,1.000,1.000
13.4060,-0.02554,-0.29036,-0.95658,1.000,1.000
13.4199,-0.02542,-0.28970,-0.95678,1.000,1.000
13.4341,-0.02530,-0.28919,-0.95694,1.000,1.000
13.4475,-0.02516,-0.28783,-0.95735,1.000,1.000
13.4617,-0.02502,-0.28654,-0.95774,1.000,1.000
13.4752,-0.02503,-0.28628,-0.95782,1.000,1.000
13.4890,-0.02539,-0.28644,-0.95776,1.000,1.000
13.5031,-0.02572,-0.28670,-0.95768,1.000,1.000
13.5170,-0.02582,-0.28723,-0.95751,1.000,1.000
13.5311,-0.02586,-0.28848,-0.95714,1.000,1.000
13.5453,-0.02553,-0.29022,-0.95662,1.000,1.000
13.5591,-0.02530,-0.29226,-0.95600,1.000,1.000
13.5729,-0.02508,-0.29403,-0.95547,1.000,1.000
13.5868,-0.02547,-0.29489,-0.95519,1.000,1.000
13.6007,-0.02572,-0.29507,-0.95513,1.000,1.000
13.6148,-0.02618,-0.29465,-0.95525,1.000,1.000
13.6287,-0.02666,-0.29510,-0.95510,1.000,1.000
13.6429,-0.02740,-0.29638,-0.95468,1.000,1.000
13.6567,-0.02832,-0.29843,-0.95401,1.000,1.000
13.6707,-0.02930,-0.30067,-0.95328,1.000,1.000
13.6843,-0.03024,-0.30174,-0.95291,1.000,1.000
13.6981,-0.03117,-0.30201,-0.95280,1.000,1.000
13.7128,-0.03191,-0.30139,-0.95297,1.000,1.000
13.7259,-0.03292,-0.30177,-0.95281,1.000,1.000
13.7397,-0.03355,-0.30163,-0.95284,1.000,1.000
13.7541,-0.03418,-0.30178,-0.95276,1.000,1.000
13.7681,-0.03499,-0.30216,-0.95261,1.000,1.000
13.7822,-0.03542,-0.30256,-0.95247,1.000,1.000
13.7957,-0.03587,-0.30298,-0.95232,1.000,1.000
13.8097,-0.03599,-0.30360,-0.95212,1.000,1.000
13.8237,-0.03595,-0.30348,-0.95216,1.000,1.000
13.8374,-0.03583,-0.30310,-0.95228,1.000,1.000
13.8515,-0.03593,-0.30309,-0.95228,1.000,1.000
13.8655,-0.03623,-0.30321,-0.95223,1.000,1.000
13.8791,-0.03699,-0.30496,-0.95165,1.000,1.000
13.8941,-0.03798,-0.30691,-0.95098,1.000,1.000
13.9072,-0.03880,-0.30827,-0.95051,1.000,1.000
13.9206,-0.03992,-0.30936,-0.95011,1.000,1.000
13.9350,-0.04042,-0.30969,-0.94998,1.000,1.000
13.9490,-0.04110,-0.30955,-0.94999,1.000,1.000
13.9631,0.04159,-0.30899,0.95016,1.000,1.000
13.9765,0.04230,-0.30919,0.95006,1.000,1.000
13.9904,0.04300,-0.30959,0.94990,1.000,1.000
14.0049,0.04396,-0.31045,0.94957,1.000,1.000
14.0187,0.04482,-0.31138,0.94923,1.000,1.000
14.0324,0.04562,-0.31239,0.94886,1.000,1.000
14.0468,0.04621,-0.31325,0.94855,1.000,1.000
14.0607,0.04693,-0.31437,0.94814,1.000,1.000
14.0748,0.04788,-0.31561,0.94768,1.000,1.000
14.0885,0.04901,-0.31690,0.94719,1.000,1.000
14.1023,0.05015,-0.31807,0.94674,1.000,1.000
14.1160,0.05063,-0.31878,0.94648,1.000,1.000
14.1303,0.05111,-0.31947,0.94622,1.000,1.000
14.1442,0.05132,-0.32009,0.94600,1.000,1.000
14.1579,0.05109,-0.32006,0.94602,1.000,1.000
14.1722,0.05059,-0.31961,0.94620,1.000,1.000
14.1862,0.05036,-0.31865,0.94654,1.000,1.000
14.2003,0.04962,-0.31607,0.94744,1.000,1.000
14.2140,0.04970,-0.31574,0.94754,1.000,1.000
14.2283,0.04949,-0.31619,0.94740,1.000,1.000
14.2422,0.04938,-0.31723,0.94706,1.000,1.000
14.2558,0.04932,-0.31828,0.94671,1.000,1.000
14.2700,0.04939,-0.31856,0.94661,1.000,1.000
14.2836,0.04980,-0.31798,0.94679,1.000,1.000
14.2972,0.05072,-0.31638,0.94728,1.000,1.000
14.3112,0.05148,-0.31621,0.94729,1.000,1.000
14.3251,0.05226,-0.31587,0.94736,1.000,1.000
14.3390,0.05339,-0.31563,0.94738,1.000,1.000
14.3531,0.05439,-0.31517,0.94748,1.000,1.000
14.3670,0.05519,-0.31486,0.94753,1.000,1.000
14.3810,0.05611,-0.31429,0.94767,1.000,1.000
14.3950,0.05665,-0.31379,0.94780,1.000,1.000
14.4089,0.05716,-0.31387,0.94774,1.000,1.000
14.4230,0.05791,-0.31381,0.94772,1.000,1.000
14.4372,0.05881,-0.31349,0.94777,1.000,1.000
14.4508,0.05998,-0.31287,0.94790,1.000,1.000
14.4644,0.06094,-0.31133,0.94835,1.000,1.000
14.4783,0.06208,-0.31020,0.94864,1.000,1.000
14.4925,0.06310,-0.30825,0.94921,1.000,1.000
14.5062,0.06461,-0.30647,0.94969,1.000,1.000
14.5199,0.06591,-0.30456,0.95021,1.000,1.000
14.5344,0.06791,-0.30206,0.95087,1.000,1.000
14.5485,0.07023,-0.29845,0.95184,1.000,1.000
14.5619,0.07271,-0.29505,0.95271,1.000,1.000
14.5757,0.07590,-0.29116,0.95366,1.000,1.000
14.5900,0.07895,-0.28765,0.95448,1.000,1.000
14.6042,0.08186,-0.28457,0.95515,1.000,1.000
14.6175,0.08500,-0.28200,0.95564,1.000,1.000
14.6316,0.08827,-0.27899,0.95623,1.000,1.000
14.6456,0.09167,-0.27593,0.95680,1.000,1.000
14.6594,0.09492,-0.27235,0.95750,1.000,1.000
14.6742,0.09729,-0.26956,0.95806,1.000,1.000
14.6878,0.09967,-0.26765,0.95835,1.000,1.000
14.7012,0.10183,-0.26582,0.95863,1.000,1.000
14.7148,0.10398,-0.26407,0.95888,1.000,1.000
14.7295,0.10595,-0.26166,0.95933,1.000,1.000
14.7432,0.10740,-0.25941,0.95978,1.000,1.000
14.7567,0.10912,-0.25745,0.96011,1.000,1.000
14.7709,0.11091,-0.25564,0.96039,1.000,1.000
14.7850,0.11212,-0.25394,0.96070,1.000,1.000
14.7984,0.11340,-0.25183,0.96110,1.000,1.000
14.8128,0.11469,-0.24971,0.96150,1.000,1.000
14.8266,0.11615,-0.24707,0.96201,1.000,1.000
14.8407,0.11749,-0.24521,0.96232,1.000,1.000
14.8548,0.11847,-0.24385,0.96255,1.000,1.000
14.8683,0.11939,-0.24292,0.96267,1.000,1.000
14.8823,0.12005,-0.24323,0.96251,1.000,1.000
14.8962,0.12098,-0.24355,0.96231,1.000,1.000
14.9110,0.12182,-0.24287,0.96238,1.000,1.000
14.9246,0.12272,-0.24226,0.96242,1.000,1.000
14.9382,0.12354,-0.24138,0.96254,1.000,1.000
14.9521,0.12425,-0.24114,0.96250,1.000,1.000
14.9657,0.12528,-0.24040,0.96256,1.000,1.000
14.9792,0.12626,-0.24005,0.96252,1.000,1.000
14.9935,0.12727,-0.24005,0.96238,1.000,1.000
15.0076,0.12819,-0.23946,0.96241,1.000,1.000
15.0217,0.12884,-0.23933,0.96235,1.000,1.000
15.0352,0.12957,-0.23916,0.96230,1.000,1.000
15.0494,0.13009,-0.23892,0.96229,1.000,1.000
15.0634,0.12985,-0.23873,0.96237,1.000,1.000
15.0770,0.12976,-0.23848,0.96244,1.000,1.000
15.0916,0.12973,-0.23796,0.96257,1.000,1.000
15.1051,0.12992,-0.23724,0.96272,1.000,1.000
15.1189,0.12980,-0.23661,0.96289,1.000,1.000
15.1333,0.12932,-0.23651,0.96298,1.000,1.000
15.1472,0.12911,-0.23661,0.96299,1.000,1.000
15.1606,0.12852,-0.23659,0.96307,1.000,1.000
15.1746,0.12803,-0.23560,0.96338,1.000,1.000
15.1886,0.12730,-0.23492,0.96364,1.000,1.000
15.2028,0.12667,-0.23453,0.96382,1.000,1.000
15.2165,0.12566,-0.23448,0.96397,1.000,1.000
15.2309,0.12489,-0.23524,0.96388,1.000,1.000
15.2444,0.12414,-0.23534,0.96395,1.000,1.000
15.2581,0.12397,-0.23503,0.96405,1.000,1.000
15.2724,0.12366,-0.23481,0.96414,1.000,1.000
15.2864,0.12367,-0.23507,0.96408,1.000,1.000
15.2997,0.12330,-0.23485,0.96418,1.000,1.000
15.3142,0.12266,-0.23441,0.96437,1.000,1.000
15.3280,0.12226,-0.23379,0.96457,1.000,1.000
15.3418,0.12131,-0.23270,0.96495,1.000,1.000
15.3554,0.12029,-0.23199,0.96525,1.000,1.000
15.3698,0.11924,-0.23149,0.96550,1.000,1.000
15.3844,0.11755,-0.23143,0.96572,1.000,1.000
15.3978,0.11604,-0.23151,0.96589,1.000,1.000
15.4122,0.11437,-0.23130,0.96614,1.000,1.000
15.4261,0.11261,-0.23030,0.96658,1.000,1.000
15.4395,0.11083,-0.23030,0.96679,1.000,1.000
15.4539,0.10876,-0.23029,0.96703,1.000,1.000
15.4673,0.10577,-0.23065,0.96727,1.000,1.000
15.4815,0.10215,-0.23077,0.96763,1.000,1.000
15.4949,0.09771,-0.23015,0.96824,1.000,1.000
15.5088,0.09259,-0.22981,0.96882,1.000,1.000
15.5227,0.08744,-0.22927,0.96943,1.000,1.000
15.5365,0.08189,-0.22883,0.97001,1.000,1.000
15.5509,0.07530,-0.22867,0.97059,1.000,1.000
15.5649,0.06828,-0.22920,0.97098,1.000,1.000
15.5784,0.06115,-0.22973,0.97133,1.000,1.000
15.5924,0.05415,-0.23076,0.97150,1.000,1.000
15.6063,0.04688,-0.23133,0.97174,1.000,1.000
15.6198,0.03928,-0.23128,0.97209,1.000,1.000
15.6341,0.03107,-0.23300,0.97198,1.000,1.000
15.6480,0.02264,-0.23500,0.97173,1.000,1.000
15.6619,0.01451,-0.23732,0.97132,1.000,1.000
15.6761,0.00611,-0.23902,0.97099,1.000,1.000
15.6899,-0.00186,-0.24111,0.97050,1.000,1.000
15.7038,-0.00892,-0.24245,0.97012,1.000,1.000
15.7173,-0.01555,-0.24447,0.96953,1.000,1.000
15.7315,-0.02232,-0.24659,0.96886,1.000,1.000
15.7459,-0.02993,-0.24856,0.96815,1.000,1.000
15.7593,-0.03843,-0.25062,0.96732,1.000,1.000
15.7733,-0.04761,-0.25339,0.96619,1.000,1.000
15.7875,-0.05532,-0.25629,0.96502,1.000,1.000
15.8013,-0.06202,-0.25890,0.96391,1.000,1.000
15.8149,-0.06754,-0.26137,0.96287,1.000,1.000
15.8290,-0.07415,-0.26363,0.96177,1.000,1.000
15.8431,-0.08044,-0.26660,0.96044,1.000,1.000
15.8573,-0.08658,-0.26945,0.95912,1.000,1.000
15.8707,-0.09237,-0.27214,0.95781,1.000,1.000
15.8845,-0.09634,-0.27369,0.95698,1.000,1.000
15.8984,-0.09935,-0.27448,0.95645,1.000,1.000
15.9126,-0.10109,-0.27587,0.95587,1.000,1.000
15.9268,-0.10371,-0.27768,0.95506,1.000,1.000
15.9405,-0.10525,-0.27928,0.95442,1.000,1.000
15.9546,-0.10698,-0.28072,0.95381,1.000,1.000
15.9690,-0.10854,-0.28194,0.95327,1.000,1.000
15.9826,-0.10899,-0.28318,0.95285,1.000,1.000
15.9957,-0.10920,-0.28387,0.95262,1.000,1.000
16.0103,-0.10835,-0.28452,0.95253,1.000,1.000
16.0242,-0.10805,-0.28550,0.95227,1.000,1.000
16.0378,-0.10738,-0.28578,0.95226,1.000,1.000
16.0521,-0.10653,-0.28630,0.95220,1.000,1.000
16.0659,-0.10444,-0.28697,0.95223,1.000,1.000
16.0800,-0.10254,-0.28642,0.95260,1.000,1.000
16.0936,-0.10046,-0.28651,0.95280,1.000,1.000
16.1073,-0.09852,-0.28689,0.95288,1.000,1.000
16.1215,-0.09672,-0.28722,0.95297,1.000,1.000
16.1353,-0.09473,-0.28733,0.95314,1.000,1.000
16.1498,-0.09250,-0.28663,0.95357,1.000,1.000
16.1635,-0.09051,-0.28485,0.95429,1.000,1.000
16.1767,-0.08802,-0.28386,0.95482,1.000,1.000
16.1911,-0.08546,-0.28360,0.95513,1.000,1.000
16.2051,-0.08235,-0.28471,0.95507,1.000,1.000
16.2188,-0.07961,-0.28600,0.95492,1.000,1.000
16.2329,-0.07633,-0.28693,0.95491,1.000,1.000
16.2469,-0.07340,-0.28603,0.95541,1.000,1.000
16.2614,-0.07083,-0.28443,0.95608,1.000,1.000
16.2744,-0.06844,-0.28242,0.95685,1.000,1.000
16.2885,-0.06610,-0.28100,0.95743,1.000,1.000
16.3027,-0.06414,-0.28055,0.95769,1.000,1.000
16.3163,-0.06263,-0.27970,0.95804,1.000,1.000
16.3305,-0.06100,-0.27867,0.95845,1.000,1.000
16.3441,-0.05915,-0.27772,0.95884,1.000,1.000
16.3578,-0.05706,-0.27721,0.95911,1.000,1.000
16.3718,-0.05476,-0.27638,0.95949,1.000,1.000
16.3859,-0.05264,-0.27557,0.95984,1.000,1.000
16.3998,-0.05061,-0.27520,0.96005,1.000,1.000
16.4138,-0.04892,-0.27438,0.96038,1.000,1.000
16.4277,-0.04699,-0.27371,0.96066,1.000,1.000
16.4419,-0.71134,-0.27281,0.64774,1.000,1.000
16.4554,-0.71016,-0.27220,0.64929,1.000,1.000
16.4695,-0.70914,-0.27109,0.65087,1.000,1.000
16.4836,-0.70812,-0.27103,0.65200,1.000,1.000
16.4974,-0.70705,-0.27107,0.65314,1.000,1.000
16.5116,-0.70610,-0.27131,0.65408,1.000,1.000
16.5256,-0.70505,-0.27131,0.65521,1.000,1.000
16.5393,-0.70432,-0.27127,0.65601,1.000,1.000
16.5535,-0.70391,-0.27077,0.65665,1.000,1.000
16.5674,-0.70350,-0.27042,0.65724,1.000,1.000
16.5817,-0.70304,-0.27063,0.65764,1.000,1.000
16.5951,-0.70328,-0.27006,0.65762,1.000,1.000
16.6092,-0.70340,-0.26919,0.65784,1.000,1.000
16.6233,-0.70368,-0.26858,0.65780,1.000,1.000
16.6368,-0.70376,-0.26816,0.65788,1.000,1.000
16.6507,-0.70396,-0.26766,0.65787,1.000,1.000
16.6647,-0.70435,-0.26765,0.65746,1.000,1.000
16.6786,-0.70472,-0.26734,0.65719,1.000,1.000
16.6928,-0.70525,-0.26750,0.65655,1.000,1.000
16.7069,-0.70578,-0.26771,0.65590,1.000,1.000
16.7205,-0.70592,-0.26838,0.65548,1.000,1.000
16.7347,-0.70579,-0.26888,0.65541,1.000,1.000
16.7485,-0.70543,-0.26916,0.65569,1.000,1.000
16.7623,-0.70513,-0.26946,0.65588,1.000,1.000
16.7762,-0.70501,-0.26975,0.65590,1.000,1.000
16.7902,-0.70502,-0.27008,0.65574,1.000,1.000
16.8047,-0.70525,-0.27053,0.65531,1.000,1.000
16.8179,-0.70547,-0.27108,0.65485,1.000,1.000
16.8322,-0.70562,-0.27114,0.65466,1.000,1.000
16.8457,-0.70605,-0.27055,0.65444,1.000,1.000
16.8596,-0.70641,-0.27002,0.65428,1.000,1.000
16.8744,-0.70670,-0.27056,0.65374,1.000,1.000
16.8877,-0.70691,-0.27086,0.65338,1.000,1.000
16.9019,-0.70676,-0.27185,0.65314,1.000,1.000
16.9157,-0.70654,-0.27302,0.65289,1.000,1.000
16.9296,-0.70627,-0.27380,0.65285,1.000,1.000
16.9434,-0.70649,-0.27371,0.65266,1.000,1.000
16.9570,-0.96092,-0.27416,-0.03845,1.000,1.000
16.9723,-0.96078,-0.27455,-0.03898,1.000,1.000
16.9852,-0.96083,-0.27432,-0.03943,1.000,1.000
16.9989,-0.96103,-0.27351,-0.04008,1.000,1.000
17.0131,-0.96113,-0.27310,-0.04048,1.000,1.000
17.0269,-0.96117,-0.27291,-0.04089,1.000,1.000
17.0408,-0.96122,-0.27267,-0.04132,1.000,1.000
17.0553,-0.96120,-0.27275,-0.04124,1.000,1.000
17.0694,-0.96138,-0.27217,-0.04095,1.000,1.000
17.0827,-0.96161,-0.27135,-0.04083,1.000,1.000
17.0967,-0.96173,-0.27091,-0.04098,1.000,1.000
17.1108,-0.96165,-0.27118,-0.04122,1.000,1.000
17.1248,-0.96162,-0.27113,-0.04207,1.000,1.000
17.1382,-0.96170,-0.27073,-0.04286,1.000,1.000
17.1524,-0.96156,-0.27120,-0.04309,1.000,1.000
17.1669,-0.96168,-0.27063,-0.04393,1.000,1.000
17.1801,-0.96159,-0.27083,-0.04459,1.000,1.000
17.1945,-0.96160,-0.27067,-0.04538,1.000,1.000
17.2082,-0.96155,-0.27074,-0.04614,1.000,1.000
17.2224,-0.96141,-0.27113,-0.04659,1.000,1.000
17.2364,-0.96128,-0.27154,-0.04689,1.000,1.000
17.2498,-0.96107,-0.27229,-0.04703,1.000,1.000
17.2639,-0.96093,-0.27274,-0.04710,1.000,1.000
17.2776,-0.96091,-0.27275,-0.04744,1.000,1.000
17.2922,-0.96097,-0.27248,-0.04781,1.000,1.000
17.3059,-0.96091,-0.27260,-0.04837,1.000,1.000
17.3195,-0.96077,-0.27295,-0.04917,1.000,1.000
17.3335,-0.96060,-0.27334,-0.05031,1.000,1.000
17.3477,-0.96041,-0.27369,-0.05209,1.000,1.000
17.3614,-0.96037,-0.27341,-0.05418,1.000,1.000
17.3753,-0.96012,-0.27375,-0.05690,1.000,1.000
17.3892,-0.95986,-0.27393,-0.06027,1.000,1.000
17.4035,-0.95942,-0.27461,-0.06411,1.000,1.000
17.4166,-0.95872,-0.27599,-0.06846,1.000,1.000
17.4312,-0.95806,-0.27700,-0.07341,1.000,1.000
17.4454,-0.95732,-0.27811,-0.07871,1.000,1.000
17.4592,-0.95651,-0.27912,-0.08480,1.000,1.000
17.4740,-0.95555,-0.28008,-0.09210,1.000,1.000
17.4872,-0.95439,-0.28116,-0.10044,1.000,1.000
17.5008,-0.95318,-0.28184,-0.10959,1.000,1.000
17.5154,-0.95155,-0.28321,-0.11977,1.000,1.000
17.5303,-0.57903,-0.28445,-0.76407,1.000,1.000
17.5428,-0.57021,-0.28538,-0.77034,1.000,1.000
17.5563,-0.56094,-0.28747,-0.77634,1.000,1.000
17.5707,-0.55209,-0.28904,-0.78208,1.000,1.000
17.5846,-0.54378,-0.29007,-0.78750,1.000,1.000
17.5974,-0.53586,-0.29124,-0.79248,1.000,1.000
17.6115,-0.52832,-0.29219,-0.79719,1.000,1.000
17.6252,-0.52144,-0.29320,-0.80133,1.000,1.000
17.6393,-0.51505,-0.29360,-0.80531,1.000,1.000
17.6529,-0.50914,-0.29488,-0.80859,1.000,1.000
17.6672,-0.50448,-0.29522,-0.81139,1.000,1.000
17.6809,-0.49978,-0.29495,-0.81439,1.000,1.000
17.6949,-0.49563,-0.29576,-0.81663,1.000,1.000
17.7084,-0.49157,-0.29645,-0.81883,1.000,1.000
17.7221,-0.48873,-0.29731,-0.82021,1.000,1.000
17.7358,-0.48595,-0.29839,-0.82147,1.000,1.000
17.7509,-0.48331,-0.29869,-0.82292,1.000,1.000
17.7643,-0.48077,-0.29859,-0.82444,1.000,1.000
17.7773,-0.47900,-0.29797,-0.82570,1.000,1.000
17.7916,-0.47734,-0.29803,-0.82663,1.000,1.000
17.8055,-0.47619,-0.29845,-0.82715,1.000,1.000
17.8195,-0.47477,-0.29932,-0.82765,1.000,1.000
17.8333,-0.47294,-0.30026,-0.82836,1.000,1.000
17.8470,-0.47075,-0.30162,-0.82911,1.000,1.000
17.8613,-0.46868,-0.30214,-0.83009,1.000,1.000
17.8752,-0.46691,-0.30286,-0.83083,1.000,1.000
17.8888,-0.46547,-0.30297,-0.83159,1.000,1.000
17.9033,-0.46425,-0.30334,-0.83214,1.000,1.000
17.9166,-0.46272,-0.30362,-0.83289,1.000,1.000
17.9311,-0.46165,-0.30520,-0.83291,1.000,1.000
17.9451,-0.46061,-0.30667,-0.83294,1.000,1.000
17.9585,-0.45959,-0.30789,-0.83305,1.000,1.000
17.9729,-0.45854,-0.30922,-0.83314,1.000,1.000
17.9877,-0.45778,-0.31073,-0.83300,1.000,1.000
18.0005,-0.45693,-0.31206,-0.83297,1.000,1.000
18.0146,-0.45597,-0.31338,-0.83300,1.000,1.000
18.0295,-0.45443,-0.31596,-0.83286,1.000,1.000
18.0431,-0.45240,-0.31811,-0.83315,1.000,1.000
18.0560,-0.44999,-0.32116,-0.83329,1.000,1.000
18.0710,-0.44789,-0.32348,-0.83352,1.000,1.000
18.0844,-0.44638,-0.32417,-0.83406,1.000,1.000
18.0977,-0.44550,-0.32380,-0.83467,1.000,1.000
18.1121,-0.44495,-0.32333,-0.83515,1.000,1.000
18.1259,-0.44424,-0.32319,-0.83558,1.000,1.000
18.1395,-0.44300,-0.32353,-0.83611,1.000,1.000
18.1541,-0.44247,-0.32402,-0.83620,1.000,1.000
18.1677,-0.44216,-0.32410,-0.83633,1.000,1.000
18.1819,-0.44247,-0.32367,-0.83634,1.000,1.000
18.1950,-0.44268,-0.32297,-0.83650,1.000,1.000
18.2094,-0.44254,-0.32291,-0.83659,1.000,1.000
18.2235,-0.44258,-0.32346,-0.83636,1.000,1.000
18.2372,-0.44252,-0.32361,-0.83633,1.000,1.000
18.2513,-0.44245,-0.32391,-0.83626,1.000,1.000
18.2651,-0.44236,-0.32347,-0.83647,1.000,1.000
18.2787,-0.44220,-0.32329,-0.83663,1.000,1.000
18.2934,-0.44230,-0.32333,-0.83655,1.000,1.000
18.3069,-0.44268,-0.32361,-0.83625,1.000,1.000
18.3207,-0.44325,-0.32359,-0.83596,1.000,1.000
18.3348,-0.44463,-0.32273,-0.83556,1.000,1.000
18.3487,-0.44560,-0.32133,-0.83558,1.000,1.000
18.3625,-0.44617,-0.32017,-0.83572,1.000,1.000
18.3767,-0.44646,-0.31990,-0.83567,1.000,1.000
18.3904,-0.44647,-0.31966,-0.83575,1.000,1.000
18.4047,-0.44634,-0.31927,-0.83597,1.000,1.000
18.4182,-0.44618,-0.31914,-0.83610,1.000,1.000
18.4323,-0.44642,-0.31824,-0.83632,1.000,1.000
18.4460,-0.44659,-0.31729,-0.83659,1.000,1.000
18.4599,-0.44671,-0.31678,-0.83672,1.000,1.000
18.4742,-0.44680,-0.31587,-0.83702,1.000,1.000
18.4878,-0.44724,-0.31525,-0.83701,1.000,1.000
18.5019,-0.44799,-0.31563,-0.83647,1.000,1.000
18.5161,-0.44929,-0.31532,-0.83589,1.000,1.000
18.5298,-0.45010,-0.31472,-0.83568,1.000,1.000
18.5436,-0.45091,-0.31418,-0.83545,1.000,1.000
18.5573,-0.45129,-0.31419,-0.83524,1.000,1.000
18.5719,-0.45174,-0.31424,-0.83498,1.000,1.000
18.5861,-0.45226,-0.31402,-0.83478,1.000,1.000
18.5995,-0.45367,-0.31390,-0.83405,1.000,1.000
18.6137,-0.45524,-0.31291,-0.83358,1.000,1.000
18.6276,-0.45672,-0.31240,-0.83295,1.000,1.000
18.6417,-0.45798,-0.31219,-0.83234,1.000,1.000
18.6551,-0.45902,-0.31296,-0.83148,1.000,1.000
18.6695,-0.46031,-0.31391,-0.83041,1.000,1.000
18.6833,-0.46186,-0.31426,-0.82941,1.000,1.000
18.6969,-0.46356,-0.31395,-0.82858,1.000,1.000
18.7115,-0.46520,-0.31352,-0.82783,1.000,1.000
18.7249,-0.46638,-0.31288,-0.82740,1.000,1.000
18.7390,-0.46753,-0.31234,-0.82696,1.000,1.000
18.7532,-0.46829,-0.31315,-0.82622,1.000,1.000
18.7681,-0.46912,-0.31316,-0.82574,1.000,1.000
18.7809,-0.47017,-0.31259,-0.82536,1.000,1.000
18.7961,-0.47143,-0.31182,-0.82494,1.000,1.000
18.8094,-0.47269,-0.31112,-0.82448,1.000,1.000
18.8233,-0.47412,-0.31109,-0.82367,1.000,1.000
18.8355,-0.47549,-0.31057,-0.82308,1.000,1.000
18.8501,-0.47679,-0.31079,-0.82224,1.000,1.000
18.8635,-0.47817,-0.31100,-0.82136,1.000,1.000
18.8775,-0.48044,-0.31093,-0.82006,1.000,1.000
18.8918,-0.48281,-0.31082,-0.81871,1.000,1.000
18.9052,-0.48542,-0.31052,-0.81728,1.000,1.000
18.9189,-0.48780,-0.31053,-0.81586,1.000,1.000
18.9337,-0.48982,-0.31057,-0.81463,1.000,1.000
18.9473,-0.49146,-0.31077,-0.81356,1.000,1.000
18.9612,-0.49321,-0.31078,-0.81250,1.000,1.000
18.9750,-0.49463,-0.31076,-0.81165,1.000,1.000
18.9893,-0.49579,-0.31071,-0.81096,1.000,1.000
19.0036,-0.49629,-0.31171,-0.81027,1.000,1.000
19.0174,-0.49635,-0.31321,-0.80965,1.000,1.000
19.0317,-0.49612,-0.31512,-0.80905,1.000,1.000
19.0454,-0.49612,-0.31697,-0.80833,1.000,1.000
19.0586,-0.49587,-0.31862,-0.80783,1.000,1.000
19.0733,-0.49589,-0.31967,-0.80741,1.000,1.000
19.0868,-0.49604,-0.31966,-0.80732,1.000,1.000
19.1001,-0.49601,-0.31888,-0.80765,1.000,1.000
19.1142,-0.49602,-0.31851,-0.80779,1.000,1.000
19.1289,-0.49564,-0.31851,-0.80802,1.000,1.000
19.1420,-0.49486,-0.32042,-0.80774,1.000,1.000
19.1560,-0.49392,-0.32244,-0.80751,1.000,1.000
19.1705,-0.49262,-0.32428,-0.80757,1.000,1.000
19.1844,-0.49132,-0.32608,-0.80764,1.000,1.000
19.1980,-0.49068,-0.32715,-0.80760,1.000,1.000
19.2117,-0.49049,-0.32790,-0.80741,1.000,1.000
19.2260,-0.49095,-0.32833,-0.80695,1.000,1.000
19.2400,-0.49144,-0.32796,-0.80680,1.000,1.000
19.2536,-0.49173,-0.32777,-0.80670,1.000,1.000
19.2674,-0.49178,-0.32720,-0.80690,1.000,1.000
19.2815,-0.49129,-0.32708,-0.80725,1.000,1.000
19.2957,-0.48970,-0.32651,-0.80844,1.000,1.000
19.3102,-0.48778,-0.32656,-0.80959,1.000,1.000
19.3233,-0.48436,-0.32746,-0.81128,1.000,1.000
19.3369,-0.48026,-0.32918,-0.81302,1.000,1.000
19.3516,-0.47578,-0.33126,-0.81480,1.000,1.000
19.3656,-0.47168,-0.33266,-0.81661,1.000,1.000
19.3790,-0.46767,-0.33421,-0.81829,1.000,1.000
19.3932,-0.46418,-0.33529,-0.81982,1.000,1.000
19.4074,-0.46104,-0.33609,-0.82127,1.000,1.000
19.4212,-0.45811,-0.33740,-0.82237,1.000,1.000
19.4346,-0.45553,-0.33893,-0.82318,1.000,1.000
19.4486,-0.45322,-0.34065,-0.82374,1.000,1.000
19.4632,-0.45204,-0.34167,-0.82397,1.000,1.000
19.4765,-0.45200,-0.34243,-0.82367,1.000,1.000
19.4906,-0.45271,-0.34237,-0.82331,1.000,1.000
19.5044,-0.45386,-0.34195,-0.82285,1.000,1.000
19.5182,-0.45479,-0.34207,-0.82229,1.000,1.000
19.5326,-0.45479,-0.34267,-0.82204,1.000,1.000
19.5468,-0.45426,-0.34280,-0.82227,1.000,1.000
19.5608,-0.45302,-0.34297,-0.82289,1.000,1.000
19.5751,-0.45158,-0.34350,-0.82345,1.000,1.000
19.5890,-0.45020,-0.34446,-0.82381,1.000,1.000
19.6027,-0.44888,-0.34510,-0.82427,1.000,1.000
19.6163,-0.44783,-0.34580,-0.82454,1.000,1.000
19.6302,-0.44682,-0.34654,-0.82478,1.000,1.000
19.6439,-0.44650,-0.34621,-0.82509,1.000,1.000
19.6580,-0.44677,-0.34568,-0.82517,1.000,1.000
19.6724,-0.44757,-0.34497,-0.82503,1.000,1.000
19.6863,-0.44771,-0.34511,-0.82490,1.000,1.000
19.6991,-0.44862,-0.34499,-0.82445,1.000,1.000
19.7135,-0.44926,-0.34621,-0.82359,1.000,1.000
19.7282,-0.44946,-0.34729,-0.82303,1.000,1.000
19.7414,-0.44978,-0.34795,-0.82257,1.000,1.000
19.7551,-0.45030,-0.34793,-0.82230,1.000,1.000
19.7691,-0.45040,-0.34794,-0.82224,1.000,1.000
19.7831,-0.44994,-0.34815,-0.82240,1.000,1.000
19.7966,-0.44933,-0.34854,-0.82258,1.000,1.000
19.8108,-0.44859,-0.34889,-0.82283,1.000,1.000
19.8250,-0.44740,-0.34919,-0.82334,1.000,1.000
19.8393,-0.44580,-0.35003,-0.82386,1.000,1.000
19.8529,-0.44382,-0.35140,-0.82434,1.000,1.000
19.8670,-0.44128,-0.35271,-0.82515,1.000,1.000
19.8813,-0.43864,-0.35390,-0.82605,1.000,1.000
19.8942,-0.43651,-0.35517,-0.82663,1.000,1.000
19.9087,-0.43483,-0.35600,-0.82716,1.000,1.000
19.9227,-0.43345,-0.35725,-0.82734,1.000,1.000
19.9358,-0.43210,-0.35830,-0.82760,1.000,1.000
19.9503,-0.43123,-0.35953,-0.82752,1.000,1.000
19.9644,-0.43060,-0.36016,-0.82756,1.000,1.000
19.9780,-0.43059,-0.36034,-0.82749,1.000,1.000
19.9921,-0.43096,-0.35938,-0.82772,1.000,1.000
20.0063,-0.43135,-0.35893,-0.82771,1.000,1.000
20.0202,-0.43174,-0.35873,-0.82760,1.000,1.000
20.0344,-0.43183,-0.35867,-0.82757,1.000,1.000
20.0479,-0.43192,-0.35834,-0.82767,1.000,1.000
20.0617,-0.43196,-0.35787,-0.82785,1.000,1.000
20.0753,-0.43220,-0.35822,-0.82758,1.000,1.000
20.0895,-0.43262,-0.35845,-0.82726,1.000,1.000
20.1033,-0.43276,-0.35875,-0.82705,1.000,1.000
20.1174,-0.43310,-0.35916,-0.82670,1.000,1.000
20.1312,-0.43322,-0.35954,-0.82647,1.000,1.000
20.1462,-0.43340,-0.35962,-0.82634,1.000,1.000
20.1593,-0.43389,-0.35876,-0.82646,1.000,1.000
20.1732,-0.43413,-0.35792,-0.82669,1.000,1.000
20.1873,-0.43451,-0.35683,-0.82697,1.000,1.000
20.2006,-0.43460,-0.35653,-0.82705,1.000,1.000
20.2149,-0.43440,-0.35692,-0.82698,1.000,1.000
20.2290,-0.43435,-0.35745,-0.82679,1.000,1.000
20.2427,-0.43472,-0.35787,-0.82641,1.000,1.000
20.2566,-0.43560,-0.35871,-0.82558,1.000,1.000
20.2706,-0.43679,-0.35832,-0.82512,1.000,1.000
20.2843,-0.43765,-0.35749,-0.82502,1.000,1.000
20.2981,-0.43817,-0.35729,-0.82484,1.000,1.000
20.3123,-0.43850,-0.35675,-0.82489,1.000,1.000
20.3263,-0.43844,-0.35680,-0.82490,1.000,1.000
20.3397,-0.43816,-0.35702,-0.82496,1.000,1.000
20.3539,-0.43826,-0.35691,-0.82495,1.000,1.000
20.3685,-0.43825,-0.35689,-0.82497,1.000,1.000
20.3821,-0.43853,-0.35672,-0.82489,1.000,1.000
20.3960,-0.43967,-0.35631,-0.82446,1.000,1.000
20.4097,-0.44075,-0.35542,-0.82427,1.000,1.000
20.4237,-0.44180,-0.35467,-0.82403,1.000,1.000
20.4376,-0.44270,-0.35434,-0.82369,1.000,1.000
20.4516,-0.44357,-0.35389,-0.82341,1.000,1.000
20.4657,-0.44382,-0.35348,-0.82345,1.000,1.000
20.4792,-0.44393,-0.35326,-0.82349,1.000,1.000
20.4934,-0.44361,-0.35306,-0.82375,1.000,1.000
20.5075,-0.44359,-0.35281,-0.82386,1.000,1.000
20.5211,-0.44336,-0.35306,-0.82388,1.000,1.000
20.5351,-0.44336,-0.35295,-0.82393,1.000,1.000
20.5494,-0.44292,-0.35347,-0.82394,1.000,1.000
20.5640,-0.44256,-0.35409,-0.82387,1.000,1.000
20.5779,-0.44250,-0.35376,-0.82404,1.000,1.000
20.5914,-0.44296,-0.35281,-0.82421,1.000,1.000
20.6050,-0.44374,-0.35139,-0.82439,1.000,1.000
20.6188,-0.44412,-0.35105,-0.82433,1.000,1.000
20.6325,-0.44436,-0.35163,-0.82396,1.000,1.000
20.6463,-0.44434,-0.35190,-0.82385,1.000,1.000
20.6603,-0.44425,-0.35225,-0.82375,1.000,1.000
20.6744,-0.44425,-0.35227,-0.82374,1.000,1.000
20.6881,-0.44436,-0.35196,-0.82381,1.000,1.000
20.7021,-0.44427,-0.35199,-0.82385,1.000,1.000
20.7161,-0.44382,-0.35242,-0.82391,1.000,1.000
20.7306,-0.44333,-0.35287,-0.82398,1.000,1.000
20.7444,-0.44285,-0.35339,-0.82401,1.000,1.000
20.7580,-0.44287,-0.35353,-0.82395,1.000,1.000
20.7724,-0.44312,-0.35317,-0.82397,1.000,1.000
20.7861,-0.44363,-0.35236,-0.82404,1.000,1.000
20.7996,-0.44447,-0.35116,-0.82410,1.000,1.000
20.8136,-0.44464,-0.35078,-0.82417,1.000,1.000
20.8275,-0.44426,-0.35078,-0.82437,1.000,1.000
20.8416,-0.44356,-0.35076,-0.82475,1.000,1.000
20.8553,-0.44281,-0.35120,-0.82497,1.000,1.000
20.8695,-0.44251,-0.35117,-0.82515,1.000,1.000
20.8834,-0.44230,-0.35098,-0.82534,1.000,1.000
20.8972,-0.44185,-0.35070,-0.82570,1.000,1.000
20.9120,-0.44124,-0.35075,-0.82600,1.000,1.000
20.9253,-0.44082,-0.35068,-0.82626,1.000,1.000
20.9386,-0.44057,-0.35025,-0.82657,1.000,1.000
20.9529,-0.44106,-0.34896,-0.82686,1.000,1.000
20.9672,-0.44183,-0.34710,-0.82723,1.000,1.000
20.9805,-0.44304,-0.34381,-0.82796,1.000,1.000
20.9948,-0.44429,-0.33723,-0.82999,1.000,1.000
21.0087,-0.44583,-0.32910,-0.83242,1.000,1.000
21.0230,-0.44710,-0.32048,-0.83510,1.000,1.000
21.0365,-0.44864,-0.30956,-0.83839,1.000,1.000
21.0516,-0.45062,-0.29746,-0.84170,1.000,1.000
21.0646,-0.45284,-0.28639,-0.84435,1.000,1.000
21.0776,-0.45506,-0.27420,-0.84719,1.000,1.000
21.0917,-0.45754,-0.26386,-0.84914,1.000,1.000
21.1057,-0.45988,-0.25395,-0.85089,1.000,1.000
21.1199,-0.46277,-0.24268,-0.85262,1.000,1.000
21.1343,-0.46537,-0.23215,-0.85413,1.000,1.000
21.1478,-0.46795,-0.22122,-0.85562,1.000,1.000
21.1620,-0.47111,-0.21062,-0.85656,1.000,1.000
21.1759,-0.47403,-0.19997,-0.85750,1.000,1.000
21.1902,-0.47806,-0.18894,-0.85777,1.000,1.000
21.2035,-0.48222,-0.17714,-0.85795,1.000,1.000
21.2176,-0.48687,-0.16534,-0.85768,1.000,1.000
21.2315,-0.49193,-0.15375,-0.85695,1.000,1.000
21.2458,-0.49652,-0.14242,-0.85626,1.000,1.000
21.2592,-0.50081,-0.13353,-0.85520,1.000,1.000
21.2735,-0.50479,-0.12841,-0.85364,1.000,1.000
21.2871,-0.50795,-0.12451,-0.85234,1.000,1.000
21.3013,-0.51074,-0.12206,-0.85103,1.000,1.000
21.3151,-0.51299,-0.11926,-0.85007,1.000,1.000
21.3291,-0.51502,-0.11556,-0.84935,1.000,1.000
21.3431,-0.51673,-0.10940,-0.84913,1.000,1.000
21.3568,-0.51907,-0.10132,-0.84871,1.000,1.000
21.3712,-0.52197,-0.09357,-0.84781,1.000,1.000
21.3849,-0.52455,-0.08746,-0.84688,1.000,1.000
21.3984,-0.52594,-0.08290,-0.84647,1.000,1.000
21.4127,-0.52686,-0.08015,-0.84616,1.000,1.000
21.4271,-0.52776,-0.07716,-0.84588,1.000,1.000
21.4404,-0.52875,-0.07331,-0.84561,1.000,1.000
21.4545,-0.52963,-0.06739,-0.84555,1.000,1.000
21.4685,-0.53014,-0.06253,-0.84560,1.000,1.000
21.4822,-0.53087,-0.05705,-0.84553,1.000,1.000
21.4962,-0.53206,-0.05230,-0.84509,1.000,1.000
21.5102,-0.53321,-0.04772,-0.84463,1.000,1.000
21.5241,-0.53477,-0.04424,-0.84384,1.000,1.000
21.5382,-0.53644,-0.04008,-0.84299,1.000,1.000
21.5523,-0.53803,-0.03592,-0.84216,1.000,1.000
21.5668,-0.53938,-0.03048,-0.84151,1.000,1.000
21.5798,-0.54056,-0.02513,-0.84093,1.000,1.000
21.5937,-0.54171,-0.02057,-0.84031,1.000,1.000
21.6079,-0.54254,-0.01685,-0.83986,1.000,1.000
21.6216,-0.54322,-0.01408,-0.83947,1.000,1.000
21.6355,-0.54386,-0.01316,-0.83907,1.000,1.000
21.6497,-0.54423,-0.01195,-0.83885,1.000,1.000
21.6637,-0.54452,-0.01214,-0.83866,1.000,1.000
21.6774,-0.54497,-0.01300,-0.83835,1.000,1.000
21.6913,-0.54589,-0.01421,-0.83774,1.000,1.000
21.7052,-0.54671,-0.01517,-0.83718,1.000,1.000
21.7190,-0.54705,-0.01564,-0.83695,1.000,1.000
21.7331,-0.54667,-0.01580,-0.83720,1.000,1.000
21.7469,-0.54596,-0.01681,-0.83764,1.000,1.000
21.7606,-0.54511,-0.01864,-0.83816,1.000,1.000
21.7749,-0.54489,-0.02098,-0.83824,1.000,1.000
21.7894,-0.54529,-0.02289,-0.83793,1.000,1.000
21.8028,-0.54588,-0.02421,-0.83752,1.000,1.000
21.8164,-0.54653,-0.02461,-0.83708,1.000,1.000
21.8307,-0.54696,-0.02513,-0.83678,1.000,1.000
21.8448,-0.54694,-0.02623,-0.83676,1.000,1.000
21.8581,-0.54631,-0.02805,-0.83711,1.000,1.000
21.8724,-0.54459,-0.03107,-0.83812,1.000,1.000
21.8867,-0.54103,-0.03416,-0.84031,1.000,1.000
21.9004,-0.53688,-0.03867,-0.84277,1.000,1.000
21.9143,-0.53195,-0.04079,-0.84579,1.000,1.000
21.9281,-0.52675,-0.04221,-0.84897,1.000,1.000
21.9421,-0.52088,-0.04141,-0.85262,1.000,1.000
21.9557,-0.51518,-0.04000,-0.85615,1.000,1.000
21.9704,-0.50943,-0.03666,-0.85973,1.000,1.000
21.9842,-0.50342,-0.03128,-0.86348,1.000,1.000
21.9974,-0.49874,-0.02331,-0.86644,1.000,1.000
22.0116,-0.49585,-0.01360,-0.86830,1.000,1.000
22.0256,-0.49314,-0.00206,-0.86995,1.000,1.000
22.0392,-0.49178,0.01049,-0.87066,1.000,1.000
22.0544,-0.49078,0.02259,-0.87099,1.000,1.000
22.0697,-0.49462,0.03491,-0.86841,1.000,1.000
22.0814,-0.50172,0.04828,-0.86368,1.000,1.000
22.0947,-0.51815,0.06750,-0.85262,1.000,1.000
22.1090,-0.54341,0.08731,-0.83492,1.000,1.000
22.1228,-0.57844,0.10886,-0.80843,1.000,1.000
22.1366,-0.61666,0.12746,-0.77685,1.000,1.000
22.1508,-0.65938,0.14596,-0.73751,1.000,1.000
22.1643,-0.70411,0.16615,-0.69038,1.000,1.000
22.1785,-0.74396,0.19013,-0.64061,1.000,1.000
22.1927,-0.77777,0.21565,-0.59039,1.000,1.000
22.2072,-0.80429,0.24107,-0.54315,1.000,1.000
22.2204,-0.82274,0.26547,-0.50262,1.000,1.000
22.2344,-0.83257,0.29134,-0.47112,1.000,1.000
22.2481,-0.83746,0.31216,-0.44858,1.000,1.000
22.2625,-0.83746,0.32663,-0.43816,1.000,1.000
22.2759,-0.83822,0.33454,-0.43066,1.000,1.000
22.2901,-0.83368,0.34027,-0.43496,1.000,1.000
22.3038,-0.82711,0.34351,-0.44486,1.000,1.000
22.3178,-0.81628,0.34590,-0.46264,1.000,1.000
22.3318,-0.80142,0.34556,-0.48818,1.000,1.000
22.3456,-0.78509,0.34074,-0.51724,1.000,1.000
22.3594,-0.76421,0.33301,-0.55234,1.000,1.000
22.3737,-0.73925,0.32281,-0.59102,1.000,1.000
22.3880,-0.70790,0.31019,-0.63456,1.000,1.000
22.4015,-0.67318,0.29754,-0.67697,1.000,1.000
22.4154,-0.63477,0.28165,-0.71954,1.000,1.000
22.4296,-0.59143,0.26396,-0.76193,1.000,1.000
22.4435,-0.54719,0.24485,-0.80040,1.000,1.000
22.4569,-0.49687,0.22489,-0.83818,1.000,1.000
22.4713,-0.44590,0.21259,-0.86947,1.000,1.000
22.4851,-0.40137,0.20313,-0.89311,1.000,1.000
22.4987,-0.36765,0.19993,-0.90822,1.000,1.000
22.5129,-0.35018,0.20067,-0.91493,1.000,1.000
22.5271,-0.34954,0.20582,-0.91404,1.000,1.000
22.5419,-0.36446,0.21619,-0.90578,1.000,1.000
22.5563,-0.37618,0.21739,-0.90068,1.000,1.000
22.5699,-0.40334,0.21497,-0.88944,1.000,1.000
22.5834,-0.43730,0.20258,-0.87620,1.000,1.000
22.5969,-0.47150,0.19159,-0.86080,1.000,1.000
22.6106,-0.51381,0.18452,-0.83783,1.000,1.000
22.6244,-0.56509,0.17830,-0.80553,1.000,1.000
22.6377,-0.61123,0.16896,-0.77321,1.000,1.000
22.6518,-0.64938,0.15195,-0.74513,1.000,1.000
22.6663,-0.68442,0.12952,-0.71750,1.000,1.000
22.6795,-0.71371,0.10695,-0.69223,1.000,1.000
22.6934,-0.73958,0.08067,-0.66822,1.000,1.000
22.7075,-0.75533,0.05217,-0.65327,1.000,1.000
22.7214,-0.75927,0.03290,-0.64994,1.000,1.000
22.7355,-0.75029,0.01236,-0.66100,1.000,1.000
22.7493,-0.73361,-0.02149,-0.67923,1.000,1.000
22.7632,-0.70853,-0.06908,-0.70229,1.000,1.000
22.7766,-0.68021,-0.12730,-0.72188,1.000,1.000
22.7910,-0.64377,-0.19222,-0.74068,1.000,1.000
22.8047,-0.60571,-0.25342,-0.75425,1.000,1.000
22.8185,-0.56560,-0.30486,-0.76626,1.000,1.000
22.8326,-0.52580,-0.35015,-0.77520,1.000,1.000
22.8469,-0.48532,-0.38538,-0.78483,1.000,1.000
22.8603,-0.44963,-0.40955,-0.79379,1.000,1.000
22.8743,-0.42986,-0.40999,-0.80444,1.000,1.000
22.8883,-0.42398,-0.40702,-0.80906,1.000,1.000
22.9023,-0.44020,-0.39130,-0.80815,1.000,1.000
22.9158,-0.46801,-0.38609,-0.79492,1.000,1.000
22.9297,-0.50802,-0.38098,-0.77251,1.000,1.000
22.9440,-0.56117,-0.37487,-0.73795,1.000,1.000
22.9576,-0.61885,-0.36481,-0.69566,1.000,1.000
22.9718,-0.67198,-0.35358,-0.65071,1.000,1.000
22.9857,-0.72349,-0.33677,-0.60261,1.000,1.000
22.9994,-0.77056,-0.30930,-0.55729,1.000,1.000
23.0134,-0.81081,-0.27824,-0.51496,1.000,1.000
23.0278,-0.84559,-0.23744,-0.47812,1.000,1.000
23.0412,-0.87194,-0.20315,-0.44548,1.000,1.000
23.0550,-0.89207,-0.17774,-0.41549,1.000,1.000
23.0693,-0.90687,-0.15420,-0.39218,1.000,1.000
23.0833,-0.91724,-0.13231,-0.37571,1.000,1.000
23.0975,-0.92202,-0.11615,-0.36930,1.000,1.000
23.1112,-0.91951,-0.10320,-0.37928,1.000,1.000
23.1248,-0.90910,-0.09334,-0.40598,1.000,1.000
23.1386,-0.88717,-0.08820,-0.45293,1.000,1.000
23.1526,-0.85708,-0.08833,-0.50756,1.000,1.000
23.1667,-0.82069,-0.09191,-0.56393,1.000,1.000
23.1802,-0.78500,-0.09663,-0.61192,1.000,1.000
23.1943,-0.73954,-0.10077,-0.66553,1.000,1.000
23.2090,-0.69012,-0.09707,-0.71716,1.000,1.000
23.2224,-0.62820,-0.08229,-0.77369,1.000,1.000
23.2360,-0.56134,-0.05535,-0.82573,1.000,1.000
23.2506,-0.49546,-0.02966,-0.86813,1.000,1.000
23.2642,-0.43325,-0.00396,-0.90127,1.000,1.000
23.2782,-0.38128,0.01574,-0.92432,1.000,1.000
23.2919,-0.34192,0.03373,-0.93912,1.000,1.000
23.3062,-0.31669,0.06138,-0.94654,1.000,1.000
23.3199,-0.30793,0.08859,-0.94728,1.000,1.000
23.3338,-0.30731,0.12006,-0.94401,1.000,1.000
23.3476,-0.31314,0.14551,-0.93849,1.000,1.000
23.3621,-0.32961,0.16825,-0.92901,1.000,1.000
23.3752,-0.35243,0.18622,-0.91712,1.000,1.000
23.3896,-0.38389,0.19905,-0.90167,1.000,1.000
23.4033,-0.41963,0.20601,-0.88401,1.000,1.000
23.4167,-0.45866,0.21158,-0.86306,1.000,1.000
23.4310,-0.50120,0.22101,-0.83663,1.000,1.000
23.4450,-0.54680,0.23371,-0.80399,1.000,1.000
23.4588,-0.58860,0.25124,-0.76839,1.000,1.000
23.4729,-0.62400,0.27225,-0.73246,1.000,1.000
23.4867,-0.65294,0.29402,-0.69801,1.000,1.000
23.5008,-0.67679,0.31748,-0.66421,1.000,1.000
23.5149,-0.69433,0.34221,-0.63308,1.000,1.000
23.5284,-0.70875,0.36096,-0.60612,1.000,1.000
23.5425,-0.71612,0.37409,-0.58926,1.000,1.000
23.5566,-0.71518,0.38622,-0.58254,1.000,1.000
23.5708,-0.70560,0.39737,-0.58672,1.000,1.000
23.5842,-0.69037,0.40825,-0.59726,1.000,1.000
23.5980,-0.66909,0.41394,-0.61722,1.000,1.000
23.6123,-0.64365,0.41784,-0.64119,1.000,1.000
23.6263,-0.61264,0.41548,-0.67234,1.000,1.000
23.6396,-0.57398,0.41017,-0.70874,1.000,1.000
23.6540,-0.53627,0.40498,-0.74054,1.000,1.000
23.6681,-0.49376,0.39562,-0.77439,1.000,1.000
23.6819,-0.45323,0.38793,-0.80255,1.000,1.000
23.6959,-0.41343,0.38291,-0.82611,1.000,1.000
23.7096,-0.37638,0.38067,-0.84465,1.000,1.000
23.7238,-0.34198,0.37656,-0.86096,1.000,1.000
23.7374,-0.30850,0.36865,-0.87688,1.000,1.000
23.7518,-0.27599,0.35746,-0.89222,1.000,1.000
23.7654,-0.24428,0.34674,-0.90559,1.000,1.000
23.7789,-0.21513,0.33462,-0.91747,1.000,1.000
23.7933,-0.18770,0.32095,-0.92831,1.000,1.000
23.8073,-0.15981,0.30402,-0.93917,1.000,1.000
23.8214,-0.12732,0.28597,-0.94974,1.000,1.000
23.8348,-0.09146,0.26664,-0.95945,1.000,1.000
23.8491,-0.05301,0.24693,-0.96758,1.000,1.000
23.8630,-0.01295,0.22364,-0.97459,1.000,1.000
23.8766,0.03276,0.19512,-0.98023,1.000,1.000
23.8910,0.07925,0.16606,-0.98293,1.000,1.000
23.9048,0.12557,0.13794,-0.98245,1.000,1.000
23.9185,0.16996,0.11275,-0.97898,1.000,1.000
23.9328,0.21144,0.08810,-0.97341,1.000,1.000
23.9467,0.24445,0.06380,-0.96756,1.000,1.000
23.9600,0.27016,0.04288,-0.96186,1.000,1.000
23.9746,0.28774,0.02251,-0.95744,1.000,1.000
23.9883,0.30380,0.00282,-0.95273,1.000,1.000
24.0019,0.31270,-0.01234,-0.94977,1.000,1.000
24.0155,0.31823,-0.02258,-0.94775,1.000,1.000
24.0302,0.32205,-0.03370,-0.94612,1.000,1.000
24.0441,0.32395,-0.04545,-0.94498,1.000,1.000
24.0574,0.32697,-0.06020,-0.94312,1.000,1.000
24.0716,0.33095,-0.07493,-0.94067,1.000,1.000
24.0854,0.33342,-0.08927,-0.93854,1.000,1.000
24.1002,0.33142,-0.10637,-0.93747,1.000,1.000
24.1152,0.32815,-0.11992,-0.93698,1.000,1.000
24.1271,0.32880,-0.13163,-0.93518,1.000,1.000
24.1403,0.33094,-0.13774,-0.93354,1.000,1.000
24.1545,0.33296,-0.14443,-0.93182,1.000,1.000
24.1682,0.33210,-0.15135,-0.93102,1.000,1.000
24.1822,0.32628,-0.16060,-0.93153,1.000,1.000
24.1959,0.32092,-0.16655,-0.93235,1.000,1.000
24.2103,0.31863,-0.17002,-0.93251,1.000,1.000
24.2247,0.31915,-0.17269,-0.93184,1.000,1.000
24.2384,0.32070,-0.17550,-0.93078,1.000,1.000
24.2526,0.32163,-0.18138,-0.92933,1.000,1.000
24.2662,0.32171,-0.18945,-0.92769,1.000,1.000
24.2799,0.32060,-0.19905,-0.92607,1.000,1.000
24.2938,0.31784,-0.20574,-0.92555,1.000,1.000
24.3083,0.31436,-0.20966,-0.92586,1.000,1.000
24.3219,0.31027,-0.21114,-0.92690,1.000,1.000
24.3358,0.30528,-0.21340,-0.92804,1.000,1.000
24.3500,0.29983,-0.21873,-0.92858,1.000,1.000
24.3639,0.29160,-0.22485,-0.92974,1.000,1.000
24.3776,0.28307,-0.22868,-0.93144,1.000,1.000
24.3917,0.27402,-0.23353,-0.93294,1.000,1.000
24.4054,0.26507,-0.23865,-0.93423,1.000,1.000
24.4191,0.25486,-0.24370,-0.93577,1.000,1.000
24.4333,0.24279,-0.24867,-0.93767,1.000,1.000
24.4474,0.22876,-0.25225,-0.94023,1.000,1.000
24.4613,0.21638,-0.25419,-0.94264,1.000,1.000
24.4749,0.20716,-0.25369,-0.94484,1.000,1.000
24.4889,0.20277,-0.25227,-0.94617,1.000,1.000
24.5037,0.19974,-0.24883,-0.94773,1.000,1.000
24.5172,0.19617,-0.24616,-0.94917,1.000,1.000
24.5309,0.19140,-0.24390,-0.95072,1.000,1.000
24.5446,0.18500,-0.24089,-0.95276,1.000,1.000
24.5583,0.17693,-0.23841,-0.95491,1.000,1.000
24.5724,0.17011,-0.23700,-0.95650,1.000,1.000
24.5868,0.16549,-0.23471,-0.95787,1.000,1.000
24.6003,0.16145,-0.23432,-0.95866,1.000,1.000
24.6143,0.15804,-0.23300,-0.95955,1.000,1.000
24.6286,0.15472,-0.23215,-0.96030,1.000,1.000
24.6423,0.15118,-0.23174,-0.96096,1.000,1.000
24.6559,0.14748,-0.23119,-0.96167,1.000,1.000
24.6699,0.14340,-0.23150,-0.96221,1.000,1.000
24.6842,0.14009,-0.23255,-0.96244,1.000,1.000
24.6979,0.13809,-0.23114,-0.96307,1.000,1.000
24.7118,0.13711,-0.22942,-0.96362,1.000,1.000
24.7261,0.13540,-0.22669,-0.96451,1.000,1.000
24.7398,0.13236,-0.22460,-0.96542,1.000,1.000
24.7540,0.12742,-0.22256,-0.96656,1.000,1.000
24.7678,0.12278,-0.21918,-0.96793,1.000,1.000
24.7814,0.11815,-0.21658,-0.96909,1.000,1.000
24.7950,0.11349,-0.21343,-0.97034,1.000,1.000
24.8093,0.10796,-0.21062,-0.97159,1.000,1.000
24.8229,0.10118,-0.20721,-0.97305,1.000,1.000
24.8368,0.09341,-0.20266,-0.97479,1.000,1.000
24.8511,0.08564,-0.19800,-0.97645,1.000,1.000
24.8648,0.07666,-0.18976,-0.97883,1.000,1.000
24.8790,0.06581,-0.18119,-0.98124,1.000,1.000
24.8928,0.05539,-0.17220,-0.98350,1.000,1.000
24.9070,0.04404,-0.16324,-0.98560,1.000,1.000
24.9209,0.03320,-0.15446,-0.98744,1.000,1.000
24.9350,0.02158,-0.14528,-0.98915,1.000,1.000
24.9486,0.00727,-0.13595,-0.99069,1.000,1.000
24.9623,-0.00790,-0.12763,-0.99179,1.000,1.000
24.9760,-0.02293,-0.12131,-0.99235,1.000,1.000
24.9909,-0.03782,-0.11596,-0.99253,1.000,1.000
25.0044,-0.05317,-0.11126,-0.99237,1.000,1.000
25.0178,-0.07085,-0.10364,-0.99209,1.000,1.000
25.0324,-0.08796,-0.09212,-0.99186,1.000,1.000
25.0464,-0.10471,-0.07920,-0.99134,1.000,1.000
25.0599,-0.11880,-0.06862,-0.99054,1.000,1.000
25.0738,-0.13060,-0.06121,-0.98954,1.000,1.000
25.0881,-0.14215,-0.05756,-0.98817,1.000,1.000
25.1021,-0.15503,-0.05542,-0.98635,1.000,1.000
25.1160,-0.16780,-0.05438,-0.98432,1.000,1.000
25.1302,-0.18003,-0.05193,-0.98229,1.000,1.000
25.1436,-0.19150,-0.04725,-0.98036,1.000,1.000
25.1574,-0.20270,-0.04177,-0.97835,1.000,1.000
25.1725,-0.21511,-0.03451,-0.97598,1.000,1.000
25.1856,-0.22874,-0.02791,-0.97309,1.000,1.000
25.1992,-0.24174,-0.02235,-0.97009,1.000,1.000
25.2137,-0.25465,-0.01782,-0.96687,1.000,1.000
25.2273,-0.26702,-0.01300,-0.96360,1.000,1.000
25.2407,-0.27875,-0.00746,-0.96033,1.000,1.000
25.2549,-0.28880,-0.00147,-0.95739,1.000,1.000
25.2687,-0.29782,0.00475,-0.95461,1.000,1.000
25.2829,-0.30734,0.01173,-0.95153,1.000,1.000
25.2965,-0.31687,0.01589,-0.94834,1.000,1.000
25.3108,-0.32555,0.01924,-0.94533,1.000,1.000
25.3248,-0.33491,0.02043,-0.94203,1.000,1.000
25.3382,-0.34342,0.02235,-0.93892,1.000,1.000
25.3526,-0.35155,0.02511,-0.93583,1.000,1.000
25.3663,-0.36136,0.03018,-0.93194,1.000,1.000
25.3803,-0.37363,0.03875,-0.92677,1.000,1.000
25.3944,-0.39082,0.05235,-0.91898,1.000,1.000
25.4084,-0.40998,0.06965,-0.90943,1.000,1.000
25.4220,-0.42800,0.08751,-0.89953,1.000,1.000
25.4358,-0.44563,0.10422,-0.88913,1.000,1.000
25.4502,-0.46156,0.11702,-0.87936,1.000,1.000
25.4639,-0.47542,0.12512,-0.87081,1.000,1.000
25.4777,-0.48769,0.12974,-0.86332,1.000,1.000
25.4918,-0.49928,0.13024,-0.85660,1.000,1.000
25.5064,-0.51320,0.13342,-0.84784,1.000,1.000
25.5193,-0.52998,0.13950,-0.83646,1.000,1.000
25.5337,-0.54796,0.14939,-0.82305,1.000,1.000
25.5476,-0.56615,0.15922,-0.80878,1.000,1.000
25.5614,-0.58413,0.16826,-0.79403,1.000,1.000
25.5752,-0.60064,0.17342,-0.78049,1.000,1.000
25.5893,-0.61466,0.17547,-0.76903,1.000,1.000
25.6034,-0.62660,0.17906,-0.75850,1.000,1.000
25.6174,-0.63772,0.18591,-0.74750,1.000,1.000
25.6312,-0.64857,0.19328,-0.73620,1.000,1.000
25.6453,-0.65859,0.19890,-0.72574,1.000,1.000
25.6589,-0.66716,0.19888,-0.71787,1.000,1.000
25.6729,-0.67560,0.19808,-0.71016,1.000,1.000
25.6866,-0.68521,0.19640,-0.70137,1.000,1.000
25.7006,-0.69525,0.19712,-0.69121,1.000,1.000
25.7149,-0.70603,0.19881,-0.67970,1.000,1.000
25.7284,-0.71735,0.20042,-0.66727,1.000,1.000
25.7425,-0.72974,0.20148,-0.65336,1.000,1.000
25.7566,-0.74350,0.20372,-0.63695,1.000,1.000
25.7704,-0.75846,0.20931,-0.61719,1.000,1.000
25.7841,-0.77206,0.21628,-0.59761,1.000,1.000
25.7980,-0.78464,0.22367,-0.57819,1.000,1.000
25.8122,-0.79574,0.22933,-0.56055,1.000,1.000
25.8263,-0.80651,0.23253,-0.54358,1.000,1.000
25.8401,-0.81621,0.23515,-0.52773,1.000,1.000
25.8545,-0.82534,0.23690,-0.51254,1.000,1.000
25.8682,-0.83527,0.23932,-0.49503,1.000,1.000
25.8819,-0.84618,0.24110,-0.47524,1.000,1.000
25.8955,-0.85827,0.24094,-0.45313,1.000,1.000
25.9095,-0.87055,0.24145,-0.42876,1.000,1.000
25.9236,-0.88291,0.24121,-0.40285,1.000,1.000
25.9373,-0.89478,0.24269,-0.37478,1.000,1.000
25.9518,-0.90535,0.24700,-0.34544,1.000,1.000
25.9657,-0.91357,0.25370,-0.31784,1.000,1.000
25.9791,-0.91960,0.25969,-0.29478,1.000,1.000
25.9931,-0.92347,0.26404,-0.27835,1.000,1.000
26.0074,-0.92695,0.26689,-0.26370,1.000,1.000
26.0214,-0.93022,0.26605,-0.25279,1.000,1.000
26.0346,-0.93357,0.26431,-0.24205,1.000,1.000
26.0493,-0.93691,0.26170,-0.23177,1.000,1.000
26.0628,-0.94048,0.25774,-0.22150,1.000,1.000
26.0762,-0.94459,0.25126,-0.21125,1.000,1.000
26.0909,-0.94888,0.24432,-0.19983,1.000,1.000
26.1045,-0.95254,0.23906,-0.18847,1.000,1.000
26.1184,-0.95542,0.23581,-0.17766,1.000,1.000
26.1328,-0.95779,0.23509,-0.16545,1.000,1.000
26.1467,-0.95930,0.23650,-0.15428,1.000,1.000
26.1600,-0.96046,0.23763,-0.14506,1.000,1.000
26.1744,-0.96161,0.23775,-0.13707,1.000,1.000
26.1881,-0.96271,0.23690,-0.13066,1.000,1.000
26.2018,-0.96461,0.23224,-0.12488,1.000,1.000
26.2156,-0.96702,0.22462,-0.12010,1.000,1.000
26.2299,-0.96927,0.21700,-0.11589,1.000,1.000
26.2440,-0.97081,0.21091,-0.11420,1.000,1.000
26.2579,-0.97190,0.20639,-0.11317,1.000,1.000
26.2720,-0.97264,0.20286,-0.11323,1.000,1.000
26.2857,-0.97342,0.19920,-0.11300,1.000,1.000
26.2991,-0.97406,0.19667,-0.11195,1.000,1.000
26.3136,-0.97451,0.19556,-0.10991,1.000,1.000
26.3275,-0.97462,0.19612,-0.10794,1.000,1.000
26.3419,-0.97461,0.19704,-0.10638,1.000,1.000
26.3557,-0.97443,0.19824,-0.10577,1.000,1.000
26.3691,-0.97414,0.19970,-0.10572,1.000,1.000
26.3831,-0.97368,0.20159,-0.10637,1.000,1.000
26.3969,-0.97339,0.20245,-0.10738,1.000,1.000
26.4110,-0.97358,0.20094,-0.10848,1.000,1.000
26.4252,-0.97398,0.19783,-0.11058,1.000,1.000
26.4387,-0.97441,0.19414,-0.11334,1.000,1.000
26.4528,-0.97497,0.18963,-0.11603,1.000,1.000
26.4668,-0.97546,0.18616,-0.11757,1.000,1.000
26.4805,-0.97572,0.18438,-0.11821,1.000,1.000
26.4944,-0.97584,0.18320,-0.11903,1.000,1.000
26.5083,-0.97602,0.18181,-0.11969,1.000,1.000
26.5224,-0.97618,0.17940,-0.12206,1.000,1.000
26.5359,-0.97644,0.17523,-0.12596,1.000,1.000
26.5504,-0.97676,0.17023,-0.13025,1.000,1.000
26.5642,-0.97706,0.16466,-0.13508,1.000,1.000
26.5778,-0.97721,0.15902,-0.14063,1.000,1.000
26.5922,-0.97723,0.15349,-0.14651,1.000,1.000
26.6063,-0.97714,0.14754,-0.15308,1.000,1.000
26.6195,-0.97690,0.14056,-0.16098,1.000,1.000
26.6336,-0.97645,0.13242,-0.17035,1.000,1.000
26.6477,-0.97565,0.12331,-0.18140,1.000,1.000
26.6620,-0.97416,0.11504,-0.19436,1.000,1.000
26.6755,-0.97246,0.10806,-0.20650,1.000,1.000
26.6895,-0.97017,0.10126,-0.22026,1.000,1.000
26.7038,-0.96734,0.09299,-0.23582,1.000,1.000
26.7172,-0.96347,0.08222,-0.25488,1.000,1.000
26.7313,-0.95800,0.06895,-0.27836,1.000,1.000
26.7450,-0.95054,0.05521,-0.30565,1.000,1.000
26.7588,-0.94242,0.03913,-0.33212,1.000,1.000
26.7731,-0.93352,0.02316,-0.35778,1.000,1.000
26.7869,-0.92320,0.00776,-0.38424,1.000,1.000
26.8003,-0.91044,-0.00637,-0.41360,1.000,1.000
26.8147,-0.89594,-0.01887,-0.44377,1.000,1.000
26.8287,-0.88317,-0.02784,-0.46823,1.000,1.000
26.8429,-0.87212,-0.03565,-0.48799,1.000,1.000
26.8563,-0.86060,-0.04182,-0.50757,1.000,1.000
26.8706,-0.84560,-0.05064,-0.53141,1.000,1.000
26.8843,-0.82702,-0.06181,-0.55877,1.000,1.000
26.8979,-0.80775,-0.07426,-0.58483,1.000,1.000
26.9120,-0.79156,-0.08543,-0.60510,1.000,1.000
26.9260,-0.77881,-0.09352,-0.62025,1.000,1.000
26.9396,-0.76531,-0.10071,-0.63574,1.000,1.000
26.9542,-0.74841,-0.10911,-0.65420,1.000,1.000
26.9677,-0.72944,-0.11819,-0.67376,1.000,1.000
26.9818,-0.71163,-0.12703,-0.69097,1.000,1.000
26.9952,-0.69631,-0.13379,-0.70516,1.000,1.000
27.0096,-0.68257,-0.13706,-0.71785,1.000,1.000
27.0236,-0.66747,-0.14110,-0.73115,1.000,1.000
27.0371,-0.65456,-0.14428,-0.74212,1.000,1.000
27.0520,-0.64532,-0.14699,-0.74964,1.000,1.000
27.0654,-0.63904,-0.14997,-0.75441,1.000,1.000
27.0790,-0.63490,-0.15190,-0.75751,1.000,1.000
27.0930,-0.62952,-0.15427,-0.76152,1.000,1.000
27.1068,-0.62460,-0.15823,-0.76475,1.000,1.000
27.1204,-0.61887,-0.16219,-0.76857,1.000,1.000
27.1348,-0.61265,-0.16594,-0.77274,1.000,1.000
27.1485,-0.60561,-0.16963,-0.77747,1.000,1.000
27.1647,-0.59796,-0.17377,-0.78246,1.000,1.000
27.1766,-0.58971,-0.17767,-0.78783,1.000,1.000
27.1904,-0.58329,-0.18226,-0.79155,1.000,1.000
27.2040,-0.57903,-0.18458,-0.79414,1.000,1.000
27.2178,-0.57505,-0.18544,-0.79682,1.000,1.000
27.2325,-0.57040,-0.18561,-0.80012,1.000,1.000
27.2464,-0.56517,-0.18725,-0.80344,1.000,1.000
27.2599,-0.55974,-0.18750,-0.80718,1.000,1.000
27.2738,-0.55565,-0.18913,-0.80962,1.000,1.000
27.2881,-0.55333,-0.19023,-0.81095,1.000,1.000
27.3021,-0.55044,-0.18978,-0.81302,1.000,1.000
27.3159,-0.54697,-0.18946,-0.81543,1.000,1.000
27.3294,-0.54192,-0.19080,-0.81849,1.000,1.000
27.3433,-0.53659,-0.19310,-0.82145,1.000,1.000
27.3571,-0.53066,-0.19558,-0.82471,1.000,1.000
27.3714,-0.52553,-0.19854,-0.82729,1.000,1.000
27.3852,-0.52051,-0.20011,-0.83008,1.000,1.000
27.3992,-0.51561,-0.20092,-0.83293,1.000,1.000
27.4135,-0.51215,-0.20216,-0.83476,1.000,1.000
27.4274,-0.50863,-0.20324,-0.83665,1.000,1.000
27.4405,-0.50478,-0.20510,-0.83853,1.000,1.000
27.4547,-0.50047,-0.20601,-0.84089,1.000,1.000
27.4687,-0.49655,-0.20813,-0.84268,1.000,1.000
27.4829,-0.49270,-0.21004,-0.84447,1.000,1.000
27.4967,-0.49028,-0.21183,-0.84543,1.000,1.000
27.5104,-0.48860,-0.21342,-0.84601,1.000,1.000
27.5244,-0.48547,-0.21502,-0.84740,1.000,1.000
27.5380,-0.48017,-0.21802,-0.84965,1.000,1.000
27.5524,-0.47311,-0.22262,-0.85241,1.000,1.000
27.5660,-0.46508,-0.22939,-0.85503,1.000,1.000
27.5798,-0.45636,-0.23869,-0.85719,1.000,1.000
27.5940,-0.44773,-0.24557,-0.85979,1.000,1.000
27.6084,-0.44075,-0.25150,-0.86168,1.000,1.000
27.6231,-0.43472,-0.25479,-0.86377,1.000,1.000
27.6364,-0.42965,-0.25624,-0.86588,1.000,1.000
27.6506,-0.42443,-0.25724,-0.86815,1.000,1.000
27.6636,-0.41869,-0.25870,-0.87050,1.000,1.000
27.6774,-0.41371,-0.25874,-0.87287,1.000,1.000
27.6917,-0.40993,-0.26048,-0.87413,1.000,1.000
27.7054,-0.40711,-0.26138,-0.87518,1.000,1.000
27.7188,-0.40437,-0.26239,-0.87615,1.000,1.000
27.7334,-0.40046,-0.26440,-0.87734,1.000,1.000
27.7474,-0.39616,-0.26906,-0.87788,1.000,1.000
27.7612,-0.39077,-0.27584,-0.87819,1.000,1.000
27.7748,-0.38419,-0.28576,-0.87792,1.000,1.000
27.7892,-0.37692,-0.29524,-0.87793,1.000,1.000
27.8027,-0.37039,-0.30603,-0.87702,1.000,1.000
27.8166,-0.36556,-0.31519,-0.87580,1.000,1.000
27.8309,-0.36153,-0.32292,-0.87465,1.000,1.000
27.8448,-0.35823,-0.33023,-0.87328,1.000,1.000
27.8582,-0.35407,-0.33669,-0.87251,1.000,1.000
27.8724,-0.34996,-0.34223,-0.87201,1.000,1.000
27.8864,-0.34674,-0.34613,-0.87176,1.000,1.000
27.9001,-0.34310,-0.34965,-0.87179,1.000,1.000
27.9143,-0.33999,-0.35342,-0.87149,1.000,1.000
27.9281,-0.33883,-0.35827,-0.86996,1.000,1.000
27.9423,-0.33741,-0.36198,-0.86898,1.000,1.000
27.9562,-0.33617,-0.36612,-0.86772,1.000,1.000
27.9702,-0.33443,-0.37107,-0.86629,1.000,1.000
27.9840,-0.33199,-0.37652,-0.86488,1.000,1.000
27.9975,-0.32904,-0.38168,-0.86374,1.000,1.000
28.0119,-0.32605,-0.38647,-0.86275,1.000,1.000
28.0259,-0.32267,-0.39013,-0.86237,1.000,1.000
28.0391,-0.31995,-0.39258,-0.86227,1.000,1.000
28.0531,-0.31712,-0.39535,-0.86205,1.000,1.000
28.0669,-0.31463,-0.39781,-0.86184,1.000,1.000
28.0811,-0.31241,-0.40041,-0.86144,1.000,1.000
28.0945,-0.31100,-0.40249,-0.86098,1.000,1.000
28.1089,-0.31026,-0.40271,-0.86114,1.000,1.000
28.1229,-0.30965,-0.40272,-0.86136,1.000,1.000
28.1367,-0.30929,-0.40320,-0.86126,1.000,1.000
28.1506,-0.30874,-0.40426,-0.86096,1.000,1.000
28.1645,-0.30818,-0.40684,-0.85995,1.000,1.000
28.1783,-0.30735,-0.40865,-0.85939,1.000,1.000
28.1931,-0.30616,-0.40889,-0.85970,1.000,1.000
28.2073,-0.30533,-0.40865,-0.86010,1.000,1.000
28.2203,-0.30431,-0.40794,-0.86080,1.000,1.000
28.2339,-0.30332,-0.40808,-0.86108,1.000,1.000
28.2479,-0.30267,-0.40879,-0.86098,1.000,1.000
28.2622,-0.30286,-0.40915,-0.86074,1.000,1.000
28.2754,-0.30342,-0.40791,-0.86113,1.000,1.000
28.2901,-0.30362,-0.40645,-0.86175,1.000,1.000
28.3041,-0.30352,-0.40535,-0.86230,1.000,1.000
28.3177,-0.30363,-0.40514,-0.86236,1.000,1.000
28.3315,-0.30370,-0.40601,-0.86193,1.000,1.000
28.3457,-0.30369,-0.40729,-0.86133,1.000,1.000
28.3593,-0.30374,-0.40777,-0.86109,1.000,1.000
28.3734,-0.30399,-0.40755,-0.86110,1.000,1.000
28.3880,-0.30405,-0.40713,-0.86128,1.000,1.000
28.4013,-0.30411,-0.40684,-0.86139,1.000,1.000
28.4153,-0.30362,-0.40697,-0.86151,1.000,1.000
28.4294,-0.30294,-0.40749,-0.86150,1.000,1.000
28.4433,-0.30212,-0.40820,-0.86145,1.000,1.000
28.4570,-0.30137,-0.40888,-0.86139,1.000,1.000
28.4707,-0.30096,-0.40895,-0.86150,1.000,1.000
28.4848,-0.30062,-0.40749,-0.86231,1.000,1.000
28.4997,-0.30059,-0.40622,-0.86292,1.000,1.000
28.5136,-0.30049,-0.40528,-0.86340,1.000,1.000
28.5270,-0.30080,-0.40539,-0.86324,1.000,1.000
28.5402,-0.30126,-0.40583,-0.86287,1.000,1.000
28.5546,-0.30190,-0.40646,-0.86235,1.000,1.000
28.5683,-0.30264,-0.40615,-0.86224,1.000,1.000
28.5822,-0.30333,-0.40487,-0.86260,1.000,1.000
28.5959,-0.30383,-0.40353,-0.86305,1.000,1.000
28.6104,-0.30407,-0.40234,-0.86352,1.000,1.000
28.6242,-0.30462,-0.40163,-0.86366,1.000,1.000
28.6378,-0.30518,-0.40135,-0.86359,1.000,1.000
28.6519,-0.30599,-0.40138,-0.86329,1.000,1.000
28.6662,-0.30663,-0.40082,-0.86332,1.000,1.000
28.6796,-0.30700,-0.39946,-0.86382,1.000,1.000
28.6937,-0.30752,-0.39755,-0.86451,1.000,1.000
28.7076,-0.30794,-0.39589,-0.86513,1.000,1.000
28.7218,-0.30834,-0.39456,-0.86559,1.000,1.000
28.7353,-0.30869,-0.39332,-0.86603,1.000,1.000
28.7493,-0.30908,-0.39279,-0.86613,1.000,1.000
28.7634,-0.30954,-0.39192,-0.86636,1.000,1.000
28.7771,-0.31020,-0.39196,-0.86611,1.000,1.000
28.7912,-0.31091,-0.39168,-0.86598,1.000,1.000
28.8056,-0.31143,-0.39095,-0.86612,1.000,1.000
28.8189,-0.31239,-0.39038,-0.86603,1.000,1.000
28.8331,-0.31328,-0.38974,-0.86600,1.000,1.000
28.8472,-0.31423,-0.38910,-0.86594,1.000,1.000
28.8607,-0.31477,-0.38880,-0.86589,1.000,1.000
28.8746,-0.31538,-0.38891,-0.86561,1.000,1.000
28.8887,-0.31605,-0.38851,-0.86555,1.000,1.000
28.9025,-0.31671,-0.38785,-0.86560,1.000,1.000
28.9163,-0.31781,-0.38669,-0.86572,1.000,1.000
28.9303,-0.31885,-0.38524,-0.86598,1.000,1.000
28.9444,-0.31988,-0.38417,-0.86608,1.000,1.000
28.9586,-0.32058,-0.38339,-0.86616,1.000,1.000
28.9728,-0.32134,-0.38266,-0.86620,1.000,1.000
28.9866,-0.32204,-0.38253,-0.86601,1.000,1.000
29.0000,-0.32268,-0.38280,-0.86565,1.000,1.000
29.0143,-0.32314,-0.38302,-0.86538,1.000,1.000
29.0284,-0.32341,-0.38352,-0.86505,1.000,1.000
29.0422,-0.32383,-0.38421,-0.86459,1.000,1.000
29.0559,-0.32407,-0.38513,-0.86409,1.000,1.000
29.0698,-0.32406,-0.38547,-0.86394,1.000,1.000
29.0836,-0.32425,-0.38587,-0.86370,1.000,1.000
29.0976,-0.32450,-0.38583,-0.86362,1.000,1.000
29.1113,-0.32473,-0.38581,-0.86354,1.000,1.000
29.1253,-0.32454,-0.38591,-0.86356,1.000,1.000
29.1392,-0.32433,-0.38645,-0.86340,1.000,1.000
29.1536,-0.32459,-0.38714,-0.86300,1.000,1.000
29.1671,-0.32493,-0.38707,-0.86290,1.000,1.000
29.1812,-0.32522,-0.38661,-0.86300,1.000,1.000
29.1950,-0.32548,-0.38621,-0.86308,1.000,1.000
29.2091,-0.32579,-0.38629,-0.86293,1.000,1.000
29.2236,-0.32634,-0.38633,-0.86270,1.000,1.000
29.2366,-0.32703,-0.38644,-0.86239,1.000,1.000
29.2504,-0.32767,-0.38641,-0.86216,1.000,1.000
29.2645,-0.32832,-0.38625,-0.86198,1.000,1.000
29.2783,-0.32926,-0.38584,-0.86181,1.000,1.000
29.2923,-0.33006,-0.38533,-0.86173,1.000,1.000
29.3064,-0.33115,-0.38540,-0.86128,1.000,1.000
29.3200,-0.33222,-0.38511,-0.86100,1.000,1.000
29.3343,-0.33344,-0.38413,-0.86097,1.000,1.000
29.3481,-0.33469,-0.38353,-0.86075,1.000,1.000
29.3623,-0.33579,-0.38357,-0.86030,1.000,1.000
29.3760,-0.33679,-0.38356,-0.85991,1.000,1.000
29.3906,-0.33791,-0.38355,-0.85948,1.000,1.000
29.4040,-0.33873,-0.38300,-0.85940,1.000,1.000
29.4177,-0.33944,-0.38259,-0.85931,1.000,1.000
29.4316,-0.33996,-0.38132,-0.85966,1.000,1.000
29.4461,-0.34053,-0.38076,-0.85968,1.000,1.000
29.4596,-0.34075,-0.37985,-0.86000,1.000,1.000
29.4735,-0.34102,-0.37947,-0.86006,1.000,1.000
29.4876,-0.34167,-0.37925,-0.85990,1.000,1.000
29.5015,-0.34267,-0.37906,-0.85959,1.000,1.000
29.5162,-0.34363,-0.37855,-0.85943,1.000,1.000
29.5301,-0.34461,-0.37844,-0.85909,1.000,1.000
29.5436,-0.34605,-0.37834,-0.85855,1.000,1.000
29.5574,-0.34727,-0.37828,-0.85808,1.000,1.000
29.5718,-0.34831,-0.37792,-0.85782,1.000,1.000
29.5851,-0.34949,-0.37770,-0.85744,1.000,1.000
29.5988,-0.35070,-0.37747,-0.85705,1.000,1.000
29.6125,-0.35216,-0.37730,-0.85652,1.000,1.000
29.6269,-0.35322,-0.37690,-0.85626,1.000,1.000
29.6404,-0.35408,-0.37610,-0.85626,1.000,1.000
29.6543,-0.35455,-0.37490,-0.85659,1.000,1.000
29.6682,-0.35505,-0.37438,-0.85661,1.000,1.000
29.6822,-0.35555,-0.37391,-0.85661,1.000,1.000
29.6957,-0.35616,-0.37347,-0.85655,1.000,1.000
29.7096,-0.35662,-0.37212,-0.85694,1.000,1.000
29.7237,-0.35733,-0.37109,-0.85709,1.000,1.000
29.7378,-0.35802,-0.37025,-0.85717,1.000,1.000
29.7522,-0.35884,-0.36927,-0.85725,1.000,1.000
29.7655,-0.36020,-0.36812,-0.85717,1.000,1.000
29.7795,-0.36204,-0.36618,-0.85723,1.000,1.000
29.7935,-0.36446,-0.36314,-0.85750,1.000,1.000
29.8076,-0.36731,-0.35963,-0.85776,1.000,1.000
29.8211,-0.37053,-0.35514,-0.85824,1.000,1.000
29.8352,-0.37474,-0.35033,-0.85839,1.000,1.000
29.8494,-0.37918,-0.34524,-0.85850,1.000,1.000
29.8630,-0.38367,-0.34067,-0.85834,1.000,1.000
29.8767,-0.38972,-0.33528,-0.85773,1.000,1.000
29.8910,-0.39608,-0.32799,-0.85764,1.000,1.000
29.9052,-0.40208,-0.31927,-0.85813,1.000,1.000
29.9187,-0.40846,-0.30945,-0.85872,1.000,1.000
29.9330,-0.41476,-0.29990,-0.85909,1.000,1.000
29.9467,-0.42222,-0.28735,-0.85974,1.000,1.000
29.9605,-0.43035,-0.27370,-0.86017,1.000,1.000
29.9748,-0.43800,-0.26054,-0.86039,1.000,1.000
29.9886,-0.44599,-0.24525,-0.86078,1.000,1.000
30.0024,-0.45476,-0.22917,-0.86063,1.000,1.000
30.0160,-0.46225,-0.21407,-0.86052,1.000,1.000
30.0302,-0.47013,-0.19733,-0.86025,1.000,1.000
30.0443,-0.47806,-0.18236,-0.85919,1.000,1.000
30.0581,-0.48597,-0.16795,-0.85769,1.000,1.000
30.0721,-0.49349,-0.15686,-0.85549,1.000,1.000
30.0866,-0.49906,-0.14782,-0.85387,1.000,1.000
30.0998,-0.50422,-0.14123,-0.85195,1.000,1.000
30.1139,-0.50878,-0.13570,-0.85013,1.000,1.000
30.1279,-0.51238,-0.13112,-0.84869,1.000,1.000
30.1415,-0.51460,-0.12800,-0.84782,1.000,1.000
30.1554,-0.51752,-0.12522,-0.84646,1.000,1.000
30.1698,-0.52027,-0.12493,-0.84482,1.000,1.000
30.1834,-0.52341,-0.12773,-0.84246,1.000,1.000
30.1974,-0.52665,-0.13197,-0.83977,1.000,1.000
30.2114,-0.53024,-0.13943,-0.83630,1.000,1.000
30.2258,-0.53434,-0.14949,-0.83195,1.000,1.000
30.2393,-0.53840,-0.15631,-0.82807,1.000,1.000
30.2535,-0.54108,-0.16752,-0.82412,1.000,1.000
30.2672,-0.54328,-0.17666,-0.82075,1.000,1.000
30.2814,-0.54634,-0.18797,-0.81620,1.000,1.000
30.2943,-0.55007,-0.20180,-0.81037,1.000,1.000
30.3084,-0.55413,-0.21758,-0.80349,1.000,1.000
30.3228,-0.55829,-0.23537,-0.79556,1.000,1.000
30.3369,-0.56176,-0.25274,-0.78774,1.000,1.000
30.3509,-0.56440,-0.26592,-0.78150,1.000,1.000
30.3644,-0.56693,-0.27689,-0.77584,1.000,1.000
30.3778,-0.56938,-0.28484,-0.77115,1.000,1.000
30.3923,-0.57063,-0.29246,-0.76737,1.000,1.000
30.4062,-0.57190,-0.30094,-0.76313,1.000,1.000
30.4203,-0.57291,-0.31091,-0.75836,1.000,1.000
30.4341,-0.57377,-0.31819,-0.75468,1.000,1.000
30.4480,-0.57399,-0.32155,-0.75308,1.000,1.000
30.4618,-0.57407,-0.32379,-0.75207,1.000,1.000
30.4753,-0.57409,-0.32668,-0.75080,1.000,1.000
30.4897,-0.57383,-0.33113,-0.74905,1.000,1.000
30.5035,-0.57400,-0.33649,-0.74652,1.000,1.000
30.5175,-0.57472,-0.34081,-0.74401,1.000,1.000
30.5319,-0.57511,-0.34213,-0.74310,1.000,1.000
30.5456,-0.57534,-0.34202,-0.74297,1.000,1.000
30.5594,-0.57526,-0.34301,-0.74257,1.000,1.000
30.5735,-0.57641,-0.34509,-0.74072,1.000,1.000
30.5872,-0.57795,-0.34685,-0.73870,1.000,1.000
30.6008,-0.58007,-0.34767,-0.73664,1.000,1.000
30.6151,-0.58237,-0.34767,-0.73483,1.000,1.000
30.6289,-0.58448,-0.34689,-0.73352,1.000,1.000
30.6431,-0.58656,-0.34711,-0.73175,1.000,1.000
30.6566,-0.58858,-0.34771,-0.72984,1.000,1.000
30.6708,-0.59019,-0.34869,-0.72807,1.000,1.000
30.6848,-0.59135,-0.34976,-0.72662,1.000,1.000
30.6986,-0.59229,-0.35069,-0.72540,1.000,1.000
30.7698,-0.59301,-0.35304,-0.72367,1.000,1.000
30.7824,-0.59253,-0.35417,-0.72351,1.000,1.000
30.7961,-0.59499,-0.35680,-0.72019,1.000,1.000
30.8104,-0.59549,-0.35618,-0.72009,1.000,1.000
30.8244,-0.59597,-0.35624,-0.71966,1.000,1.000
30.8379,-0.59665,-0.35744,-0.71850,1.000,1.000
30.8518,-0.59728,-0.35881,-0.71730,1.000,1.000
30.8660,-0.59820,-0.36117,-0.71534,1.000,1.000
30.8800,-0.59905,-0.36323,-0.71359,1.000,1.000
30.8938,-0.60001,-0.36458,-0.71209,1.000,1.000
30.9075,-0.60085,-0.36573,-0.71079,1.000,1.000
30.9213,-0.60139,-0.36552,-0.71044,1.000,1.000
30.9351,-0.60225,-0.36503,-0.70997,1.000,1.000
30.9489,-0.60314,-0.36479,-0.70933,1.000,1.000
30.9637,-0.60364,-0.36505,-0.70877,1.000,1.000
30.9771,-0.60407,-0.36611,-0.70785,1.000,1.000
30.9911,-0.60497,-0.36661,-0.70682,1.000,1.000
31.0057,-0.60604,-0.36648,-0.70598,1.000,1.000
31.0186,-0.60718,-0.36531,-0.70561,1.000,1.000
31.0326,-0.60804,-0.36432,-0.70538,1.000,1.000
31.0463,-0.60888,-0.36418,-0.70473,1.000,1.000
31.0606,-0.60973,-0.36345,-0.70437,1.000,1.000
31.0746,-0.61044,-0.36315,-0.70391,1.000,1.000
31.0886,-0.61060,-0.36266,-0.70402,1.000,1.000
31.1027,-0.61038,-0.36187,-0.70461,1.000,1.000
31.1166,-0.61017,-0.36219,-0.70464,1.000,1.000
31.1300,-0.60996,-0.36356,-0.70411,1.000,1.000
31.1440,-0.60971,-0.36563,-0.70326,1.000,1.000
31.1577,-0.60930,-0.36748,-0.70265,1.000,1.000
31.1724,-0.60868,-0.36892,-0.70243,1.000,1.000
31.1856,-0.60870,-0.36973,-0.70199,1.000,1.000
31.1992,-0.60896,-0.36988,-0.70168,1.000,1.000
31.2137,-0.60944,-0.36964,-0.70139,1.000,1.000
31.2278,-0.61004,-0.36966,-0.70086,1.000,1.000
31.2416,-0.61060,-0.36912,-0.70066,1.000,1.000
31.2550,-0.61113,-0.36841,-0.70056,1.000,1.000
31.2696,-0.61152,-0.36775,-0.70058,1.000,1.000
31.2837,-0.61180,-0.36704,-0.70070,1.000,1.000
31.2968,-0.61175,-0.36707,-0.70073,1.000,1.000
31.3110,-0.61170,-0.36697,-0.70083,1.000,1.000
31.3251,-0.61131,-0.36698,-0.70116,1.000,1.000
31.3389,-0.61122,-0.36634,-0.70158,1.000,1.000
31.3529,-0.61108,-0.36512,-0.70233,1.000,1.000
31.3669,-0.61117,-0.36369,-0.70300,1.000,1.000
31.3802,-0.61131,-0.36256,-0.70345,1.000,1.000
31.3943,-0.61164,-0.36150,-0.70372,1.000,1.000
31.4086,-0.61173,-0.36071,-0.70404,1.000,1.000
31.4224,-0.61202,-0.36108,-0.70360,1.000,1.000
31.4361,-0.61236,-0.36163,-0.70302,1.000,1.000
31.4504,-0.61298,-0.36189,-0.70235,1.000,1.000
31.4645,-0.61335,-0.36120,-0.70238,1.000,1.000
31.4780,-0.61384,-0.35998,-0.70258,1.000,1.000
31.4919,-0.61392,-0.35934,-0.70283,1.000,1.000
31.5060,-0.61422,-0.35893,-0.70279,1.000,1.000
31.5203,-0.61489,-0.35883,-0.70225,1.000,1.000
31.5354,-0.61591,-0.35766,-0.70195,1.000,1.000
31.5483,-0.61653,-0.35655,-0.70197,1.000,1.000
31.5620,-0.61726,-0.35439,-0.70242,1.000,1.000
31.5757,-0.61809,-0.35116,-0.70331,1.000,1.000
31.5896,-0.61907,-0.34654,-0.70474,1.000,1.000
31.6033,-0.62006,-0.34106,-0.70654,1.000,1.000
31.6174,-0.62120,-0.33438,-0.70873,1.000,1.000
31.6315,-0.62324,-0.32527,-0.71118,1.000,1.000
31.6455,-0.62606,-0.31620,-0.71279,1.000,1.000
31.6589,-0.62933,-0.30506,-0.71476,1.000,1.000
31.6729,-0.63360,-0.29093,-0.71688,1.000,1.000
31.6867,-0.63859,-0.27478,-0.71882,1.000,1.000
31.7006,-0.64307,-0.25884,-0.72073,1.000,1.000
31.7149,-0.64820,-0.24584,-0.72069,1.000,1.000
31.7286,-0.65473,-0.23506,-0.71839,1.000,1.000
31.7430,-0.66276,-0.22309,-0.71483,1.000,1.000
31.7568,-0.67444,-0.20851,-0.70828,1.000,1.000
31.7704,-0.68681,-0.19209,-0.70100,1.000,1.000
31.7846,-0.70088,-0.17434,-0.69164,1.000,1.000
31.7983,-0.71691,-0.15578,-0.67954,1.000,1.000
31.8125,-0.73636,-0.13657,-0.66267,1.000,1.000
31.8266,-0.76166,-0.11188,-0.63825,1.000,1.000
31.8397,-0.79412,-0.08148,-0.60228,1.000,1.000
31.8541,-0.82839,-0.04470,-0.55837,1.000,1.000
31.8680,-0.85850,-0.00864,-0.51275,1.000,1.000
31.8820,-0.88392,0.02465,-0.46698,1.000,1.000
31.8958,-0.90645,0.05315,-0.41896,1.000,1.000
31.9098,-0.92445,0.08691,-0.37128,1.000,1.000
31.9235,-0.93886,0.11953,-0.32289,1.000,1.000
31.9375,-0.94789,0.15107,-0.28050,1.000,1.000
31.9519,-0.95339,0.17840,-0.24335,1.000,1.000
31.9656,-0.95636,0.19940,-0.21356,1.000,1.000
31.9793,-0.95765,0.21293,-0.19383,1.000,1.000
31.9933,-0.95813,0.22473,-0.17745,1.000,1.000
32.0074,-0.95786,0.23009,-0.17192,1.000,1.000
32.0212,-0.95736,0.23397,-0.16945,1.000,1.000
32.0349,-0.95594,0.23773,-0.17224,1.000,1.000
32.0492,-0.95394,0.24324,-0.17560,1.000,1.000
32.0634,-0.95103,0.24699,-0.18585,1.000,1.000
32.0767,-0.94783,0.24887,-0.19918,1.000,1.000
32.0910,-0.94554,0.24896,-0.20968,1.000,1.000
32.1047,-0.94274,0.24686,-0.22428,1.000,1.000
32.1185,-0.93980,0.24292,-0.24033,1.000,1.000
32.1328,-0.93627,0.23781,-0.25854,1.000,1.000
32.1470,-0.93256,0.23006,-0.27822,1.000,1.000
32.1601,-0.92781,0.22315,-0.29895,1.000,1.000
32.1746,-0.92304,0.21394,-0.31973,1.000,1.000
32.1886,-0.91747,0.20293,-0.34216,1.000,1.000
32.2023,-0.91180,0.19091,-0.36355,1.000,1.000
32.2160,-0.90596,0.17773,-0.38425,1.000,1.000
32.2302,-0.90109,0.16384,-0.40148,1.000,1.000
32.2444,-0.89670,0.15080,-0.41616,1.000,1.000
32.2581,-0.89266,0.14071,-0.42820,1.000,1.000
32.2730,-0.88882,0.13164,-0.43894,1.000,1.000
32.2862,-0.88561,0.12101,-0.44839,1.000,1.000
32.2993,-0.88477,0.10893,-0.45312,1.000,1.000
32.3133,-0.88575,0.09629,-0.45406,1.000,1.000
32.3274,-0.88832,0.08870,-0.45058,1.000,1.000
32.3415,-0.89179,0.08402,-0.44459,1.000,1.000
32.3553,-0.89690,0.08520,-0.43396,1.000,1.000
32.3696,-0.90177,0.08486,-0.42380,1.000,1.000
32.3832,-0.90649,0.08476,-0.41363,1.000,1.000
32.3969,-0.91161,0.08399,-0.40238,1.000,1.000
32.4116,-0.91705,0.08340,-0.38995,1.000,1.000
32.4249,-0.92258,0.08270,-0.37685,1.000,1.000
32.4385,-0.92728,0.08435,-0.36473,1.000,1.000
32.4531,-0.93196,0.08612,-0.35218,1.000,1.000
32.4668,-0.93616,0.08752,-0.34051,1.000,1.000
32.4804,-0.94107,0.08778,-0.32662,1.000,1.000
32.4946,-0.94633,0.08617,-0.31150,1.000,1.000
32.5086,-0.95131,0.08430,-0.29647,1.000,1.000
32.5223,-0.95604,0.08029,-0.28203,1.000,1.000
32.5358,-0.96043,0.07391,-0.26852,1.000,1.000
32.5504,-0.96463,0.06385,-0.25577,1.000,1.000
32.5642,-0.96857,0.05145,-0.24335,1.000,1.000
32.5777,-0.97181,0.03480,-0.23316,1.000,1.000
32.5921,-0.97396,0.01330,-0.22634,1.000,1.000
32.6064,-0.97519,-0.01189,-0.22106,1.000,1.000
32.6195,-0.97516,-0.03897,-0.21805,1.000,1.000
32.6336,-0.97347,-0.06634,-0.21900,1.000,1.000
32.6476,-0.97079,-0.09223,-0.22151,1.000,1.000
32.6618,-0.96615,-0.11734,-0.22976,1.000,1.000
32.6752,-0.96044,-0.14275,-0.23913,1.000,1.000
32.6893,-0.95365,-0.16926,-0.24879,1.000,1.000
32.7034,-0.94486,-0.19953,-0.25967,1.000,1.000
32.7171,-0.93317,-0.23318,-0.27353,1.000,1.000
32.7312,-0.91811,-0.26707,-0.29284,1.000,1.000
32.7450,-0.90140,-0.29966,-0.31254,1.000,1.000
32.7588,-0.88443,-0.32679,-0.33315,1.000,1.000
32.7731,-0.86863,-0.34862,-0.35207,1.000,1.000
32.7870,-0.85251,-0.36892,-0.37030,1.000,1.000
32.8006,-0.83364,-0.38915,-0.39193,1.000,1.000
32.8149,-0.81275,-0.40986,-0.41407,1.000,1.000
32.8290,-0.79265,-0.43095,-0.43126,1.000,1.000
32.8429,-0.77698,-0.44312,-0.44715,1.000,1.000
32.8566,-0.76223,-0.45326,-0.46213,1.000,1.000
32.8707,-0.74488,-0.46248,-0.48090,1.000,1.000
32.8846,-0.72344,-0.47486,-0.50115,1.000,1.000
32.8984,-0.70111,-0.49069,-0.51737,1.000,1.000
32.9123,-0.68078,-0.50909,-0.52666,1.000,1.000
32.9262,-0.66326,-0.52236,-0.53593,1.000,1.000
32.9397,-0.64659,-0.53141,-0.54729,1.000,1.000
32.9543,-0.62840,-0.53827,-0.56159,1.000,1.000
32.9682,-0.60931,-0.54430,-0.57661,1.000,1.000
32.9819,-0.58989,-0.55408,-0.58739,1.000,1.000
32.9956,-0.57166,-0.56435,-0.59558,1.000,1.000
33.0097,-0.55308,-0.57599,-0.60194,1.000,1.000
33.0236,-0.53334,-0.58764,-0.60846,1.000,1.000
33.0374,-0.51151,-0.59946,-0.61564,1.000,1.000
33.0515,-0.48709,-0.61170,-0.62335,1.000,1.000
33.0656,-0.46414,-0.62526,-0.62740,1.000,1.000
33.0790,-0.44664,-0.63810,-0.62717,1.000,1.000
33.0932,-0.43471,-0.64685,-0.62658,1.000,1.000
33.1071,-0.42860,-0.65035,-0.62717,1.000,1.000
33.1210,-0.42347,-0.64993,-0.63108,1.000,1.000
33.1348,-0.41668,-0.65318,-0.63224,1.000,1.000
33.1486,-0.41304,-0.65776,-0.62988,1.000,1.000
33.1626,-0.41320,-0.66119,-0.62618,1.000,1.000
33.1765,-0.42051,-0.65942,-0.62316,1.000,1.000
33.1910,-0.43166,-0.65317,-0.62213,1.000,1.000
33.2044,-0.44109,-0.64677,-0.62220,1.000,1.000
33.2184,-0.44816,-0.64244,-0.62163,1.000,1.000
33.2327,-0.45415,-0.63939,-0.62042,1.000,1.000
33.2464,-0.45988,-0.63563,-0.62007,1.000,1.000
33.2600,-0.46528,-0.63168,-0.62008,1.000,1.000
33.2740,-0.47248,-0.62478,-0.62162,1.000,1.000
33.2881,-0.48365,-0.61552,-0.62226,1.000,1.000
33.3022,-0.49825,-0.60481,-0.62125,1.000,1.000
33.3159,-0.51618,-0.59152,-0.61941,1.000,1.000
33.3296,-0.53201,-0.57940,-0.61746,1.000,1.000
33.3436,-0.54566,-0.56742,-0.61668,1.000,1.000
33.3573,-0.56015,-0.55502,-0.61497,1.000,1.000
33.3720,-0.57619,-0.54168,-0.61203,1.000,1.000
33.3854,-0.59245,-0.52639,-0.60985,1.000,1.000
33.3990,-0.60802,-0.50877,-0.60948,1.000,1.000
33.4134,-0.62206,-0.49338,-0.60796,1.000,1.000
33.4274,-0.63548,-0.47919,-0.60542,1.000,1.000
33.4413,-0.64985,-0.46599,-0.60046,1.000,1.000
33.4549,-0.66316,-0.45482,-0.59443,1.000,1.000
33.4692,-0.67640,-0.44424,-0.58748,1.000,1.000
33.4832,-0.69287,-0.43040,-0.57853,1.000,1.000
33.4969,-0.71061,-0.41420,-0.56874,1.000,1.000
33.5110,-0.72845,-0.39610,-0.55899,1.000,1.000
33.5246,-0.74408,-0.37885,-0.55028,1.000,1.000
33.5384,-0.75850,-0.36364,-0.54079,1.000,1.000
33.5528,-0.77387,-0.34774,-0.52934,1.000,1.000
33.5665,-0.79024,-0.32847,-0.51732,1.000,1.000
33.5804,-0.80603,-0.30728,-0.50586,1.000,1.000
33.5946,-0.81795,-0.28838,-0.49780,1.000,1.000
33.6092,-0.82584,-0.27257,-0.49365,1.000,1.000
33.6225,-0.83163,-0.26038,-0.49051,1.000,1.000
33.6358,-0.83419,-0.24638,-0.49338,1.000,1.000
33.6500,-0.83328,-0.23450,-0.50065,1.000,1.000
33.6639,-0.83093,-0.22165,-0.51032,1.000,1.000
33.6779,-0.82583,-0.21110,-0.52292,1.000,1.000
33.6917,-0.81914,-0.19964,-0.53773,1.000,1.000
33.7057,-0.81045,-0.19089,-0.55384,1.000,1.000
33.7197,-0.80026,-0.18303,-0.57103,1.000,1.000
33.7339,-0.79051,-0.17456,-0.58705,1.000,1.000
33.7475,-0.77932,-0.16598,-0.60425,1.000,1.000
33.7613,-0.76949,-0.15886,-0.61858,1.000,1.000
33.7753,-0.75901,-0.15401,-0.63260,1.000,1.000
33.7899,-0.74821,-0.14970,-0.64635,1.000,1.000
33.8033,-0.73785,-0.14514,-0.65917,1.000,1.000
33.8172,-0.72728,-0.13715,-0.67250,1.000,1.000
33.8310,-0.71713,-0.12768,-0.68514,1.000,1.000
33.8454,-0.70622,-0.11927,-0.69787,1.000,1.000
33.8587,-0.69543,-0.12016,-0.70848,1.000,1.000
33.8729,-0.68432,-0.12522,-0.71835,1.000,1.000
33.8867,-0.67350,-0.13268,-0.72718,1.000,1.000
33.9006,-0.66235,-0.14946,-0.73413,1.000,1.000
33.9149,-0.65112,-0.16544,-0.74073,1.000,1.000
33.9285,-0.63917,-0.18717,-0.74594,1.000,1.000
33.9428,-0.62890,-0.21123,-0.74824,1.000,1.000
33.9563,-0.62002,-0.23884,-0.74735,1.000,1.000
33.9706,-0.61496,-0.26513,-0.74265,1.000,1.000
33.9843,-0.61129,-0.28509,-0.73827,1.000,1.000
33.9979,-0.61073,-0.30223,-0.73189,1.000,1.000
34.0123,-0.60809,-0.31908,-0.72692,1.000,1.000
34.0265,-0.60444,-0.33900,-0.72092,1.000,1.000
34.0399,-0.60019,-0.35995,-0.71429,1.000,1.000
34.0538,-0.59686,-0.37985,-0.70673,1.000,1.000
34.0679,-0.59567,-0.39668,-0.69844,1.000,1.000
34.0819,-0.59488,-0.41228,-0.69003,1.000,1.000
34.0965,-0.59367,-0.43036,-0.67996,1.000,1.000
34.1102,-0.59042,-0.44915,-0.67057,1.000,1.000
34.1237,-0.58638,-0.47275,-0.65777,1.000,1.000
34.1371,-0.58325,-0.49324,-0.64540,1.000,1.000
34.1517,-0.58228,-0.50584,-0.63646,1.000,1.000
34.1652,-0.58310,-0.51399,-0.62914,1.000,1.000
34.1788,-0.58373,-0.52068,-0.62302,1.000,1.000
34.1934,-0.58258,-0.52956,-0.61658,1.000,1.000
34.2073,-0.57936,-0.54267,-0.60816,1.000,1.000
34.2212,-0.57509,-0.56211,-0.59439,1.000,1.000
34.2348,-0.57231,-0.57859,-0.58112,1.000,1.000
34.2489,-0.56817,-0.59576,-0.56767,1.000,1.000
34.2629,-0.56510,-0.60401,-0.56199,1.000,1.000
34.2765,-0.56330,-0.60652,-0.56109,1.000,1.000
34.2908,-0.55963,-0.60983,-0.56118,1.000,1.000
34.3046,-0.55397,-0.61778,-0.55810,1.000,1.000
34.3259,-0.54556,-0.63199,-0.55041,1.000,1.000
34.3326,-0.53943,-0.64473,-0.54161,1.000,1.000
34.3477,-0.53301,-0.65757,-0.53245,1.000,1.000
34.3614,-0.52240,-0.67732,-0.51801,1.000,1.000
34.3752,-0.52295,-0.67412,-0.52162,1.000,1.000
34.3891,-0.51821,-0.67979,-0.51898,1.000,1.000
34.4023,-0.51283,-0.68700,-0.51482,1.000,1.000
34.4160,-0.51059,-0.68997,-0.51307,1.000,1.000
34.4299,-0.50995,-0.68888,-0.51518,1.000,1.000
34.4440,-0.50914,-0.68728,-0.51810,1.000,1.000
34.4578,-0.50814,-0.68823,-0.51782,1.000,1.000
34.4715,-0.50336,-0.68688,-0.52424,1.000,1.000
34.4852,-0.50583,-0.67451,-0.53775,1.000,1.000
34.4990,-0.50402,-0.67551,-0.53818,1.000,1.000
34.5133,-0.50088,-0.68080,-0.53445,1.000,1.000
34.5275,-0.49918,-0.67729,-0.54046,1.000,1.000
34.5414,-0.49522,-0.67866,-0.54238,1.000,1.000
34.5549,-0.49319,-0.68652,-0.53428,1.000,1.000
34.5686,-0.48535,-0.69002,-0.53695,1.000,1.000
34.5826,-0.49575,-0.68374,-0.53547,1.000,1.000
34.5962,-0.49616,-0.68316,-0.53584,1.000,1.000
34.6104,-0.49818,-0.67606,-0.54292,1.000,1.000
34.6245,-0.50113,-0.66700,-0.55135,1.000,1.000
34.6380,-0.50681,-0.65348,-0.56224,1.000,1.000
34.6521,-0.51172,-0.63792,-0.57550,1.000,1.000
34.6663,-0.51265,-0.62842,-0.58505,1.000,1.000
34.6804,-0.51473,-0.61559,-0.59675,1.000,1.000
34.6940,-0.51668,-0.60270,-0.60810,1.000,1.000
34.7078,-0.51759,-0.59357,-0.61626,1.000,1.000
34.7219,-0.51807,-0.58158,-0.62719,1.000,1.000
34.7358,-0.51271,-0.58935,-0.62433,1.000,1.000
34.7498,-0.51108,-0.58330,-0.63131,1.000,1.000
34.7634,-0.50517,-0.58140,-0.63779,1.000,1.000
34.7774,-0.50456,-0.57249,-0.64628,1.000,1.000
34.7914,-0.50171,-0.55918,-0.66000,1.000,1.000
34.8060,-0.50326,-0.54523,-0.67041,1.000,1.000
34.8195,-0.50446,-0.52977,-0.68181,1.000,1.000
34.8330,-0.50902,-0.50773,-0.69506,1.000,1.000
34.8473,-0.51618,-0.48307,-0.70724,1.000,1.000
34.8613,-0.52010,-0.46108,-0.71895,1.000,1.000
34.8747,-0.52433,-0.43992,-0.72907,1.000,1.000
34.8889,-0.53016,-0.41893,-0.73717,1.000,1.000
34.9028,-0.53479,-0.39553,-0.74669,1.000,1.000
34.9169,-0.53749,-0.37420,-0.75570,1.000,1.000
34.9309,-0.54045,-0.35119,-0.76458,1.000,1.000
34.9446,-0.54458,-0.32348,-0.77382,1.000,1.000
34.9583,-0.54842,-0.29610,-0.78202,1.000,1.000
34.9726,-0.55120,-0.26748,-0.79034,1.000,1.000
34.9879,-0.55267,-0.23598,-0.79930,1.000,1.000
35.0029,-0.55304,-0.20460,-0.80764,1.000,1.000
35.0151,-0.55490,-0.17028,-0.81430,1.000,1.000
35.0288,-0.55283,-0.13629,-0.82207,1.000,1.000
35.0428,-0.54896,-0.10257,-0.82953,1.000,1.000
35.0561,-0.54573,-0.06977,-0.83505,1.000,1.000
35.0701,-0.54426,-0.03854,-0.83803,1.000,1.000
35.0839,-0.54252,-0.00414,-0.84004,1.000,1.000
35.0975,-0.54011,0.03018,-0.84105,1.000,1.000
35.1116,-0.53717,0.06294,-0.84112,1.000,1.000
35.1256,-0.53550,0.08373,-0.84038,1.000,1.000
35.1395,-0.53565,0.11135,-0.83707,1.000,1.000
35.1538,-0.53548,0.13782,-0.83322,1.000,1.000
35.1677,-0.53245,0.16671,-0.82988,1.000,1.000
35.1815,-0.53042,0.19045,-0.82606,1.000,1.000
35.1952,-0.52743,0.21497,-0.82195,1.000,1.000
35.2094,-0.52512,0.23647,-0.81751,1.000,1.000
35.2233,-0.52311,0.25978,-0.81171,1.000,1.000
35.2369,-0.52057,0.27871,-0.80705,1.000,1.000
35.2511,-0.51620,0.29487,-0.80411,1.000,1.000
35.2652,-0.51235,0.30512,-0.80274,1.000,1.000
35.2788,-0.50836,0.31255,-0.80242,1.000,1.000
35.2928,-0.50283,0.31766,-0.80390,1.000,1.000
35.3071,-0.49599,0.32217,-0.80635,1.000,1.000
35.3210,-0.48772,0.32297,-0.81106,1.000,1.000
35.3351,-0.48025,0.32618,-0.81423,1.000,1.000
35.3491,-0.47497,0.32871,-0.81630,1.000,1.000
35.3623,-0.47093,0.32797,-0.81894,1.000,1.000
35.3760,-0.46568,0.32345,-0.82372,1.000,1.000
35.3903,-0.45688,0.31941,-0.83020,1.000,1.000
35.4045,-0.44599,0.31403,-0.83814,1.000,1.000
35.4180,-0.43575,0.31426,-0.84342,1.000,1.000
35.4319,-0.42815,0.31710,-0.84624,1.000,1.000
35.4456,-0.42437,0.31464,-0.84907,1.000,1.000
35.4600,-0.42246,0.30474,-0.85362,1.000,1.000
35.4737,-0.41836,0.29471,-0.85914,1.000,1.000
35.4876,-0.40882,0.28748,-0.86615,1.000,1.000
35.5015,-0.39584,0.28740,-0.87219,1.000,1.000
35.5152,-0.38404,0.28988,-0.87663,1.000,1.000
35.5292,-0.37641,0.28792,-0.88058,1.000,1.000
35.5434,-0.37155,0.28513,-0.88355,1.000,1.000
35.5573,-0.36773,0.27823,-0.88733,1.000,1.000
35.5717,-0.36502,0.27598,-0.88915,1.000,1.000
35.5851,-0.36361,0.27465,-0.89014,1.000,1.000
35.5989,-0.36304,0.27350,-0.89073,1.000,1.000
35.6131,-0.36329,0.27048,-0.89155,1.000,1.000
35.6269,-0.36335,0.26756,-0.89240,1.000,1.000
35.6409,-0.36336,0.26696,-0.89258,1.000,1.000
35.6545,-0.36478,0.27022,-0.89102,1.000,1.000
35.6687,-0.36692,0.27302,-0.88929,1.000,1.000
35.6829,-0.37004,0.27403,-0.88768,1.000,1.000
35.6970,-0.37206,0.27435,-0.88674,1.000,1.000
35.7106,-0.37372,0.27431,-0.88605,1.000,1.000
35.7243,-0.37578,0.27646,-0.88451,1.000,1.000
35.7382,-0.38057,0.27878,-0.88173,1.000,1.000
35.7524,-0.38732,0.28116,-0.87803,1.000,1.000
35.7662,-0.39399,0.28198,-0.87479,1.000,1.000
35.7798,-0.40002,0.28044,-0.87255,1.000,1.000
35.7941,-0.40814,0.27699,-0.86988,1.000,1.000
35.8080,-0.41794,0.27317,-0.86643,1.000,1.000
35.8218,-0.42741,0.27133,-0.86238,1.000,1.000
35.8355,-0.43571,0.26922,-0.85888,1.000,1.000
35.8497,-0.44388,0.26693,-0.85541,1.000,1.000
35.8640,-0.45324,0.26297,-0.85171,1.000,1.000
35.8775,-0.46321,0.25560,-0.84859,1.000,1.000
35.8914,-0.47313,0.24681,-0.84571,1.000,1.000
35.9053,-0.48277,0.23562,-0.84346,1.000,1.000
35.9193,-0.49272,0.22502,-0.84059,1.000,1.000
35.9393,-0.50225,0.21535,-0.83748,1.000,1.000
35.9482,-0.50949,0.20797,-0.83496,1.000,1.000
35.9625,-0.51538,0.20325,-0.83251,1.000,1.000
35.9757,-0.52237,0.20144,-0.82858,1.000,1.000
35.9902,-0.53123,0.19974,-0.82335,1.000,1.000
36.0035,-0.53848,0.19758,-0.81915,1.000,1.000
36.0172,-0.54256,0.19643,-0.81673,1.000,1.000
36.0312,-0.54505,0.19837,-0.81460,1.000,1.000
36.0460,-0.54807,0.20252,-0.81154,1.000,1.000
36.0588,-0.55036,0.20785,-0.80864,1.000,1.000
36.0736,-0.55060,0.21248,-0.80728,1.000,1.000
36.0871,-0.54658,0.21629,-0.80899,1.000,1.000
36.1004,-0.54150,0.21841,-0.81183,1.000,1.000
36.1149,-0.53394,0.21830,-0.81686,1.000,1.000
36.1283,-0.52737,0.21668,-0.82154,1.000,1.000
36.1426,-0.52066,0.21298,-0.82678,1.000,1.000
36.1567,-0.51142,0.20680,-0.83408,1.000,1.000
36.1709,-0.50145,0.20108,-0.84149,1.000,1.000
36.1845,-0.49176,0.19674,-0.84821,1.000,1.000
36.1980,-0.48280,0.19249,-0.85431,1.000,1.000
36.2123,-0.47375,0.18953,-0.86002,1.000,1.000
36.2267,-0.46359,0.18558,-0.86640,1.000,1.000
36.2397,-0.45191,0.18115,-0.87348,1.000,1.000
36.2536,-0.43836,0.17716,-0.88117,1.000,1.000
36.2677,-0.42692,0.17461,-0.88727,1.000,1.000
36.2819,-0.41789,0.17490,-0.89150,1.000,1.000
36.2952,-0.41428,0.17635,-0.89290,1.000,1.000
36.3095,-0.41533,0.17905,-0.89187,1.000,1.000
36.3237,-0.41554,0.18322,-0.89093,1.000,1.000
36.3374,-0.41836,0.18984,-0.88822,1.000,1.000
36.3521,-0.42572,0.19692,-0.88317,1.000,1.000
36.3653,-0.43803,0.20430,-0.87544,1.000,1.000
36.3791,-0.45233,0.20838,-0.86716,1.000,1.000
36.3929,-0.46766,0.21229,-0.85803,1.000,1.000
36.4070,-0.48483,0.21879,-0.84680,1.000,1.000
36.4207,-0.50363,0.22633,-0.83375,1.000,1.000
36.4345,-0.52154,0.23348,-0.82066,1.000,1.000
36.4487,-0.53524,0.23738,-0.81066,1.000,1.000
36.4627,-0.54380,0.23705,-0.80504,1.000,1.000
36.4760,-0.54614,0.23523,-0.80399,1.000,1.000
36.4905,-0.54522,0.23340,-0.80514,1.000,1.000
36.5044,-0.53652,0.23008,-0.81192,1.000,1.000
36.5181,-0.52172,0.22667,-0.82245,1.000,1.000
36.5325,-0.50458,0.22578,-0.83332,1.000,1.000
36.5460,-0.48289,0.22831,-0.84539,1.000,1.000
36.5598,-0.45884,0.23138,-0.85786,1.000,1.000
36.5747,-0.43447,0.23482,-0.86954,1.000,1.000
36.5886,-0.41496,0.23709,-0.87841,1.000,1.000
36.6017,-0.39857,0.23610,-0.88623,1.000,1.000
36.6158,-0.38503,0.23500,-0.89248,1.000,1.000
36.6298,-0.37512,0.23504,-0.89668,1.000,1.000
36.6439,-0.36704,0.23561,-0.89987,1.000,1.000
36.6575,-0.36136,0.23633,-0.90198,1.000,1.000
36.6717,-0.36000,0.23296,-0.90340,1.000,1.000
36.6851,-0.36568,0.22849,-0.90226,1.000,1.000
36.6993,-0.37671,0.22345,-0.89898,1.000,1.000
36.7130,-0.38645,0.21893,-0.89595,1.000,1.000
36.7270,-0.39631,0.21579,-0.89240,1.000,1.000
36.7412,-0.40344,0.21467,-0.88947,1.000,1.000
36.7545,-0.40928,0.21360,-0.88706,1.000,1.000
36.7692,-0.41453,0.21204,-0.88499,1.000,1.000
36.7829,-0.41805,0.21022,-0.88376,1.000,1.000
36.7964,-0.42137,0.21043,-0.88214,1.000,1.000
36.8108,-0.42553,0.21027,-0.88018,1.000,1.000
36.8251,-0.43197,0.21209,-0.87660,1.000,1.000
36.8383,-0.43821,0.21547,-0.87267,1.000,1.000
36.8522,-0.44440,0.22149,-0.86802,1.000,1.000
36.8661,-0.45363,0.22698,-0.86180,1.000,1.000
36.8801,-0.46490,0.23275,-0.85422,1.000,1.000
36.8939,-0.47769,0.24017,-0.84506,1.000,1.000
36.9080,-0.49045,0.24740,-0.83561,1.000,1.000
36.9219,-0.50519,0.25738,-0.82373,1.000,1.000
36.9357,-0.52484,0.26179,-0.80995,1.000,1.000
36.9498,-0.54620,0.26538,-0.79450,1.000,1.000
36.9640,-0.56587,0.26878,-0.77945,1.000,1.000
36.9774,-0.57884,0.27108,-0.76906,1.000,1.000
36.9918,-0.58706,0.27461,-0.76155,1.000,1.000
37.0055,-0.59215,0.27819,-0.75629,1.000,1.000
37.0193,-0.59436,0.28072,-0.75362,1.000,1.000
37.0332,-0.59485,0.28271,-0.75248,1.000,1.000
37.0475,-0.59202,0.28278,-0.75469,1.000,1.000
37.0618,-0.58675,0.28351,-0.75852,1.000,1.000
37.0750,-0.57822,0.28525,-0.76439,1.000,1.000
37.0891,-0.56487,0.28719,-0.77359,1.000,1.000
37.1030,-0.54749,0.29122,-0.78450,1.000,1.000
37.1170,-0.53271,0.29369,-0.79370,1.000,1.000
37.1307,-0.52037,0.29542,-0.80121,1.000,1.000
37.1448,-0.51234,0.29633,-0.80604,1.000,1.000
37.1586,-0.50724,0.29925,-0.80818,1.000,1.000
37.1727,-0.50717,0.30410,-0.80641,1.000,1.000
37.1865,-0.51399,0.31032,-0.79969,1.000,1.000
37.2003,-0.52468,0.31573,-0.79058,1.000,1.000
37.2144,-0.54072,0.32170,-0.77726,1.000,1.000
37.2286,-0.55850,0.32703,-0.76232,1.000,1.000
37.2426,-0.57616,0.33053,-0.74752,1.000,1.000
37.2562,-0.59348,0.33259,-0.73291,1.000,1.000
37.2700,-0.60987,0.33217,-0.71953,1.000,1.000
37.2843,-0.62343,0.33109,-0.70832,1.000,1.000
37.2980,-0.63453,0.33042,-0.69871,1.000,1.000
37.3119,-0.64221,0.33031,-0.69171,1.000,1.000
37.3256,-0.64416,0.33120,-0.68947,1.000,1.000
37.3396,-0.64095,0.33269,-0.69173,1.000,1.000
37.3540,-0.63090,0.33569,-0.69948,1.000,1.000
37.3701,-0.61539,0.34010,-0.71107,1.000,1.000
37.3820,-0.60191,0.34486,-0.72026,1.000,1.000
37.3950,-0.58889,0.34770,-0.72960,1.000,1.000
37.4090,-0.57975,0.34921,-0.73617,1.000,1.000
37.4229,-0.57078,0.34936,-0.74307,1.000,1.000
37.4365,-0.56159,0.34878,-0.75031,1.000,1.000
37.4506,-0.55102,0.34865,-0.75817,1.000,1.000
37.4647,-0.54190,0.34887,-0.76462,1.000,1.000
37.4791,-0.53583,0.34871,-0.76895,1.000,1.000
37.4929,-0.53324,0.34813,-0.77102,1.000,1.000
37.5068,-0.53404,0.34704,-0.77095,1.000,1.000
37.5205,-0.53625,0.34724,-0.76933,1.000,1.000
37.5344,-0.53848,0.34777,-0.76753,1.000,1.000
37.5485,-0.54216,0.34818,-0.76474,1.000,1.000
37.5625,-0.54729,0.34774,-0.76129,1.000,1.000
37.5762,-0.55367,0.34675,-0.75711,1.000,1.000
37.5905,-0.56183,0.34416,-0.75226,1.000,1.000
37.6039,-0.56705,0.34219,-0.74924,1.000,1.000
37.6178,-0.57053,0.34073,-0.74726,1.000,1.000
37.6319,-0.57302,0.34059,-0.74542,1.000,1.000
37.6460,-0.57560,0.34022,-0.74360,1.000,1.000
37.6596,-0.57795,0.33877,-0.74244,1.000,1.000
37.6737,-0.58010,0.33583,-0.74210,1.000,1.000
37.6878,-0.58055,0.33086,-0.74398,1.000,1.000
37.7017,-0.57655,0.32515,-0.74958,1.000,1.000
37.7162,-0.56860,0.32137,-0.75724,1.000,1.000
37.7293,-0.55853,0.31830,-0.76599,1.000,1.000
37.7431,-0.54728,0.31569,-0.77513,1.000,1.000
37.7572,-0.53543,0.31531,-0.78351,1.000,1.000
37.7713,-0.52443,0.31649,-0.79045,1.000,1.000
37.7853,-0.51354,0.31820,-0.79688,1.000,1.000
37.7988,-0.50202,0.31817,-0.80421,1.000,1.000
37.8128,-0.48969,0.31780,-0.81192,1.000,1.000
37.8269,-0.47725,0.31857,-0.81899,1.000,1.000
37.8405,-0.46597,0.31995,-0.82493,1.000,1.000
37.8546,-0.45578,0.32334,-0.82929,1.000,1.000
37.8685,-0.44842,0.32582,-0.83232,1.000,1.000
37.8826,-0.44550,0.32763,-0.83318,1.000,1.000
37.8967,-0.44852,0.32677,-0.83190,1.000,1.000
37.9106,-0.45463,0.32482,-0.82934,1.000,1.000
37.9242,-0.46409,0.32375,-0.82450,1.000,1.000
37.9383,-0.47872,0.32264,-0.81654,1.000,1.000
37.9524,-0.49650,0.31972,-0.80701,1.000,1.000
37.9660,-0.51394,0.31443,-0.79812,1.000,1.000
37.9797,-0.52812,0.30892,-0.79099,1.000,1.000
37.9939,-0.54162,0.30243,-0.78433,1.000,1.000
38.0081,-0.55303,0.29782,-0.77811,1.000,1.000
38.0220,-0.56171,0.29485,-0.77301,1.000,1.000
38.0355,-0.56735,0.29391,-0.76924,1.000,1.000
38.0498,-0.56932,0.29431,-0.76763,1.000,1.000
38.0637,-0.56966,0.29503,-0.76710,1.000,1.000
38.0774,-0.56536,0.29613,-0.76985,1.000,1.000
38.0913,-0.55861,0.29640,-0.77466,1.000,1.000
38.1053,-0.54674,0.29719,-0.78278,1.000,1.000
38.1191,-0.53457,0.29879,-0.79054,1.000,1.000
38.1334,-0.52530,0.30084,-0.79596,1.000,1.000
38.1471,-0.51797,0.30331,-0.79982,1.000,1.000
38.1607,-0.51238,0.30771,-0.80174,1.000,1.000
38.1748,-0.50784,0.31236,-0.80283,1.000,1.000
38.1892,-0.50425,0.31621,-0.80358,1.000,1.000
38.2026,-0.50474,0.32024,-0.80168,1.000,1.000
38.2166,-0.51135,0.32006,-0.79755,1.000,1.000
38.2315,-0.52236,0.31786,-0.79127,1.000,1.000
38.2450,-0.53991,0.31233,-0.78163,1.000,1.000
38.2583,-0.55378,0.30670,-0.77412,1.000,1.000
38.2722,-0.56580,0.30086,-0.76769,1.000,1.000
38.2862,-0.57570,0.29792,-0.76145,1.000,1.000
38.3002,-0.58545,0.29763,-0.75410,1.000,1.000
38.3140,-0.59365,0.29689,-0.74796,1.000,1.000
38.3280,-0.59973,0.29633,-0.74331,1.000,1.000
38.3420,-0.60123,0.29553,-0.74241,1.000,1.000
38.3559,-0.59949,0.29557,-0.74381,1.000,1.000
38.3705,-0.59285,0.29542,-0.74917,1.000,1.000
38.3846,-0.58448,0.29565,-0.75563,1.000,1.000
38.3985,-0.57098,0.29749,-0.76517,1.000,1.000
38.4130,-0.55548,0.30170,-0.77487,1.000,1.000
38.4266,-0.54211,0.30597,-0.78262,1.000,1.000
38.4389,-0.52927,0.30971,-0.78990,1.000,1.000
38.4532,-0.51700,0.31246,-0.79692,1.000,1.000
38.4673,-0.50799,0.31245,-0.80270,1.000,1.000
38.4815,-0.50179,0.31260,-0.80653,1.000,1.000
38.4950,-0.49862,0.31289,-0.80838,1.000,1.000
38.5090,-0.49694,0.31285,-0.80943,1.000,1.000
38.5231,-0.49775,0.31271,-0.80899,1.000,1.000
38.5367,-0.50002,0.31220,-0.80778,1.000,1.000
38.5509,-0.50535,0.31183,-0.80460,1.000,1.000
38.5654,-0.51416,0.31053,-0.79951,1.000,1.000
38.5785,-0.52271,0.30847,-0.79475,1.000,1.000
38.5926,-0.53125,0.30594,-0.79005,1.000,1.000
38.6066,-0.53832,0.30391,-0.78603,1.000,1.000
38.6202,-0.54479,0.30319,-0.78185,1.000,1.000
38.6343,-0.55094,0.30321,-0.77751,1.000,1.000
38.6482,-0.55714,0.30370,-0.77289,1.000,1.000
38.6630,-0.56325,0.30485,-0.76799,1.000,1.000
38.6760,-0.56814,0.30537,-0.76417,1.000,1.000
38.6905,-0.57289,0.30625,-0.76027,1.000,1.000
38.7040,-0.57818,0.30535,-0.75661,1.000,1.000
38.7177,-0.58377,0.30596,-0.75206,1.000,1.000
38.7318,-0.58885,0.30665,-0.74781,1.000,1.000
38.7458,-0.59291,0.30886,-0.74368,1.000,1.000
38.7594,-0.59680,0.31093,-0.73970,1.000,1.000
38.7737,-0.60027,0.31292,-0.73604,1.000,1.000
38.7882,-0.60289,0.31407,-0.73341,1.000,1.000
38.8015,-0.60468,0.31439,-0.73180,1.000,1.000
38.8153,-0.60465,0.31430,-0.73185,1.000,1.000
38.8294,-0.60305,0.31433,-0.73317,1.000,1.000
38.8435,-0.60037,0.31426,-0.73539,1.000,1.000
38.8571,-0.59717,0.31440,-0.73793,1.000,1.000
38.8711,-0.59160,0.31542,-0.74197,1.000,1.000
38.8850,-0.58559,0.31757,-0.74581,1.000,1.000
38.8989,-0.57970,0.32012,-0.74931,1.000,1.000
38.9130,-0.57368,0.32138,-0.75340,1.000,1.000
38.9273,-0.56752,0.32244,-0.75759,1.000,1.000
38.9406,-0.56143,0.32296,-0.76190,1.000,1.000
38.9549,-0.55608,0.32432,-0.76524,1.000,1.000
38.9698,-0.55263,0.32563,-0.76718,1.000,1.000
38.9832,-0.55123,0.32625,-0.76793,1.000,1.000
38.9968,-0.55135,0.32536,-0.76821,1.000,1.000
39.0106,-0.55218,0.32446,-0.76800,1.000,1.000
39.0252,-0.55511,0.32344,-0.76631,1.000,1.000
39.0386,-0.55995,0.32209,-0.76336,1.000,1.000
39.0527,-0.56733,0.32046,-0.75858,1.000,1.000
39.0667,-0.57474,0.31883,-0.75367,1.000,1.000
39.0807,-0.58359,0.31659,-0.74779,1.000,1.000
39.0947,-0.59105,0.31497,-0.74260,1.000,1.000
39.1083,-0.59940,0.31253,-0.73691,1.000,1.000
39.1227,-0.60668,0.30965,-0.73216,1.000,1.000
39.1365,-0.61406,0.30618,-0.72745,1.000,1.000
39.1507,-0.61987,0.30281,-0.72393,1.000,1.000
39.1644,-0.62470,0.29948,-0.72115,1.000,1.000
39.1783,-0.62716,0.29703,-0.72003,1.000,1.000
39.1921,-0.62701,0.29450,-0.72120,1.000,1.000
39.2055,-0.62462,0.29403,-0.72346,1.000,1.000
39.2195,-0.61811,0.29540,-0.72847,1.000,1.000
39.2331,-0.61124,0.29846,-0.73302,1.000,1.000
39.2475,-0.60328,0.30258,-0.73790,1.000,1.000
39.2619,-0.59555,0.30624,-0.74265,1.000,1.000
39.2748,-0.58854,0.30917,-0.74702,1.000,1.000
39.2895,-0.58203,0.31086,-0.75140,1.000,1.000
39.3035,-0.57614,0.31340,-0.75488,1.000,1.000
39.3169,-0.57144,0.31491,-0.75782,1.000,1.000
39.3320,-0.56760,0.31704,-0.75981,1.000,1.000
39.3450,-0.56531,0.31856,-0.76088,1.000,1.000
39.3587,-0.56440,0.31953,-0.76115,1.000,1.000
39.3727,-0.56591,0.31991,-0.75987,1.000,1.000
39.3870,-0.56887,0.31906,-0.75802,1.000,1.000
39.4003,-0.57368,0.31701,-0.75524,1.000,1.000
39.4154,-0.57925,0.31452,-0.75203,1.000,1.000
39.4295,-0.58393,0.31139,-0.74971,1.000,1.000
39.4429,-0.58802,0.30829,-0.74779,1.000,1.000
39.4562,-0.59228,0.30524,-0.74568,1.000,1.000
39.4704,-0.59704,0.30310,-0.74274,1.000,1.000
39.4844,-0.60235,0.30259,-0.73866,1.000,1.000
39.4976,-0.60620,0.30117,-0.73608,1.000,1.000
39.5123,-0.60799,0.29870,-0.73562,1.000,1.000
39.5267,-0.60776,0.29617,-0.73682,1.000,1.000
39.5398,-0.60567,0.29479,-0.73910,1.000,1.000
39.5539,-0.60212,0.29407,-0.74228,1.000,1.000
39.5677,-0.59512,0.29547,-0.74735,1.000,1.000
39.5815,-0.58610,0.29876,-0.75314,1.000,1.000
39.5957,-0.57778,0.30244,-0.75809,1.000,1.000
39.6099,-0.57060,0.30471,-0.76260,1.000,1.000
39.6238,-0.56329,0.30629,-0.76739,1.000,1.000
39.6370,-0.55599,0.30723,-0.77233,1.000,1.000
39.6512,-0.54951,0.30864,-0.77639,1.000,1.000
39.6646,-0.54469,0.30981,-0.77931,1.000,1.000
39.6788,-0.54195,0.31079,-0.78083,1.000,1.000
39.6928,-0.53961,0.31184,-0.78204,1.000,1.000
39.7064,-0.53910,0.31176,-0.78242,1.000,1.000
39.7200,-0.53986,0.31095,-0.78221,1.000,1.000
39.7347,-0.54238,0.30928,-0.78113,1.000,1.000
39.7483,-0.54473,0.30816,-0.77994,1.000,1.000
39.7620,-0.54747,0.30833,-0.77795,1.000,1.000
39.7761,-0.54983,0.30929,-0.77591,1.000,1.000
39.7900,-0.55166,0.31067,-0.77406,1.000,1.000
39.8039,-0.55344,0.31080,-0.77273,1.000,1.000
39.8175,-0.55535,0.31072,-0.77139,1.000,1.000
39.8321,-0.55797,0.31043,-0.76961,1.000,1.000
39.8504,-0.56106,0.31068,-0.76726,1.000,1.000
39.8602,-0.56423,0.31143,-0.76463,1.000,1.000
39.8743,-0.56676,0.31105,-0.76291,1.000,1.000
39.8876,-0.56880,0.31011,-0.76177,1.000,1.000
39.9018,-0.57046,0.30889,-0.76103,1.000,1.000
39.9157,-0.57177,0.30779,-0.76049,1.000,1.000
39.9291,-0.57224,0.30800,-0.76005,1.000,1.000
39.9428,-0.57069,0.30919,-0.76074,1.000,1.000
39.9565,-0.56786,0.31144,-0.76193,1.000,1.000
39.9708,-0.56450,0.31321,-0.76370,1.000,1.000
39.9844,-0.56142,0.31368,-0.76578,1.000,1.000
39.9983,-0.55841,0.31289,-0.76829,1.000,1.000
40.0128,-0.55535,0.31187,-0.77093,1.000,1.000
40.0264,-0.55195,0.31079,-0.77380,1.000,1.000
40.0397,-0.54845,0.31017,-0.77653,1.000,1.000
40.0544,-0.54580,0.31031,-0.77834,1.000,1.000
40.0685,-0.54359,0.31064,-0.77975,1.000,1.000
40.0821,-0.54226,0.31047,-0.78075,1.000,1.000
40.0958,-0.54115,0.30913,-0.78205,1.000,1.000
40.1097,-0.53996,0.30742,-0.78354,1.000,1.000
40.1239,-0.53832,0.30460,-0.78577,1.000,1.000
40.1378,-0.53631,0.30226,-0.78804,1.000,1.000
40.1516,-0.53498,0.30124,-0.78934,1.000,1.000
40.1654,-0.53491,0.30104,-0.78946,1.000,1.000
40.1791,-0.53590,0.30106,-0.78878,1.000,1.000
40.1932,-0.53746,0.29928,-0.78840,1.000,1.000
40.2071,-0.53903,0.29723,-0.78810,1.000,1.000
40.2215,-0.54048,0.29501,-0.78794,1.000,1.000
40.2352,-0.54146,0.29398,-0.78765,1.000,1.000
40.2490,-0.54186,0.29346,-0.78757,1.000,1.000
40.2632,-0.54187,0.29377,-0.78745,1.000,1.000
40.2765,-0.54179,0.29394,-0.78744,1.000,1.000
40.2909,-0.54173,0.29325,-0.78774,1.000,1.000
40.3050,-0.54142,0.29228,-0.78832,1.000,1.000
40.3187,-0.53987,0.29161,-0.78962,1.000,1.000
40.3327,-0.53767,0.29100,-0.79135,1.000,1.000
40.3469,-0.53536,0.29103,-0.79290,1.000,1.000
40.3606,-0.53365,0.29120,-0.79399,1.000,1.000
40.3745,-0.53260,0.29147,-0.79459,1.000,1.000
40.3886,-0.53155,0.29197,-0.79511,1.000,1.000
