timestamp,gaze_x,gaze_y,gaze_z,pupil,openness
0.0003,0.37780,-0.32564,0.86673,1.000,1.000
0.0100,0.38089,-0.32858,0.86426,1.000,1.000
0.0238,0.38243,-0.33807,0.85992,1.000,1.000
0.0373,0.38408,-0.33949,0.85862,1.000,1.000
0.0520,0.38429,-0.34245,0.85735,1.000,1.000
0.0657,0.38452,-0.34682,0.85549,1.000,1.000
0.0794,0.38338,-0.35153,0.85407,1.000,1.000
0.0935,0.38225,-0.35163,0.85454,1.000,1.000
0.1083,0.38034,-0.34964,0.85621,1.000,1.000
0.1210,0.37858,-0.34882,0.85732,1.000,1.000
0.1354,0.37691,-0.34966,0.85772,1.000,1.000
0.1489,0.37570,-0.35299,0.85688,1.000,1.000
0.1626,0.37491,-0.35869,0.85486,1.000,1.000
0.1769,0.37556,-0.36532,0.85176,1.000,1.000
0.1908,0.37707,-0.36960,0.84924,1.000,1.000
0.2048,0.37865,-0.37237,0.84733,1.000,1.000
0.2187,0.38060,-0.37487,0.84535,1.000,1.000
0.2325,0.38250,-0.37897,0.84266,1.000,1.000
0.2467,0.38451,-0.38357,0.83966,1.000,1.000
0.2607,0.38654,-0.38673,0.83727,1.000,1.000
0.2741,0.38845,-0.38921,0.83524,1.000,1.000
0.2885,0.39013,-0.39012,0.83403,1.000,1.000
0.3039,0.39164,-0.39100,0.83291,1.000,1.000
0.3177,0.39217,-0.39421,0.83114,1.000,1.000
0.3313,0.39230,-0.39897,0.82881,1.000,1.000
0.3452,0.39124,-0.40498,0.82639,1.000,1.000
0.3587,0.38779,-0.41237,0.82436,1.000,1.000
0.3726,0.38227,-0.42159,0.82227,1.000,1.000
0.3865,0.37687,-0.43087,0.81995,1.000,1.000
0.3999,0.36682,-0.44373,0.81765,1.000,1.000
0.4139,0.35684,-0.45626,0.81516,1.000,1.000
0.4278,0.34291,-0.46984,0.81343,1.000,1.000
0.4413,0.32726,-0.48486,0.81106,1.000,1.000
0.4553,0.31078,-0.50162,0.80733,1.000,1.000
0.4692,0.29146,-0.52269,0.80115,1.000,1.000
0.4830,0.27204,-0.53848,0.79751,1.000,1.000
0.4972,0.25360,-0.55009,0.79567,1.000,1.000
0.5108,0.23427,-0.55870,0.79560,1.000,1.000
0.5248,0.21328,-0.56585,0.79644,1.000,1.000
0.5386,0.19194,-0.57695,0.79390,1.000,1.000
0.5531,0.16942,-0.59425,0.78624,1.000,1.000
0.5665,0.14986,-0.60992,0.77816,1.000,1.000
0.5802,0.13166,-0.62091,0.77275,1.000,1.000
0.5945,0.11433,-0.62534,0.77193,1.000,1.000
0.6086,0.09604,-0.62849,0.77187,1.000,1.000
0.6220,0.07809,-0.63697,0.76693,1.000,1.000
0.6362,0.06084,-0.64580,0.76108,1.000,1.000
0.6508,0.04524,-0.65407,0.75508,1.000,1.000
0.6644,0.02998,-0.65945,0.75115,1.000,1.000
0.6782,0.01436,-0.66273,0.74873,1.000,1.000
0.6926,-0.00127,-0.66874,0.74349,1.000,1.000
0.7064,-0.01299,-0.67538,0.73735,1.000,1.000
0.7204,-0.02087,-0.67893,0.73391,1.000,1.000
0.7348,-0.02775,-0.68020,0.73250,1.000,1.000
0.7483,-0.03089,-0.67867,0.73379,1.000,1.000
0.7621,-0.03426,-0.67771,0.73453,1.000,1.000
0.7762,-0.03757,-0.67972,0.73251,1.000,1.000
0.7907,-0.03982,-0.68200,0.73027,1.000,1.000
0.8041,-0.04207,-0.68409,0.72819,1.000,1.000
0.8182,-0.04295,-0.68432,0.72791,1.000,1.000
0.8326,-0.04383,-0.68331,0.72882,1.000,1.000
0.8462,-0.04507,-0.68190,0.73006,1.000,1.000
0.8599,-0.04754,-0.68151,0.73026,1.000,1.000
0.8742,-0.04861,-0.68039,0.73124,1.000,1.000
0.8878,-0.05003,-0.67921,0.73224,1.000,1.000
0.9019,-0.05121,-0.67807,0.73321,1.000,1.000
0.9160,-0.05194,-0.67588,0.73518,1.000,1.000
0.9296,-0.05232,-0.67265,0.73810,1.000,1.000
0.9437,-0.05217,-0.66853,0.74186,1.000,1.000
0.9574,-0.05231,-0.66227,0.74743,1.000,1.000
0.9715,-0.05259,-0.65245,0.75600,1.000,1.000
0.9852,-0.05284,-0.64405,0.76315,1.000,1.000
0.9990,-0.05261,-0.63706,0.76902,1.000,1.000
1.0139,-0.05136,-0.62954,0.77527,1.000,1.000
1.0271,-0.05021,-0.61988,0.78309,1.000,1.000
1.0409,-0.04867,-0.60939,0.79138,1.000,1.000
1.0550,-0.04713,-0.59879,0.79952,1.000,1.000
1.0688,-0.04577,-0.58872,0.80704,1.000,1.000
1.0827,-0.04472,-0.57760,0.81510,1.000,1.000
1.0969,-0.04438,-0.56490,0.82396,1.000,1.000
1.1107,-0.04414,-0.55257,0.83230,1.000,1.000
1.1245,-0.04016,-0.53889,0.84142,1.000,1.000
1.1384,-0.04331,-0.52594,0.84942,1.000,1.000
1.1528,-0.04296,-0.51508,0.85606,1.000,1.000
1.1664,-0.04267,-0.50308,0.86318,1.000,1.000
1.1799,-0.04219,-0.49383,0.86854,1.000,1.000
1.1943,-0.04133,-0.48528,0.87338,1.000,1.000
1.2083,-0.04090,-0.47820,0.87730,1.000,1.000
1.2218,-0.03883,-0.47017,0.88172,1.000,1.000
1.2362,-0.03682,-0.46122,0.88652,1.000,1.000
1.2502,-0.03351,-0.45168,0.89155,1.000,1.000
1.2641,-0.03088,-0.44028,0.89733,1.000,1.000
1.2777,-0.02780,-0.42888,0.90293,1.000,1.000
1.2917,-0.02447,-0.41687,0.90864,1.000,1.000
1.3056,-0.01875,-0.40434,0.91442,1.000,1.000
1.3194,-0.01378,-0.39375,0.91911,1.000,1.000
1.3336,-0.00804,-0.38408,0.92327,1.000,1.000
1.3474,-0.00216,-0.37513,0.92697,1.000,1.000
1.3614,0.00342,-0.36671,0.93033,1.000,1.000
1.3755,0.00884,-0.35885,0.93335,1.000,1.000
1.3895,0.01388,-0.35148,0.93609,1.000,1.000
1.4031,0.01902,-0.34377,0.93886,1.000,1.000
1.4175,0.02475,-0.33688,0.94122,1.000,1.000
1.4316,0.03112,-0.33082,0.94318,1.000,1.000
1.4452,0.03830,-0.32298,0.94563,1.000,1.000
1.4588,0.04480,-0.31721,0.94730,1.000,1.000
1.4728,0.05122,-0.31312,0.94833,1.000,1.000
1.4870,0.05756,-0.31163,0.94846,1.000,1.000
1.5005,0.06365,-0.30993,0.94863,1.000,1.000
1.5145,0.07009,-0.30591,0.94948,1.000,1.000
1.5280,0.07616,-0.30192,0.95029,1.000,1.000
1.5415,0.08203,-0.29960,0.95053,1.000,1.000
1.5557,0.08791,-0.29605,0.95112,1.000,1.000
1.5699,0.09347,-0.29393,0.95125,1.000,1.000
1.5831,0.09843,-0.29213,0.95130,1.000,1.000
1.5971,0.10334,-0.28962,0.95155,1.000,1.000
1.6112,0.10896,-0.28705,0.95170,1.000,1.000
1.6253,0.11336,-0.28739,0.95108,1.000,1.000
1.6389,0.11700,-0.29052,0.94969,1.000,1.000
1.6530,0.12056,-0.29410,0.94814,1.000,1.000
1.6669,0.12355,-0.29575,0.94724,1.000,1.000
1.6807,0.12700,-0.29648,0.94656,1.000,1.000
1.6946,0.12944,-0.29778,0.94582,1.000,1.000
1.7085,0.13135,-0.30077,0.94461,1.000,1.000
1.7223,0.13295,-0.30546,0.94288,1.000,1.000
1.7365,0.13386,-0.30817,0.94187,1.000,1.000
1.7502,0.13442,-0.31005,0.94117,1.000,1.000
1.7641,0.13381,-0.31192,0.94064,1.000,1.000
1.7780,0.13359,-0.31328,0.94022,1.000,1.000
1.7920,0.13343,-0.31624,0.93925,1.000,1.000
1.8059,0.13393,-0.32111,0.93752,1.000,1.000
1.8198,0.13367,-0.32380,0.93663,1.000,1.000
1.8338,0.13610,-0.32537,0.93574,1.000,1.000
1.8482,0.13527,-0.32621,0.93557,1.000,1.000
1.8617,0.13513,-0.32800,0.93496,1.000,1.000
1.8755,0.13383,-0.33051,0.93427,1.000,1.000
1.8895,0.13151,-0.33557,0.93279,1.000,1.000
1.9035,0.12981,-0.34100,0.93106,1.000,1.000
1.9174,0.12804,-0.34644,0.92929,1.000,1.000
1.9311,0.12533,-0.35132,0.92783,1.000,1.000
1.9454,0.12168,-0.35558,0.92669,1.000,1.000
1.9590,0.11737,-0.35949,0.92574,1.000,1.000
1.9733,0.11197,-0.36762,0.92321,1.000,1.000
1.9873,0.10601,-0.37662,0.92028,1.000,1.000
2.0008,0.09927,-0.38558,0.91732,1.000,1.000
2.0150,0.09351,-0.39426,0.91423,1.000,1.000
2.0290,0.08734,-0.40070,0.91204,1.000,1.000
2.0428,0.08142,-0.40623,0.91014,1.000,1.000
2.0565,0.07571,-0.41344,0.90738,1.000,1.000
2.0706,0.07048,-0.42134,0.90416,1.000,1.000
2.0850,0.06469,-0.42961,0.90070,1.000,1.000
2.0991,0.05748,-0.43738,0.89744,1.000,1.000
2.1123,0.05047,-0.44669,0.89326,1.000,1.000
2.1264,0.04446,-0.45880,0.88743,1.000,1.000
2.1402,0.03956,-0.47237,0.88051,1.000,1.000
2.1543,0.03403,-0.48179,0.87563,1.000,1.000
2.1685,0.02932,-0.48851,0.87207,1.000,1.000
2.1823,0.02435,-0.49354,0.86938,1.000,1.000
2.1964,0.01939,-0.49915,0.86630,1.000,1.000
2.2115,0.01487,-0.50468,0.86318,1.000,1.000
2.2250,0.00993,-0.50887,0.86079,1.000,1.000
2.2383,0.00684,-0.51067,0.85975,1.000,1.000
2.2524,0.00488,-0.50956,0.86042,1.000,1.000
2.2665,0.00301,-0.50963,0.86039,1.000,1.000
2.2808,0.00178,-0.50930,0.86059,1.000,1.000
2.2944,0.00095,-0.51154,0.85926,1.000,1.000
2.3084,-0.00006,-0.51353,0.85807,1.000,1.000
2.3220,-0.00050,-0.51542,0.85694,1.000,1.000
2.3363,-0.00079,-0.51499,0.85719,1.000,1.000
2.3501,-0.00132,-0.51436,0.85757,1.000,1.000
2.3640,-0.00104,-0.51411,0.85773,1.000,1.000
2.3776,-0.00062,-0.51445,0.85752,1.000,1.000
2.3919,0.00027,-0.51589,0.85666,1.000,1.000
2.4058,0.00171,-0.51906,0.85474,1.000,1.000
2.4194,0.00390,-0.52177,0.85308,1.000,1.000
2.4337,0.00747,-0.52310,0.85224,1.000,1.000
2.4477,0.01137,-0.52320,0.85213,1.000,1.000
2.4620,0.01563,-0.52245,0.85253,1.000,1.000
2.4755,0.01978,-0.52250,0.85241,1.000,1.000
2.4894,0.02364,-0.52233,0.85242,1.000,1.000
2.5035,0.02673,-0.52151,0.85283,1.000,1.000
2.5172,0.02978,-0.52072,0.85321,1.000,1.000
2.5312,0.03178,-0.51905,0.85415,1.000,1.000
2.5451,0.03374,-0.51879,0.85423,1.000,1.000
2.5587,0.03504,-0.51948,0.85377,1.000,1.000
2.5732,0.03574,-0.52099,0.85281,1.000,1.000
2.5874,0.03599,-0.52214,0.85210,1.000,1.000
2.6005,0.03560,-0.52258,0.85185,1.000,1.000
2.6147,0.03521,-0.52161,0.85246,1.000,1.000
2.6286,0.03498,-0.52015,0.85336,1.000,1.000
2.6426,0.03529,-0.51905,0.85402,1.000,1.000
2.6566,0.03551,-0.51842,0.85439,1.000,1.000
2.6728,0.03637,-0.51765,0.85482,1.000,1.000
2.6848,0.03705,-0.51671,0.85536,1.000,1.000
2.6986,0.03812,-0.51569,0.85593,1.000,1.000
2.7124,0.03897,-0.51491,0.85636,1.000,1.000
2.7262,0.03997,-0.51433,0.85666,1.000,1.000
2.7400,0.04109,-0.51372,0.85698,1.000,1.000
2.7543,0.04237,-0.51289,0.85741,1.000,1.000
2.7680,0.04412,-0.51186,0.85793,1.000,1.000
2.7820,0.04550,-0.51050,0.85867,1.000,1.000
2.7962,0.04709,-0.51003,0.85886,1.000,1.000
2.8101,0.04867,-0.50877,0.85952,1.000,1.000
2.8239,0.05047,-0.50722,0.86034,1.000,1.000
2.8375,0.05245,-0.50625,0.86079,1.000,1.000
2.8521,0.05437,-0.50565,0.86102,1.000,1.000
2.8660,0.05595,-0.50520,0.86119,1.000,1.000
2.8797,0.05738,-0.50486,0.86129,1.000,1.000
2.8936,0.05899,-0.50472,0.86127,1.000,1.000
2.9075,0.06090,-0.50384,0.86165,1.000,1.000
2.9216,0.06301,-0.50322,0.86186,1.000,1.000
2.9356,0.06550,-0.50285,0.86189,1.000,1.000
2.9490,0.06781,-0.50192,0.86225,1.000,1.000
2.9627,0.07015,-0.50114,0.86252,1.000,1.000
2.9771,0.07240,-0.50034,0.86280,1.000,1.000
2.9909,0.07451,-0.49908,0.86335,1.000,1.000
3.0048,0.07722,-0.49717,0.86421,1.000,1.000
3.0189,0.08050,-0.49534,0.86496,1.000,1.000
3.0329,0.08436,-0.49231,0.86632,1.000,1.000
3.0469,0.08862,-0.48894,0.86780,1.000,1.000
3.0605,0.09316,-0.48523,0.86941,1.000,1.000
3.0746,0.09763,-0.48229,0.87055,1.000,1.000
3.0883,0.10186,-0.48084,0.87087,1.000,1.000
3.1023,0.10556,-0.47978,0.87102,1.000,1.000
3.1165,0.10905,-0.47825,0.87143,1.000,1.000
3.1304,0.11203,-0.47608,0.87224,1.000,1.000
3.1441,0.11523,-0.47269,0.87366,1.000,1.000
3.1584,0.11814,-0.47009,0.87468,1.000,1.000
3.1721,0.12085,-0.46749,0.87570,1.000,1.000
3.1857,0.12336,-0.46519,0.87658,1.000,1.000
3.1997,0.12607,-0.46252,0.87760,1.000,1.000
3.2137,0.12873,-0.46017,0.87845,1.000,1.000
3.2280,0.13129,-0.45748,0.87947,1.000,1.000
3.2415,0.13432,-0.45407,0.88078,1.000,1.000
3.2557,0.13716,-0.44921,0.88283,1.000,1.000
3.2699,0.13997,-0.44494,0.88456,1.000,1.000
3.2839,0.14277,-0.44044,0.88636,1.000,1.000
3.2977,0.14566,-0.43627,0.88795,1.000,1.000
3.3116,0.14840,-0.43070,0.89021,1.000,1.000
3.3265,0.15102,-0.42491,0.89255,1.000,1.000
3.3397,0.15367,-0.41704,0.89581,1.000,1.000
3.3536,0.15625,-0.40926,0.89894,1.000,1.000
3.3667,0.15864,-0.40148,0.90202,1.000,1.000
3.3803,0.16198,-0.39306,0.90513,1.000,1.000
3.3951,0.16548,-0.38446,0.90819,1.000,1.000
3.4088,0.16910,-0.37346,0.91210,1.000,1.000
3.4224,0.17260,-0.36291,0.91570,1.000,1.000
3.4369,0.17593,-0.35202,0.91931,1.000,1.000
3.4508,0.18018,-0.34150,0.92245,1.000,1.000
3.4648,0.18458,-0.33202,0.92504,1.000,1.000
3.4784,0.18912,-0.32084,0.92806,1.000,1.000
3.4924,0.19419,-0.30682,0.93175,1.000,1.000
3.5068,0.19886,-0.28977,0.93621,1.000,1.000
3.5206,0.20403,-0.26986,0.94103,1.000,1.000
3.5348,0.20920,-0.25423,0.94425,1.000,1.000
3.5479,0.21601,-0.24261,0.94577,1.000,1.000
3.5622,0.22453,-0.23196,0.94646,1.000,1.000
3.5760,0.23347,-0.22082,0.94696,1.000,1.000
3.5904,0.24199,-0.20670,0.94801,1.000,1.000
3.6038,0.24942,-0.19611,0.94833,1.000,1.000
3.6175,0.25911,-0.18583,0.94780,1.000,1.000
3.6319,0.27019,-0.17675,0.94645,1.000,1.000
3.6456,0.28229,-0.16878,0.94437,1.000,1.000
3.6593,0.29345,-0.16048,0.94241,1.000,1.000
3.6735,0.30319,-0.15369,0.94046,1.000,1.000
3.6874,0.31477,-0.14751,0.93764,1.000,1.000
3.7013,0.32706,-0.14177,0.93431,1.000,1.000
3.7155,0.33939,-0.13681,0.93064,1.000,1.000
3.7290,0.35097,-0.13564,0.92651,1.000,1.000
3.7428,0.36136,-0.13507,0.92259,1.000,1.000
3.7573,0.37263,-0.13515,0.91809,1.000,1.000
3.7711,0.38500,-0.13560,0.91290,1.000,1.000
3.7848,0.39668,-0.13519,0.90795,1.000,1.000
3.7986,0.40721,-0.13634,0.90310,1.000,1.000
3.8130,0.41762,-0.13811,0.89806,1.000,1.000
3.8268,0.42762,-0.13913,0.89319,1.000,1.000
3.8403,0.43666,-0.14003,0.88866,1.000,1.000
3.8545,0.44456,-0.13967,0.88479,1.000,1.000
3.8686,0.45200,-0.14110,0.88079,1.000,1.000
3.8823,0.45950,-0.14216,0.87673,1.000,1.000
3.8961,0.46585,-0.14422,0.87303,1.000,1.000
3.9099,0.47098,-0.14504,0.87014,1.000,1.000
3.9236,0.47462,-0.14568,0.86805,1.000,1.000
3.9371,0.47753,-0.14518,0.86654,1.000,1.000
3.9515,0.48018,-0.14511,0.86509,1.000,1.000
3.9653,0.48263,-0.14439,0.86384,1.000,1.000
3.9786,0.48373,-0.14468,0.86318,1.000,1.000
3.9928,0.48417,-0.14510,0.86286,1.000,1.000
4.0071,0.48251,-0.14569,0.86369,1.000,1.000
4.0206,0.47868,-0.14559,0.86583,1.000,1.000
4.0350,0.47388,-0.14561,0.86846,1.000,1.000
4.0492,0.46836,-0.14443,0.87165,1.000,1.000
4.0628,0.46339,-0.14330,0.87449,1.000,1.000
4.0768,0.45783,-0.14063,0.87785,1.000,1.000
4.0908,0.45121,-0.13777,0.88172,1.000,1.000
4.1048,0.44487,-0.13682,0.88508,1.000,1.000
4.1186,0.43819,-0.13544,0.88862,1.000,1.000
4.1329,0.42921,-0.13402,0.89321,1.000,1.000
4.1467,0.41944,-0.13238,0.89808,1.000,1.000
4.1605,0.40849,-0.13021,0.90343,1.000,1.000
4.1749,0.39446,-0.12646,0.91017,1.000,1.000
4.1888,0.38091,-0.12209,0.91651,1.000,1.000
4.2023,0.36566,-0.11636,0.92345,1.000,1.000
4.2164,0.34828,-0.10755,0.93120,1.000,1.000
4.2304,0.33058,-0.09944,0.93852,1.000,1.000
4.2448,0.31159,-0.09324,0.94563,1.000,1.000
4.2580,0.29459,-0.08974,0.95140,1.000,1.000
4.2721,0.27966,-0.08687,0.95616,1.000,1.000
4.2861,0.26425,-0.07950,0.96117,1.000,1.000
4.2997,0.24923,-0.07176,0.96578,1.000,1.000
4.3139,0.23612,-0.06363,0.96964,1.000,1.000
4.3278,0.22314,-0.05780,0.97307,1.000,1.000
4.3415,0.21086,-0.05348,0.97605,1.000,1.000
4.3559,0.19871,-0.04812,0.97888,1.000,1.000
4.3697,0.18910,-0.04692,0.98084,1.000,1.000
4.3837,0.18060,-0.04482,0.98253,1.000,1.000
4.3976,0.17239,-0.04295,0.98409,1.000,1.000
4.4117,0.16466,-0.04218,0.98545,1.000,1.000
4.4260,0.15750,-0.04228,0.98661,1.000,1.000
4.4391,0.15114,-0.04551,0.98746,1.000,1.000
4.4533,0.14404,-0.04659,0.98847,1.000,1.000
4.4672,0.13701,-0.04787,0.98941,1.000,1.000
4.4810,0.13074,-0.04589,0.99035,1.000,1.000
4.4947,0.12308,-0.04201,0.99151,1.000,1.000
4.5089,0.11534,-0.04171,0.99245,1.000,1.000
4.5224,0.10677,-0.04165,0.99341,1.000,1.000
4.5369,0.09891,-0.04396,0.99413,1.000,1.000
4.5510,0.09198,-0.04305,0.99483,1.000,1.000
4.5647,0.08630,-0.04281,0.99535,1.000,1.000
4.5782,0.08117,-0.04439,0.99571,1.000,1.000
4.5923,0.07561,-0.04432,0.99615,1.000,1.000
4.6064,0.07062,-0.04596,0.99644,1.000,1.000
4.6201,0.06643,-0.04795,0.99664,1.000,1.000
4.6343,0.06345,-0.04918,0.99677,1.000,1.000
4.6482,0.06081,-0.04895,0.99695,1.000,1.000
4.6623,0.05823,-0.04971,0.99706,1.000,1.000
4.6758,0.05599,-0.05118,0.99712,1.000,1.000
4.6899,0.05443,-0.05599,0.99695,1.000,1.000
4.7037,0.05290,-0.06305,0.99661,1.000,1.000
4.7176,0.05053,-0.06694,0.99648,1.000,1.000
4.7317,0.04686,-0.06844,0.99655,1.000,1.000
4.7457,0.04348,-0.06927,0.99665,1.000,1.000
4.7594,0.04083,-0.06960,0.99674,1.000,1.000
4.7734,0.03849,-0.07385,0.99653,1.000,1.000
4.7876,0.03680,-0.07958,0.99615,1.000,1.000
4.8012,0.03537,-0.08495,0.99576,1.000,1.000
4.8152,0.03433,-0.09086,0.99527,1.000,1.000
4.8294,0.03266,-0.09344,0.99509,1.000,1.000
4.8431,0.03078,-0.09426,0.99507,1.000,1.000
4.8569,0.02907,-0.09513,0.99504,1.000,1.000
4.8709,0.02821,-0.09783,0.99480,1.000,1.000
4.8850,0.02894,-0.10145,0.99442,1.000,1.000
4.8988,0.03026,-0.10334,0.99419,1.000,1.000
4.9126,0.03192,-0.10397,0.99407,1.000,1.000
4.9266,0.03368,-0.10474,0.99393,1.000,1.000
4.9404,0.03473,-0.10423,0.99395,1.000,1.000
4.9548,0.03579,-0.10432,0.99390,1.000,1.000
4.9684,0.03778,-0.10470,0.99379,1.000,1.000
4.9822,0.04040,-0.10431,0.99372,1.000,1.000
4.9962,0.04308,-0.10508,0.99353,1.000,1.000
5.0101,0.04643,-0.10766,0.99310,1.000,1.000
5.0242,0.05017,-0.10905,0.99277,1.000,1.000
5.0375,0.05387,-0.10927,0.99255,1.000,1.000
5.0517,0.05806,-0.10892,0.99235,1.000,1.000
5.0658,0.06285,-0.10862,0.99209,1.000,1.000
5.0800,0.06818,-0.10958,0.99164,1.000,1.000
5.0934,0.07358,-0.10978,0.99123,1.000,1.000
5.1074,0.07836,-0.10910,0.99094,1.000,1.000
5.1210,0.08293,-0.10798,0.99069,1.000,1.000
5.1353,0.08763,-0.10742,0.99034,1.000,1.000
5.1490,0.09261,-0.10785,0.98984,1.000,1.000
5.1629,0.09769,-0.10790,0.98935,1.000,1.000
5.1770,0.10309,-0.10885,0.98870,1.000,1.000
5.1910,0.10880,-0.10841,0.98813,1.000,1.000
5.2054,0.11430,-0.10701,0.98767,1.000,1.000
5.2186,0.11980,-0.10560,0.98717,1.000,1.000
5.2326,0.12509,-0.10520,0.98655,1.000,1.000
5.2465,0.13034,-0.10497,0.98590,1.000,1.000
5.2603,0.13555,-0.10550,0.98514,1.000,1.000
5.2745,0.14098,-0.10544,0.98438,1.000,1.000
5.2883,0.14564,-0.10449,0.98380,1.000,1.000
5.3023,0.15004,-0.10381,0.98322,1.000,1.000
5.3163,0.15411,-0.10352,0.98262,1.000,1.000
5.3306,0.15743,-0.10237,0.98221,1.000,1.000
5.3440,0.16085,-0.10201,0.98169,1.000,1.000
5.3578,0.16390,-0.10131,0.98126,1.000,1.000
5.3724,0.16697,-0.10066,0.98081,1.000,1.000
5.3863,0.17029,-0.09985,0.98032,1.000,1.000
5.3998,0.81545,-0.09962,0.57018,1.000,1.000
5.4134,0.81748,-0.09914,0.56737,1.000,1.000
5.4268,0.81937,-0.09943,0.56457,1.000,1.000
5.4403,0.82155,-0.09931,0.56142,1.000,1.000
5.4546,0.82379,-0.09982,0.55803,1.000,1.000
5.4682,0.82614,-0.09994,0.55453,1.000,1.000
5.4822,0.82865,-0.09921,0.55090,1.000,1.000
5.4958,0.83130,-0.09760,0.54719,1.000,1.000
5.5096,0.83384,-0.09747,0.54334,1.000,1.000
5.5235,0.83647,-0.09843,0.53910,1.000,1.000
5.5373,0.83954,-0.10057,0.53391,1.000,1.000
5.5515,0.84369,-0.10199,0.52705,1.000,1.000
5.5656,0.84816,-0.10155,0.51992,1.000,1.000
5.5790,0.85357,-0.10058,0.51117,1.000,1.000
5.5937,0.85858,-0.10093,0.50265,1.000,1.000
5.6076,0.86402,-0.10202,0.49301,1.000,1.000
5.6208,0.86943,-0.10130,0.48357,1.000,1.000
5.6352,0.87500,-0.09982,0.47372,1.000,1.000
5.6490,0.88006,-0.09669,0.46492,1.000,1.000
5.6624,0.88441,-0.09495,0.45696,1.000,1.000
5.6764,0.88848,-0.09537,0.44891,1.000,1.000
5.6905,0.89246,-0.09614,0.44077,1.000,1.000
5.7044,0.89620,-0.09675,0.43297,1.000,1.000
5.7180,0.89990,-0.09574,0.42546,1.000,1.000
5.7324,0.90336,-0.09429,0.41840,1.000,1.000
5.7461,0.90662,-0.09267,0.41165,1.000,1.000
5.7598,0.90941,-0.09151,0.40570,1.000,1.000
5.7743,0.91164,-0.08943,0.40113,1.000,1.000
5.7884,0.91362,-0.08908,0.39668,1.000,1.000
5.8015,0.91591,-0.08932,0.39133,1.000,1.000
5.8155,0.91818,-0.09025,0.38575,1.000,1.000
5.8295,0.92062,-0.09062,0.37980,1.000,1.000
5.8436,0.92298,-0.08808,0.37464,1.000,1.000
5.8572,0.92483,-0.08421,0.37094,1.000,1.000
5.8712,0.92641,-0.08145,0.36760,1.000,1.000
5.8853,0.92808,-0.08008,0.36366,1.000,1.000
5.8989,0.92975,-0.08077,0.35923,1.000,1.000
5.9130,0.93159,-0.08142,0.35429,1.000,1.000
5.9332,0.90758,-0.08036,-0.41212,1.000,1.000
5.9448,0.90624,-0.07849,-0.41540,1.000,1.000
5.9549,0.90503,-0.07645,-0.41841,1.000,1.000
5.9686,0.90427,-0.07442,-0.42043,1.000,1.000
5.9827,0.90354,-0.07309,-0.42222,1.000,1.000
5.9964,0.90268,-0.07305,-0.42407,1.000,1.000
6.0103,0.90204,-0.07333,-0.42537,1.000,1.000
6.0248,0.90161,-0.07386,-0.42621,1.000,1.000
6.0386,0.90143,-0.07366,-0.42662,1.000,1.000
6.0525,0.90140,-0.07301,-0.42679,1.000,1.000
6.0664,0.90142,-0.07278,-0.42679,1.000,1.000
6.0805,0.90160,-0.07183,-0.42656,1.000,1.000
6.0942,0.90183,-0.07118,-0.42619,1.000,1.000
6.1085,0.90205,-0.07088,-0.42578,1.000,1.000
6.1220,0.90249,-0.07102,-0.42481,1.000,1.000
6.1364,0.90304,-0.07151,-0.42357,1.000,1.000
6.1502,0.90372,-0.07186,-0.42205,1.000,1.000
6.1642,0.90459,-0.07219,-0.42012,1.000,1.000
6.1780,0.90549,-0.07280,-0.41807,1.000,1.000
6.1920,0.90630,-0.07401,-0.41611,1.000,1.000
6.2061,0.90704,-0.07488,-0.41433,1.000,1.000
6.2199,0.90769,-0.07566,-0.41276,1.000,1.000
6.2341,0.90848,-0.07567,-0.41102,1.000,1.000
6.2478,0.90990,-0.07513,-0.40796,1.000,1.000
6.2614,0.91188,-0.07407,-0.40372,1.000,1.000
6.2755,0.91432,-0.07316,-0.39832,1.000,1.000
6.2895,0.91676,-0.07356,-0.39261,1.000,1.000
6.3031,0.91867,-0.07285,-0.38826,1.000,1.000
6.3174,0.92042,-0.07148,-0.38434,1.000,1.000
6.3310,0.92249,-0.06849,-0.37989,1.000,1.000
6.3452,0.92496,-0.06653,-0.37420,1.000,1.000
6.3592,0.92756,-0.06549,-0.36790,1.000,1.000
6.3731,0.93022,-0.06488,-0.36122,1.000,1.000
6.3869,0.93233,-0.06406,-0.35588,1.000,1.000
6.4039,0.93407,-0.06161,-0.35172,1.000,1.000
6.4143,0.93592,-0.05911,-0.34721,1.000,1.000
6.4283,0.93793,-0.05526,-0.34239,1.000,1.000
6.4417,0.94032,-0.05164,-0.33635,1.000,1.000
6.4557,0.94270,-0.04792,-0.33018,1.000,1.000
6.4704,0.94463,-0.04441,-0.32512,1.000,1.000
6.4839,0.94627,-0.04197,-0.32063,1.000,1.000
6.4977,0.94789,-0.03960,-0.31613,1.000,1.000
6.5120,0.94937,-0.03738,-0.31194,1.000,1.000
6.5261,0.95101,-0.03592,-0.30705,1.000,1.000
6.5395,0.95273,-0.03389,-0.30192,1.000,1.000
6.5537,0.95433,-0.03110,-0.29712,1.000,1.000
6.5675,0.95587,-0.02776,-0.29246,1.000,1.000
6.5813,0.95738,-0.02455,-0.28778,1.000,1.000
6.5959,0.95878,-0.02230,-0.28329,1.000,1.000
6.6095,0.96028,-0.02023,-0.27830,1.000,1.000
6.6232,0.96215,-0.01872,-0.27187,1.000,1.000
6.6372,0.96384,-0.01786,-0.26587,1.000,1.000
6.6514,0.96551,-0.01636,-0.25984,1.000,1.000
6.6657,0.96696,-0.01409,-0.25453,1.000,1.000
6.6791,0.96848,-0.01147,-0.24882,1.000,1.000
6.6931,0.97033,-0.00978,-0.24160,1.000,1.000
6.7069,0.97218,-0.00947,-0.23406,1.000,1.000
6.7212,0.97365,-0.00887,-0.22788,1.000,1.000
6.7350,0.97507,-0.00775,-0.22177,1.000,1.000
6.7487,0.97667,-0.00555,-0.21466,1.000,1.000
6.7626,0.97831,-0.00430,-0.20712,1.000,1.000
6.7766,0.97969,-0.00255,-0.20049,1.000,1.000
6.7908,0.98044,-0.00010,-0.19680,1.000,1.000
6.8046,0.98101,0.00154,-0.19393,1.000,1.000
6.8183,0.98161,0.00309,-0.19086,1.000,1.000
6.8324,0.98211,0.00392,-0.18828,1.000,1.000
6.8463,0.98245,0.00464,-0.18644,1.000,1.000
6.8601,0.98265,0.00574,-0.18537,1.000,1.000
6.8744,0.98292,0.00828,-0.18385,1.000,1.000
6.8880,0.98333,0.01175,-0.18143,1.000,1.000
6.9022,0.98377,0.01475,-0.17884,1.000,1.000
6.9162,0.98412,0.01667,-0.17673,1.000,1.000
6.9297,0.98428,0.01702,-0.17579,1.000,1.000
6.9437,0.98434,0.01766,-0.17538,1.000,1.000
6.9576,0.98434,0.01855,-0.17530,1.000,1.000
6.9719,0.98430,0.01996,-0.17538,1.000,1.000
6.9856,0.98436,0.02054,-0.17496,1.000,1.000
6.9992,0.98451,0.02123,-0.17404,1.000,1.000
7.0132,0.98468,0.02157,-0.17304,1.000,1.000
7.0272,0.98481,0.02297,-0.17209,1.000,1.000
7.0410,0.98481,0.02384,-0.17199,1.000,1.000
7.0553,0.98473,0.02426,-0.17237,1.000,1.000
7.0688,0.98471,0.02415,-0.17251,1.000,1.000
7.0827,0.98473,0.02420,-0.17238,1.000,1.000
7.0970,0.98469,0.02402,-0.17267,1.000,1.000
7.1106,0.98461,0.02434,-0.17308,1.000,1.000
7.1247,0.98441,0.02432,-0.17419,1.000,1.000
7.1384,0.98416,0.02415,-0.17562,1.000,1.000
7.1526,0.98393,0.02335,-0.17700,1.000,1.000
7.1664,0.98377,0.02247,-0.17800,1.000,1.000
7.1801,0.98371,0.02204,-0.17841,1.000,1.000
7.1943,0.98362,0.02282,-0.17880,1.000,1.000
7.2085,0.98354,0.02393,-0.17908,1.000,1.000
7.2217,0.98351,0.02437,-0.17923,1.000,1.000
7.2361,0.98351,0.02344,-0.17931,1.000,1.000
7.2663,0.98354,0.02154,-0.17941,1.000,1.000
7.2791,0.98341,0.02154,-0.18009,1.000,1.000
7.2920,0.98334,0.02227,-0.18041,1.000,1.000
7.3059,0.98331,0.02349,-0.18040,1.000,1.000
7.3196,0.98327,0.02472,-0.18046,1.000,1.000
7.3358,0.98339,0.02446,-0.17986,1.000,1.000
7.3475,0.98352,0.02367,-0.17924,1.000,1.000
7.3609,0.98362,0.02297,-0.17878,1.000,1.000
7.3751,0.98357,0.02220,-0.17917,1.000,1.000
7.3896,0.98344,0.02276,-0.17981,1.000,1.000
7.4038,0.98334,0.02415,-0.18015,1.000,1.000
7.4167,0.98323,0.02519,-0.18062,1.000,1.000
7.4309,0.98316,0.02462,-0.18106,1.000,1.000
7.4450,0.98302,0.02381,-0.18196,1.000,1.000
7.4584,0.98285,0.02322,-0.18294,1.000,1.000
7.4726,0.98272,0.02336,-0.18362,1.000,1.000
7.4866,0.98272,0.02365,-0.18360,1.000,1.000
7.5003,0.98274,0.02417,-0.18339,1.000,1.000
7.5144,0.98272,0.02406,-0.18350,1.000,1.000
7.5290,0.98270,0.02297,-0.18376,1.000,1.000
7.5423,0.98274,0.02179,-0.18373,1.000,1.000
7.5565,0.98281,0.02045,-0.18349,1.000,1.000
7.5703,0.98282,0.02017,-0.18345,1.000,1.000
7.5843,0.98281,0.01962,-0.18358,1.000,1.000
7.5980,0.98285,0.01933,-0.18341,1.000,1.000
7.6124,0.98283,0.01886,-0.18353,1.000,1.000
7.6263,0.98273,0.01917,-0.18404,1.000,1.000
7.6397,0.98263,0.01993,-0.18451,1.000,1.000
7.6543,0.98242,0.02134,-0.18546,1.000,1.000
7.6678,0.98221,0.02241,-0.18646,1.000,1.000
7.6813,0.98193,0.02357,-0.18776,1.000,1.000
7.6954,0.98145,0.02487,-0.19008,1.000,1.000
7.7095,0.98081,0.02636,-0.19319,1.000,1.000
7.7232,0.98013,0.02832,-0.19632,1.000,1.000
7.7376,0.97949,0.03051,-0.19915,1.000,1.000
7.7515,0.97884,0.03272,-0.20199,1.000,1.000
7.7655,0.97802,0.03552,-0.20547,1.000,1.000
7.7791,0.97695,0.03885,-0.20990,1.000,1.000
7.7935,0.97585,0.04196,-0.21439,1.000,1.000
7.8073,0.97479,0.04427,-0.21871,1.000,1.000
7.8207,0.97363,0.04584,-0.22347,1.000,1.000
7.8350,0.97237,0.04662,-0.22873,1.000,1.000
7.8513,0.97094,0.04832,-0.23440,1.000,1.000
7.8627,0.96978,0.05064,-0.23865,1.000,1.000
7.8768,0.96881,0.05213,-0.24227,1.000,1.000
7.8911,0.96841,0.05332,-0.24362,1.000,1.000
7.9046,0.96806,0.05444,-0.24476,1.000,1.000
7.9184,0.96799,0.05616,-0.24462,1.000,1.000
7.9324,0.96794,0.05828,-0.24435,1.000,1.000
7.9467,0.96786,0.06017,-0.24418,1.000,1.000
7.9601,0.96795,0.06210,-0.24335,1.000,1.000
7.9742,0.96795,0.06338,-0.24301,1.000,1.000
7.9885,0.96797,0.06440,-0.24268,1.000,1.000
8.0018,0.96789,0.06602,-0.24257,1.000,1.000
8.0158,0.96765,0.06902,-0.24265,1.000,1.000
8.0301,0.96731,0.07269,-0.24294,1.000,1.000
8.0440,0.96688,0.07637,-0.24356,1.000,1.000
8.0576,0.96632,0.07985,-0.24464,1.000,1.000
8.0717,0.96577,0.08238,-0.24597,1.000,1.000
8.0859,0.96531,0.08403,-0.24720,1.000,1.000
8.0997,0.96486,0.08609,-0.24825,1.000,1.000
8.1135,0.96445,0.08827,-0.24908,1.000,1.000
8.1279,0.96403,0.08988,-0.25015,1.000,1.000
8.1412,0.96351,0.09133,-0.25161,1.000,1.000
8.1553,0.96279,0.09082,-0.25455,1.000,1.000
8.1692,0.96191,0.09064,-0.25789,1.000,1.000
8.1829,0.96107,0.08994,-0.26124,1.000,1.000
8.1971,0.96032,0.08938,-0.26420,1.000,1.000
8.2111,0.95977,0.08804,-0.26663,1.000,1.000
8.2250,0.95945,0.08647,-0.26830,1.000,1.000
8.2386,0.95933,0.08492,-0.26922,1.000,1.000
8.2533,0.95934,0.08420,-0.26940,1.000,1.000
8.2668,0.95935,0.08317,-0.26967,1.000,1.000
8.2810,0.95957,0.08198,-0.26926,1.000,1.000
8.2947,0.96002,0.08056,-0.26809,1.000,1.000
8.3089,0.96042,0.07983,-0.26688,1.000,1.000
8.3222,0.96058,0.08051,-0.26609,1.000,1.000
8.3364,0.96069,0.08195,-0.26525,1.000,1.000
8.3504,0.96080,0.08265,-0.26465,1.000,1.000
8.3643,0.96099,0.08285,-0.26389,1.000,1.000
8.3778,0.96134,0.08240,-0.26276,1.000,1.000
8.3922,0.96167,0.08268,-0.26145,1.000,1.000
8.4062,0.96182,0.08250,-0.26096,1.000,1.000
8.4197,0.96178,0.08148,-0.26144,1.000,1.000
8.4340,0.96145,0.08054,-0.26293,1.000,1.000
8.4473,0.96118,0.07868,-0.26446,1.000,1.000
8.4611,0.96102,0.07644,-0.26570,1.000,1.000
8.4754,0.96092,0.07446,-0.26662,1.000,1.000
8.4894,0.96090,0.07249,-0.26724,1.000,1.000
8.5030,0.96090,0.07003,-0.26790,1.000,1.000
8.5174,0.96107,0.06748,-0.26793,1.000,1.000
8.5313,0.96137,0.06370,-0.26778,1.000,1.000
8.5453,0.96182,0.06118,-0.26675,1.000,1.000
8.5589,0.96228,0.05783,-0.26586,1.000,1.000
8.5730,0.96258,0.05584,-0.26518,1.000,1.000
8.5870,0.96272,0.05396,-0.26506,1.000,1.000
8.6003,0.96259,0.05080,-0.26617,1.000,1.000
8.6145,0.96254,0.04506,-0.26736,1.000,1.000
8.6287,0.96250,0.03528,-0.26899,1.000,1.000
8.6432,0.96242,0.02294,-0.27060,1.000,1.000
8.6566,0.96223,0.01000,-0.27207,1.000,1.000
8.6704,0.96196,-0.00466,-0.27314,1.000,1.000
8.6846,0.96165,-0.01413,-0.27392,1.000,1.000
8.6983,0.96146,-0.01921,-0.27428,1.000,1.000
8.7122,0.96130,-0.02071,-0.27473,1.000,1.000
8.7262,0.96100,-0.02297,-0.27561,1.000,1.000
8.7403,0.96017,-0.03364,-0.27740,1.000,1.000
8.7541,0.95873,-0.04932,-0.28001,1.000,1.000
8.7677,0.95689,-0.06588,-0.28289,1.000,1.000
8.7815,0.95579,-0.07679,-0.28384,1.000,1.000
8.7956,0.95553,-0.08160,-0.28340,1.000,1.000
8.8097,0.95565,-0.08469,-0.28208,1.000,1.000
8.8232,0.95523,-0.08981,-0.28189,1.000,1.000
8.8374,0.95444,-0.09648,-0.28237,1.000,1.000
8.8515,0.95352,-0.10355,-0.28297,1.000,1.000
8.8661,0.95294,-0.10882,-0.28296,1.000,1.000
8.8792,0.95262,-0.11095,-0.28322,1.000,1.000
8.8931,0.95213,-0.11258,-0.28422,1.000,1.000
8.9069,0.95152,-0.11528,-0.28517,1.000,1.000
8.9207,0.95060,-0.11938,-0.28653,1.000,1.000
8.9349,0.94987,-0.12197,-0.28787,1.000,1.000
8.9486,0.94982,-0.12187,-0.28809,1.000,1.000
8.9623,0.94984,-0.12027,-0.28869,1.000,1.000
8.9767,0.95015,-0.11659,-0.28917,1.000,1.000
8.9908,0.95038,-0.11305,-0.28983,1.000,1.000
9.0042,0.95011,-0.11287,-0.29077,1.000,1.000
9.0180,0.94947,-0.11542,-0.29185,1.000,1.000
9.0322,0.94886,-0.11816,-0.29274,1.000,1.000
9.0468,0.94873,-0.11893,-0.29287,1.000,1.000
9.0597,0.94895,-0.11801,-0.29251,1.000,1.000
9.0738,0.94947,-0.11595,-0.29166,1.000,1.000
9.0878,0.94986,-0.11416,-0.29108,1.000,1.000
9.1016,0.94988,-0.11397,-0.29111,1.000,1.000
9.1160,0.94958,-0.11482,-0.29175,1.000,1.000
9.1292,0.94925,-0.11498,-0.29274,1.000,1.000
9.1431,0.94904,-0.11500,-0.29344,1.000,1.000
9.1573,0.94893,-0.11353,-0.29436,1.000,1.000
9.1716,0.94877,-0.11203,-0.29543,1.000,1.000
9.1850,0.94849,-0.11037,-0.29696,1.000,1.000
9.1988,0.94817,-0.10937,-0.29835,1.000,1.000
9.2131,0.94796,-0.10804,-0.29950,1.000,1.000
9.2270,0.94781,-0.10625,-0.30060,1.000,1.000
9.2404,0.94747,-0.10446,-0.30231,1.000,1.000
9.2547,0.94706,-0.10265,-0.30421,1.000,1.000
9.2687,0.94637,-0.10093,-0.30691,1.000,1.000
9.2823,0.94566,-0.09926,-0.30964,1.000,1.000
9.2966,0.94517,-0.09755,-0.31166,1.000,1.000
9.3104,0.94473,-0.09458,-0.31391,1.000,1.000
9.3244,0.94417,-0.09162,-0.31647,1.000,1.000
9.3382,0.94353,-0.08869,-0.31920,1.000,1.000
9.3525,0.94288,-0.08513,-0.32206,1.000,1.000
9.3662,0.94233,-0.08073,-0.32479,1.000,1.000
9.3801,0.94170,-0.07715,-0.32750,1.000,1.000
9.3943,0.94123,-0.07394,-0.32958,1.000,1.000
9.4084,0.94057,-0.07152,-0.33199,1.000,1.000
9.4217,0.93998,-0.07010,-0.33395,1.000,1.000
9.4361,0.93946,-0.06756,-0.33594,1.000,1.000
9.4502,0.93894,-0.06545,-0.33780,1.000,1.000
9.4657,0.93827,-0.06339,-0.34005,1.000,1.000
9.4777,0.93766,-0.06185,-0.34200,1.000,1.000
9.4913,0.93701,-0.06041,-0.34404,1.000,1.000
9.5054,0.93643,-0.05910,-0.34585,1.000,1.000
9.5194,0.93578,-0.05759,-0.34786,1.000,1.000
9.5334,0.93533,-0.05518,-0.34944,1.000,1.000
9.5470,0.93501,-0.05284,-0.35067,1.000,1.000
9.5607,0.93485,-0.05086,-0.35137,1.000,1.000
9.5752,0.93472,-0.04868,-0.35203,1.000,1.000
9.5893,0.93448,-0.04687,-0.35292,1.000,1.000
9.6033,0.93432,-0.04390,-0.35371,1.000,1.000
9.6171,0.93428,-0.04062,-0.35421,1.000,1.000
9.6310,0.93432,-0.03661,-0.35455,1.000,1.000
9.6448,0.93448,-0.03350,-0.35444,1.000,1.000
9.6582,0.93478,-0.03122,-0.35386,1.000,1.000
9.6725,0.93507,-0.02935,-0.35325,1.000,1.000
9.6866,0.93537,-0.02621,-0.35269,1.000,1.000
9.7003,0.93610,-0.02158,-0.35108,1.000,1.000
9.7145,0.93738,-0.01530,-0.34798,1.000,1.000
9.7281,0.93942,-0.00650,-0.34272,1.000,1.000
9.7420,0.94188,0.00536,-0.33591,1.000,1.000
9.7562,0.94496,0.02069,-0.32652,1.000,1.000
9.7705,0.94876,0.04470,-0.31281,1.000,1.000
9.7841,0.95259,0.07599,-0.29463,1.000,1.000
9.7976,0.95499,0.10651,-0.27687,1.000,1.000
9.8123,0.95586,0.14304,-0.25667,1.000,1.000
9.8261,0.95507,0.17623,-0.23828,1.000,1.000
9.8398,0.95287,0.20888,-0.22001,1.000,1.000
9.8536,0.95075,0.23161,-0.20599,1.000,1.000
9.8677,0.94879,0.24739,-0.19646,1.000,1.000
9.8813,0.94588,0.26643,-0.18530,1.000,1.000
9.8952,0.94464,0.27932,-0.17214,1.000,1.000
9.9092,0.94258,0.29491,-0.15677,1.000,1.000
9.9231,0.93923,0.31256,-0.14194,1.000,1.000
9.9372,0.93741,0.32323,-0.12954,1.000,1.000
9.9511,0.93602,0.33258,-0.11514,1.000,1.000
9.9648,0.93751,0.33466,-0.09529,1.000,1.000
9.9788,0.94084,0.33235,-0.06601,1.000,1.000
9.9928,0.94504,0.32617,-0.02251,1.000,1.000
10.0068,0.94818,0.31560,0.03671,1.000,1.000
10.0201,0.94635,0.30797,0.09789,1.000,1.000
10.0345,0.94114,0.29644,0.16245,1.000,1.000
10.0482,0.93352,0.27989,0.22407,1.000,1.000
10.0625,0.92195,0.26657,0.28099,1.000,1.000
10.0762,0.90697,0.25730,0.33346,1.000,1.000
10.0900,0.89150,0.24692,0.37981,1.000,1.000
10.1038,0.87486,0.23790,0.42193,1.000,1.000
10.1175,0.86136,0.22330,0.45629,1.000,1.000
10.1315,0.85208,0.20495,0.48162,1.000,1.000
10.1456,0.84574,0.19188,0.49789,1.000,1.000
10.1592,0.84455,0.17753,0.50518,1.000,1.000
10.1737,0.84388,0.16784,0.50961,1.000,1.000
10.1878,0.84388,0.15927,0.51234,1.000,1.000
10.2014,0.84375,0.14962,0.51545,1.000,1.000
10.2160,0.84795,0.13593,0.51236,1.000,1.000
10.2300,0.85420,0.12071,0.50573,1.000,1.000
10.2442,0.85899,0.10680,0.50073,1.000,1.000
10.2575,0.86268,0.09674,0.49641,1.000,1.000
10.2717,0.86599,0.08390,0.49297,1.000,1.000
10.2857,0.86935,0.06304,0.49016,1.000,1.000
10.2993,0.87263,0.03692,0.48698,1.000,1.000
10.3133,0.87673,0.00139,0.48097,1.000,1.000
10.3270,0.87850,-0.03175,0.47668,1.000,1.000
10.3406,0.87735,-0.06077,0.47599,1.000,1.000
10.3548,0.87331,-0.08529,0.47964,1.000,1.000
10.3687,0.86990,-0.11332,0.48004,1.000,1.000
10.3822,0.86671,-0.15339,0.47464,1.000,1.000
10.3962,0.86470,-0.19330,0.46361,1.000,1.000
10.4101,0.86239,-0.24048,0.44548,1.000,1.000
10.4241,0.86133,-0.27722,0.42574,1.000,1.000
10.4376,0.86329,-0.30496,0.40215,1.000,1.000
10.4517,0.86611,-0.33128,0.37430,1.000,1.000
10.4659,0.87256,-0.35195,0.33876,1.000,1.000
10.4807,0.87752,-0.37264,0.30182,1.000,1.000
10.4935,0.88616,-0.38418,0.25909,1.000,1.000
10.5074,0.89530,-0.38663,0.22125,1.000,1.000
10.5209,0.90251,-0.38979,0.18314,1.000,1.000
10.5357,0.91129,-0.38739,0.13958,1.000,1.000
10.5490,0.92021,-0.38068,0.09111,1.000,1.000
10.5630,0.92783,-0.36990,0.04810,1.000,1.000
10.5772,0.93300,-0.35979,0.00770,1.000,1.000
10.5909,0.93241,-0.36013,-0.03027,1.000,1.000
10.6048,0.92892,-0.36334,-0.07131,1.000,1.000
10.6184,0.92266,-0.36813,-0.11481,1.000,1.000
10.6326,0.91620,-0.36787,-0.15891,1.000,1.000
10.6470,0.90903,-0.36268,-0.20523,1.000,1.000
10.6609,0.90040,-0.35094,-0.25713,1.000,1.000
10.6748,0.88959,-0.33216,-0.31351,1.000,1.000
10.6886,0.87574,-0.30939,-0.37062,1.000,1.000
10.7022,0.85945,-0.28940,-0.42141,1.000,1.000
10.7165,0.84282,-0.27058,-0.46523,1.000,1.000
10.7302,0.82688,-0.25388,-0.50181,1.000,1.000
10.7443,0.81137,-0.23599,-0.53478,1.000,1.000
10.7581,0.79660,-0.21334,-0.56561,1.000,1.000
10.7723,0.78231,-0.19259,-0.59236,1.000,1.000
10.7862,0.76885,-0.17657,-0.61457,1.000,1.000
10.7999,0.75704,-0.16269,-0.63279,1.000,1.000
10.8144,0.74591,-0.14998,-0.64894,1.000,1.000
10.8282,0.73489,-0.13512,-0.66459,1.000,1.000
10.8417,0.72678,-0.11933,-0.67643,1.000,1.000
10.8560,0.72574,-0.10747,-0.67953,1.000,1.000
10.8699,0.73101,-0.10124,-0.67481,1.000,1.000
10.8838,0.74657,-0.10022,-0.65771,1.000,1.000
10.8976,0.76886,-0.10373,-0.63094,1.000,1.000
10.9115,0.79032,-0.11286,-0.60221,1.000,1.000
10.9257,0.81063,-0.12540,-0.57198,1.000,1.000
10.9394,0.83371,-0.13945,-0.53431,1.000,1.000
10.9535,0.85855,-0.15106,-0.48997,1.000,1.000
10.9672,0.88170,-0.16157,-0.44329,1.000,1.000
10.9810,0.90384,-0.17193,-0.39180,1.000,1.000
10.9952,0.92268,-0.18513,-0.33821,1.000,1.000
11.0092,0.93846,-0.19444,-0.28545,1.000,1.000
11.0227,0.95033,-0.20119,-0.23748,1.000,1.000
11.0372,0.95874,-0.20483,-0.19714,1.000,1.000
11.0510,0.96466,-0.20542,-0.16504,1.000,1.000
11.0651,0.96921,-0.20121,-0.14197,1.000,1.000
11.0787,0.97285,-0.19135,-0.13017,1.000,1.000
11.0926,0.97562,-0.17630,-0.13069,1.000,1.000
11.1065,0.97702,-0.16145,-0.13913,1.000,1.000
11.1202,0.97615,-0.14725,-0.15952,1.000,1.000
11.1344,0.97221,-0.13450,-0.19162,1.000,1.000
11.1481,0.96615,-0.12302,-0.22678,1.000,1.000
11.1618,0.95704,-0.11361,-0.26676,1.000,1.000
11.1764,0.94371,-0.10124,-0.31489,1.000,1.000
11.1902,0.92552,-0.08623,-0.36875,1.000,1.000
11.2039,0.90252,-0.06898,-0.42509,1.000,1.000
11.2177,0.87581,-0.05165,-0.47988,1.000,1.000
11.2320,0.84784,-0.03971,-0.52876,1.000,1.000
11.2457,0.81844,-0.03428,-0.57358,1.000,1.000
11.2594,0.78673,-0.03351,-0.61639,1.000,1.000
11.2736,0.75393,-0.03506,-0.65602,1.000,1.000
11.2875,0.72264,-0.03627,-0.69027,1.000,1.000
11.3019,0.69361,-0.03810,-0.71934,1.000,1.000
11.3156,0.66534,-0.03967,-0.74548,1.000,1.000
11.3292,0.63784,-0.04113,-0.76907,1.000,1.000
11.3430,0.61647,-0.04167,-0.78628,1.000,1.000
11.3572,0.59922,-0.04241,-0.79946,1.000,1.000
11.3714,0.58558,-0.04262,-0.80949,1.000,1.000
11.3850,0.57201,-0.04727,-0.81888,1.000,1.000
11.3988,0.55913,-0.05507,-0.82725,1.000,1.000
11.4131,0.54775,-0.06466,-0.83414,1.000,1.000
11.4268,0.54316,-0.07877,-0.83593,1.000,1.000
11.4403,0.54512,-0.09706,-0.83272,1.000,1.000
11.4546,0.54934,-0.11466,-0.82769,1.000,1.000
11.4685,0.56098,-0.13464,-0.81681,1.000,1.000
11.4826,0.57310,-0.15150,-0.80536,1.000,1.000
11.5010,0.58755,-0.16469,-0.79225,1.000,1.000
11.5100,0.59564,-0.17710,-0.78348,1.000,1.000
11.5239,0.60433,-0.19099,-0.77350,1.000,1.000
11.5376,0.60908,-0.20782,-0.76540,1.000,1.000
11.5572,0.61184,-0.22728,-0.75763,1.000,1.000
11.5666,0.61360,-0.24843,-0.74952,1.000,1.000
11.5795,0.61496,-0.26382,-0.74312,1.000,1.000
11.5939,0.61517,-0.27449,-0.73907,1.000,1.000
11.6082,0.61517,-0.28194,-0.73626,1.000,1.000
11.6213,0.61409,-0.28504,-0.73596,1.000,1.000
11.6355,0.61182,-0.29247,-0.73494,1.000,1.000
11.6495,0.60978,-0.30052,-0.73339,1.000,1.000
11.6631,0.60671,-0.30847,-0.73263,1.000,1.000
11.6775,0.60476,-0.31495,-0.73149,1.000,1.000
11.6913,0.60626,-0.31687,-0.72941,1.000,1.000
11.7051,-0.61150,-0.31614,0.72534,1.000,1.000
11.7187,-0.61904,-0.31418,0.71978,1.000,1.000
11.7332,-0.62534,-0.31123,0.71560,1.000,1.000
11.7472,-0.62903,-0.30877,0.71343,1.000,1.000
11.7607,-0.63199,-0.30514,0.71237,1.000,1.000
11.7753,-0.63810,-0.29862,0.70969,1.000,1.000
11.7893,-0.64844,-0.28995,0.70388,1.000,1.000
11.8031,-0.66078,-0.27918,0.69673,1.000,1.000
11.8175,-0.67220,-0.26726,0.69045,1.000,1.000
11.8312,-0.68071,-0.25786,0.68567,1.000,1.000
11.8453,-0.68836,-0.24910,0.68125,1.000,1.000
11.8592,-0.69713,-0.24048,0.67541,1.000,1.000
11.8736,-0.70656,-0.23199,0.66855,1.000,1.000
11.8872,-0.71616,-0.22413,0.66097,1.000,1.000
11.9008,-0.72381,-0.21660,0.65512,1.000,1.000
11.9151,-0.73002,-0.20891,0.65072,1.000,1.000
11.9290,-0.73649,-0.19996,0.64622,1.000,1.000
11.9426,-0.74362,-0.19053,0.64088,1.000,1.000
11.9572,-0.75154,-0.17937,0.63484,1.000,1.000
11.9711,-0.75901,-0.16832,0.62895,1.000,1.000
11.9847,-0.76485,-0.15898,0.62429,1.000,1.000
11.9984,-0.77020,-0.14996,0.61992,1.000,1.000
12.0127,-0.77446,-0.14226,0.61643,1.000,1.000
12.0267,-0.77830,-0.13454,0.61330,1.000,1.000
12.0401,-0.78273,-0.12828,0.60900,1.000,1.000
12.0544,-0.78724,-0.12254,0.60434,1.000,1.000
12.0687,-0.79169,-0.11738,0.59954,1.000,1.000
12.0822,-0.79550,-0.11291,0.59534,1.000,1.000
12.0965,-0.79838,-0.10961,0.59209,1.000,1.000
12.1104,-0.80107,-0.10738,0.58886,1.000,1.000
12.1240,-0.80347,-0.10398,0.58620,1.000,1.000
12.1380,-0.80567,-0.10050,0.58378,1.000,1.000
12.1522,-0.80744,-0.09727,0.58188,1.000,1.000
12.1658,-0.80879,-0.09354,0.58061,1.000,1.000
12.1796,-0.81032,-0.08909,0.57917,1.000,1.000
12.1940,-0.81163,-0.08476,0.57799,1.000,1.000
12.2080,-0.81265,-0.08076,0.57714,1.000,1.000
12.2215,-0.81307,-0.07676,0.57708,1.000,1.000
12.2358,0.81331,-0.07403,-0.57710,1.000,1.000
12.2496,0.81339,-0.07239,-0.57719,1.000,1.000
12.2637,0.81375,-0.06985,-0.57700,1.000,1.000
12.2768,0.81447,-0.06712,-0.57632,1.000,1.000
12.2909,0.81508,-0.06266,-0.57595,1.000,1.000
12.3048,0.81570,-0.05804,-0.57555,1.000,1.000
12.3184,0.81605,-0.05477,-0.57538,1.000,1.000
12.3322,0.81640,-0.05253,-0.57509,1.000,1.000
12.3460,0.81646,-0.05176,-0.57508,1.000,1.000
12.3598,0.81662,-0.05003,-0.57500,1.000,1.000
12.3739,0.81667,-0.04824,-0.57508,1.000,1.000
12.3879,0.81662,-0.04726,-0.57524,1.000,1.000
12.4015,0.81647,-0.04630,-0.57553,1.000,1.000
12.4155,0.81632,-0.04601,-0.57577,1.000,1.000
12.4297,0.81596,-0.04628,-0.57625,1.000,1.000
12.4432,0.81566,-0.04638,-0.57667,1.000,1.000
12.4574,0.81540,-0.04718,-0.57697,1.000,1.000
12.4712,0.81500,-0.04772,-0.57750,1.000,1.000
12.4853,0.81488,-0.04915,-0.57755,1.000,1.000
12.4990,0.81478,-0.05064,-0.57755,1.000,1.000
12.5130,0.81462,-0.05302,-0.57757,1.000,1.000
12.5269,0.81450,-0.05522,-0.57753,1.000,1.000
12.5424,0.81432,-0.05797,-0.57752,1.000,1.000
12.5548,0.81423,-0.05956,-0.57748,1.000,1.000
12.5690,0.81429,-0.06083,-0.57727,1.000,1.000
12.5822,0.81433,-0.06213,-0.57706,1.000,1.000
12.5963,0.81431,-0.06303,-0.57699,1.000,1.000
12.6107,0.81387,-0.06576,-0.57732,1.000,1.000
12.6244,0.81362,-0.06712,-0.57750,1.000,1.000
12.6377,0.81353,-0.06776,-0.57757,1.000,1.000
12.6522,0.81363,-0.06875,-0.57730,1.000,1.000
12.6662,0.81407,-0.06870,-0.57669,1.000,1.000
12.6801,0.81488,-0.06833,-0.57559,1.000,1.000
12.6940,0.81523,-0.06859,-0.57506,1.000,1.000
12.7077,0.81545,-0.06924,-0.57467,1.000,1.000
12.7214,0.81597,-0.06931,-0.57393,1.000,1.000
12.7359,0.81705,-0.06896,-0.57243,1.000,1.000
12.7496,0.81819,-0.06858,-0.57084,1.000,1.000
12.7631,0.81932,-0.06856,-0.56922,1.000,1.000
12.7772,0.81993,-0.06872,-0.56832,1.000,1.000
12.7913,0.82042,-0.06851,-0.56764,1.000,1.000
12.8052,0.82096,-0.06800,-0.56692,1.000,1.000
12.8188,0.82159,-0.06693,-0.56614,1.000,1.000
12.8345,0.82209,-0.06638,-0.56548,1.000,1.000
12.8481,0.82234,-0.06621,-0.56513,1.000,1.000
12.8611,0.82275,-0.06590,-0.56457,1.000,1.000
12.8749,0.82285,-0.06634,-0.56438,1.000,1.000
12.8887,0.82314,-0.06661,-0.56392,1.000,1.000
12.9025,0.82344,-0.06697,-0.56344,1.000,1.000
12.9167,0.82375,-0.06769,-0.56290,1.000,1.000
12.9306,0.82404,-0.06813,-0.56242,1.000,1.000
12.9447,0.82419,-0.06872,-0.56214,1.000,1.000
12.9586,0.82451,-0.06889,-0.56164,1.000,1.000
12.9729,0.82494,-0.06843,-0.56106,1.000,1.000
12.9866,0.82537,-0.06788,-0.56050,1.000,1.000
13.0001,0.82581,-0.06745,-0.55991,1.000,1.000
13.0145,0.82630,-0.06712,-0.55922,1.000,1.000
13.0281,0.82723,-0.06677,-0.55788,1.000,1.000
13.0423,0.82830,-0.06658,-0.55631,1.000,1.000
13.0559,0.82950,-0.06625,-0.55456,1.000,1.000
13.0701,0.83060,-0.06616,-0.55293,1.000,1.000
13.0840,0.83168,-0.06675,-0.55124,1.000,1.000
13.0977,0.83259,-0.06764,-0.54975,1.000,1.000
13.1116,0.83363,-0.06972,-0.54790,1.000,1.000
13.1258,0.83501,-0.07155,-0.54556,1.000,1.000
13.1398,0.83745,-0.07274,-0.54166,1.000,1.000
13.1539,0.84002,-0.07382,-0.53752,1.000,1.000
13.1673,0.84243,-0.07511,-0.53354,1.000,1.000
13.1810,0.84453,-0.07591,-0.53009,1.000,1.000
13.1955,0.84652,-0.07631,-0.52686,1.000,1.000
13.2094,0.84862,-0.07732,-0.52333,1.000,1.000
13.2227,0.85102,-0.07843,-0.51924,1.000,1.000
13.2371,0.85365,-0.07896,-0.51483,1.000,1.000
13.2510,0.85616,-0.07942,-0.51057,1.000,1.000
13.2652,0.85881,-0.07838,-0.50626,1.000,1.000
13.2788,0.86133,-0.07712,-0.50216,1.000,1.000
13.2929,0.86441,-0.07584,-0.49703,1.000,1.000
13.3069,0.86781,-0.07502,-0.49120,1.000,1.000
13.3205,0.87118,-0.07475,-0.48524,1.000,1.000
13.3350,0.87432,-0.07489,-0.47955,1.000,1.000
13.3484,0.87712,-0.07546,-0.47430,1.000,1.000
13.3622,0.87997,-0.07583,-0.46894,1.000,1.000
13.3766,0.88250,-0.07638,-0.46406,1.000,1.000
13.3904,0.88457,-0.07789,-0.45986,1.000,1.000
13.4041,0.88635,-0.07918,-0.45619,1.000,1.000
13.4179,0.88785,-0.08005,-0.45311,1.000,1.000
13.4321,0.88898,-0.08003,-0.45089,1.000,1.000
13.4462,0.89005,-0.07993,-0.44879,1.000,1.000
13.4598,0.89073,-0.08051,-0.44735,1.000,1.000
13.4739,0.89133,-0.08163,-0.44594,1.000,1.000
13.4880,0.89205,-0.08281,-0.44428,1.000,1.000
13.5017,0.89285,-0.08336,-0.44257,1.000,1.000
13.5163,0.89345,-0.08338,-0.44136,1.000,1.000
13.5298,0.89372,-0.08422,-0.44065,1.000,1.000
13.5437,0.89378,-0.08414,-0.44055,1.000,1.000
13.5573,0.89387,-0.08373,-0.44043,1.000,1.000
13.5716,0.89412,-0.08337,-0.43999,1.000,1.000
13.5852,0.89432,-0.08305,-0.43966,1.000,1.000
13.5992,0.89463,-0.08289,-0.43905,1.000,1.000
13.6133,0.89501,-0.08257,-0.43833,1.000,1.000
13.6273,0.89505,-0.08296,-0.43818,1.000,1.000
13.6406,0.89522,-0.08273,-0.43788,1.000,1.000
13.6549,0.89549,-0.08226,-0.43741,1.000,1.000
13.6694,0.89580,-0.08195,-0.43684,1.000,1.000
13.6828,0.89601,-0.08210,-0.43638,1.000,1.000
13.6969,0.89616,-0.08276,-0.43596,1.000,1.000
13.7106,0.89615,-0.08346,-0.43583,1.000,1.000
13.7244,0.89566,-0.08506,-0.43652,1.000,1.000
13.7383,0.89535,-0.08578,-0.43702,1.000,1.000
13.7526,0.89504,-0.08622,-0.43758,1.000,1.000
13.7664,0.89506,-0.08590,-0.43758,1.000,1.000
13.7801,0.89509,-0.08613,-0.43750,1.000,1.000
13.7942,0.89515,-0.08577,-0.43745,1.000,1.000
13.8081,0.89496,-0.08646,-0.43769,1.000,1.000
13.8216,0.89456,-0.08739,-0.43831,1.000,1.000
13.8358,0.89439,-0.08768,-0.43862,1.000,1.000
13.8496,0.89421,-0.08790,-0.43893,1.000,1.000
13.8637,0.89422,-0.08751,-0.43899,1.000,1.000
13.8775,0.89409,-0.08808,-0.43914,1.000,1.000
13.8917,0.89385,-0.08935,-0.43938,1.000,1.000
13.9056,0.89379,-0.08933,-0.43950,1.000,1.000
13.9194,0.89374,-0.08993,-0.43948,1.000,1.000
13.9338,0.89388,-0.08999,-0.43918,1.000,1.000
13.9475,0.89389,-0.09057,-0.43904,1.000,1.000
13.9609,0.89387,-0.09074,-0.43904,1.000,1.000
13.9754,0.89388,-0.09067,-0.43905,1.000,1.000
13.9894,0.89392,-0.09052,-0.43899,1.000,1.000
14.0027,0.89397,-0.09055,-0.43888,1.000,1.000
14.0169,0.89395,-0.09082,-0.43887,1.000,1.000
14.0311,0.89388,-0.09101,-0.43898,1.000,1.000
14.0448,0.89384,-0.09126,-0.43899,1.000,1.000
14.0586,0.89379,-0.09076,-0.43920,1.000,1.000
14.0726,0.89374,-0.08988,-0.43948,1.000,1.000
14.0865,0.89358,-0.08900,-0.44000,1.000,1.000
14.1004,0.89318,-0.08984,-0.44064,1.000,1.000
14.1145,0.89287,-0.09084,-0.44106,1.000,1.000
14.1283,0.89252,-0.09116,-0.44170,1.000,1.000
14.1420,0.89236,-0.09044,-0.44217,1.000,1.000
14.1565,0.89236,-0.08936,-0.44239,1.000,1.000
14.1704,0.89225,-0.08814,-0.44285,1.000,1.000
14.1840,0.89209,-0.08756,-0.44329,1.000,1.000
14.1976,0.89155,-0.08789,-0.44432,1.000,1.000
14.2120,0.89100,-0.08818,-0.44535,1.000,1.000
14.2261,0.89053,-0.08834,-0.44626,1.000,1.000
14.2394,0.89018,-0.08758,-0.44712,1.000,1.000
14.2539,0.88999,-0.08726,-0.44755,1.000,1.000
14.2675,0.88985,-0.08685,-0.44791,1.000,1.000
14.2813,0.88954,-0.08711,-0.44847,1.000,1.000
14.2956,0.88933,-0.08679,-0.44895,1.000,1.000
14.3100,0.88897,-0.08672,-0.44969,1.000,1.000
14.3229,0.88882,-0.08617,-0.45008,1.000,1.000
14.3371,0.88858,-0.08601,-0.45059,1.000,1.000
14.3511,0.88842,-0.08581,-0.45093,1.000,1.000
14.3650,0.88810,-0.08579,-0.45157,1.000,1.000
14.3788,0.88787,-0.08574,-0.45203,1.000,1.000
14.3931,0.88779,-0.08537,-0.45226,1.000,1.000
14.4073,0.88760,-0.08557,-0.45260,1.000,1.000
14.4205,0.88754,-0.08563,-0.45271,1.000,1.000
14.4346,0.88751,-0.08540,-0.45281,1.000,1.000
14.4486,0.88751,-0.08439,-0.45300,1.000,1.000
14.4624,0.88752,-0.08359,-0.45313,1.000,1.000
14.4763,0.88737,-0.08336,-0.45346,1.000,1.000
14.4905,0.88714,-0.08347,-0.45388,1.000,1.000
14.5045,0.88669,-0.08431,-0.45462,1.000,1.000
14.5184,0.88624,-0.08448,-0.45545,1.000,1.000
14.5323,0.88604,-0.08427,-0.45589,1.000,1.000
14.5461,0.88595,-0.08319,-0.45626,1.000,1.000
14.5596,0.88587,-0.08234,-0.45657,1.000,1.000
14.5739,0.88584,-0.08146,-0.45679,1.000,1.000
14.5879,0.88570,-0.08053,-0.45721,1.000,1.000
14.6016,0.88522,-0.08083,-0.45810,1.000,1.000
14.6156,0.88465,-0.08061,-0.45924,1.000,1.000
14.6297,0.88422,-0.08063,-0.46005,1.000,1.000
14.6442,0.88396,-0.08097,-0.46051,1.000,1.000
14.6571,0.88389,-0.08094,-0.46064,1.000,1.000
14.6713,0.88369,-0.08166,-0.46090,1.000,1.000
14.6854,0.88363,-0.08198,-0.46096,1.000,1.000
14.6989,0.88348,-0.08193,-0.46125,1.000,1.000
14.7131,0.88338,-0.08151,-0.46151,1.000,1.000
14.7269,0.88331,-0.08163,-0.46163,1.000,1.000
14.7406,0.88325,-0.08173,-0.46172,1.000,1.000
14.7549,0.88329,-0.08173,-0.46164,1.000,1.000
14.7695,0.88330,-0.08174,-0.46163,1.000,1.000
14.7823,0.88323,-0.08109,-0.46187,1.000,1.000
14.7966,0.88333,-0.08048,-0.46178,1.000,1.000
14.8106,0.88347,-0.07984,-0.46164,1.000,1.000
14.8247,0.88336,-0.07952,-0.46191,1.000,1.000
14.8380,0.88308,-0.07973,-0.46241,1.000,1.000
14.8522,0.88265,-0.07948,-0.46327,1.000,1.000
14.8663,0.88242,-0.07980,-0.46364,1.000,1.000
14.8800,0.88243,-0.07919,-0.46373,1.000,1.000
14.8942,0.88253,-0.07824,-0.46370,1.000,1.000
14.9079,0.88260,-0.07764,-0.46366,1.000,1.000
14.9218,0.88279,-0.07726,-0.46336,1.000,1.000
14.9359,0.88295,-0.07642,-0.46321,1.000,1.000
14.9496,0.88323,-0.07548,-0.46282,1.000,1.000
14.9635,0.88341,-0.07523,-0.46253,1.000,1.000
14.9772,0.88363,-0.07476,-0.46219,1.000,1.000
14.9915,0.88398,-0.07349,-0.46171,1.000,1.000
15.0054,0.88429,-0.07211,-0.46134,1.000,1.000
15.0195,0.88481,-0.07024,-0.46064,1.000,1.000
15.0332,0.88524,-0.06923,-0.45996,1.000,1.000
15.0473,0.88552,-0.06882,-0.45948,1.000,1.000
15.0609,0.88568,-0.06796,-0.45929,1.000,1.000
15.0749,0.88603,-0.06641,-0.45884,1.000,1.000
15.0888,0.88632,-0.06376,-0.45867,1.000,1.000
15.1026,0.88667,-0.06115,-0.45834,1.000,1.000
15.1171,0.88692,-0.05917,-0.45812,1.000,1.000
15.1305,0.88716,-0.05791,-0.45781,1.000,1.000
15.1450,0.88736,-0.05694,-0.45755,1.000,1.000
15.1583,0.88747,-0.05609,-0.45745,1.000,1.000
15.1724,0.88753,-0.05498,-0.45746,1.000,1.000
15.1862,0.88774,-0.05385,-0.45718,1.000,1.000
15.2000,0.88797,-0.05307,-0.45682,1.000,1.000
15.2141,0.88819,-0.05163,-0.45656,1.000,1.000
15.2284,0.88844,-0.04997,-0.45627,1.000,1.000
15.2419,0.88872,-0.04832,-0.45590,1.000,1.000
15.2558,0.88887,-0.04734,-0.45571,1.000,1.000
15.2704,0.88881,-0.04682,-0.45587,1.000,1.000
15.2838,0.88896,-0.04624,-0.45565,1.000,1.000
15.2978,0.88890,-0.04558,-0.45582,1.000,1.000
15.3117,0.88874,-0.04473,-0.45622,1.000,1.000
15.3255,0.88874,-0.04338,-0.45635,1.000,1.000
15.3394,0.88872,-0.04298,-0.45644,1.000,1.000
15.3535,0.88858,-0.04274,-0.45672,1.000,1.000
15.3673,0.88840,-0.04238,-0.45711,1.000,1.000
15.3811,0.88817,-0.04175,-0.45762,1.000,1.000
15.3954,0.88800,-0.04082,-0.45803,1.000,1.000
15.4093,0.88770,-0.03957,-0.45872,1.000,1.000
15.4230,0.88741,-0.03832,-0.45939,1.000,1.000
15.4369,0.88721,-0.03718,-0.45986,1.000,1.000
15.4510,0.88683,-0.03823,-0.46050,1.000,1.000
15.4650,0.88644,-0.03945,-0.46116,1.000,1.000
15.4788,0.88610,-0.04047,-0.46172,1.000,1.000
15.4928,0.88592,-0.04042,-0.46208,1.000,1.000
15.5069,0.88586,-0.03937,-0.46227,1.000,1.000
15.5205,0.88573,-0.03910,-0.46255,1.000,1.000
15.5349,0.88573,-0.03958,-0.46251,1.000,1.000
15.5483,0.88584,-0.04017,-0.46224,1.000,1.000
15.5621,0.88586,-0.03983,-0.46224,1.000,1.000
15.5764,0.88610,-0.03831,-0.46191,1.000,1.000
15.5903,0.88605,-0.03728,-0.46209,1.000,1.000
15.6041,0.88577,-0.03722,-0.46263,1.000,1.000
15.6176,0.88543,-0.03802,-0.46322,1.000,1.000
15.6318,0.88526,-0.03928,-0.46344,1.000,1.000
15.6463,0.88514,-0.03964,-0.46363,1.000,1.000
15.6596,0.88522,-0.03901,-0.46354,1.000,1.000
15.6737,0.88532,-0.03875,-0.46337,1.000,1.000
15.6875,0.88536,-0.03917,-0.46326,1.000,1.000
15.7014,0.88545,-0.03955,-0.46305,1.000,1.000
15.7157,0.88540,-0.03993,-0.46311,1.000,1.000
15.7291,0.88523,-0.04026,-0.46341,1.000,1.000
15.7430,0.88513,-0.04060,-0.46357,1.000,1.000
15.7572,0.88501,-0.04145,-0.46373,1.000,1.000
15.7717,0.88513,-0.04198,-0.46344,1.000,1.000
15.7849,0.88507,-0.04203,-0.46355,1.000,1.000
15.7986,0.88506,-0.04221,-0.46356,1.000,1.000
15.8128,0.88499,-0.04250,-0.46366,1.000,1.000
15.8268,0.88495,-0.04256,-0.46375,1.000,1.000
15.8403,0.88484,-0.04235,-0.46397,1.000,1.000
15.8547,0.88464,-0.04203,-0.46438,1.000,1.000
15.8686,0.88434,-0.04162,-0.46498,1.000,1.000
15.8825,0.88411,-0.04170,-0.46541,1.000,1.000
15.8968,0.88370,-0.04181,-0.46618,1.000,1.000
15.9103,0.88354,-0.04134,-0.46652,1.000,1.000
15.9243,0.88359,-0.04075,-0.46649,1.000,1.000
15.9381,0.88356,-0.04072,-0.46654,1.000,1.000
15.9523,0.88380,-0.04108,-0.46606,1.000,1.000
15.9660,0.88382,-0.04152,-0.46599,1.000,1.000
15.9797,0.88428,-0.04216,-0.46506,1.000,1.000
15.9944,0.88457,-0.04186,-0.46453,1.000,1.000
16.0079,0.88498,-0.04112,-0.46381,1.000,1.000
16.0218,0.88525,-0.04046,-0.46335,1.000,1.000
16.0361,0.88538,-0.04011,-0.46314,1.000,1.000
16.0497,0.88523,-0.04026,-0.46341,1.000,1.000
16.0639,0.88522,-0.04034,-0.46342,1.000,1.000
16.0772,0.88504,-0.04111,-0.46369,1.000,1.000
16.0915,0.88470,-0.04244,-0.46423,1.000,1.000
16.1055,0.88484,-0.04236,-0.46397,1.000,1.000
16.1191,0.88502,-0.04195,-0.46366,1.000,1.000
16.1338,0.88513,-0.04155,-0.46348,1.000,1.000
16.1472,0.88533,-0.04096,-0.46315,1.000,1.000
16.1609,0.88540,-0.04105,-0.46302,1.000,1.000
16.1750,0.88547,-0.04171,-0.46283,1.000,1.000
16.1890,0.88550,-0.04251,-0.46270,1.000,1.000
16.2026,0.88577,-0.04323,-0.46210,1.000,1.000
16.2169,0.88642,-0.04331,-0.46085,1.000,1.000
16.2307,0.88683,-0.04345,-0.46005,1.000,1.000
16.2446,0.88732,-0.04262,-0.45918,1.000,1.000
16.2581,0.88753,-0.04170,-0.45885,1.000,1.000
16.2724,0.88777,-0.04135,-0.45843,1.000,1.000
16.2864,0.88795,-0.04122,-0.45808,1.000,1.000
16.2999,0.88829,-0.04092,-0.45745,1.000,1.000
16.3143,0.88854,-0.04088,-0.45697,1.000,1.000
16.3281,0.88903,-0.04053,-0.45606,1.000,1.000
16.3416,0.89000,-0.04079,-0.45413,1.000,1.000
16.3561,0.89148,-0.04128,-0.45118,1.000,1.000
16.3705,0.89328,-0.04106,-0.44762,1.000,1.000
16.3837,0.89560,-0.03934,-0.44311,1.000,1.000
16.3975,0.89813,-0.03754,-0.43812,1.000,1.000
16.4118,0.90185,-0.03514,-0.43062,1.000,1.000
16.4257,0.90666,-0.03163,-0.42068,1.000,1.000
16.4391,0.91270,-0.02840,-0.40764,1.000,1.000
16.4534,0.91822,-0.02573,-0.39523,1.000,1.000
16.4675,0.92394,-0.02412,-0.38177,1.000,1.000
16.4812,0.93075,-0.02229,-0.36498,1.000,1.000
16.4956,0.93782,-0.02015,-0.34654,1.000,1.000
16.5091,0.94460,-0.01850,-0.32771,1.000,1.000
16.5228,0.95170,-0.01651,-0.30658,1.000,1.000
16.5373,0.95813,-0.01466,-0.28595,1.000,1.000
16.5510,0.96469,-0.01143,-0.26313,1.000,1.000
16.5649,0.97058,-0.00795,-0.24066,1.000,1.000
16.5784,0.97592,-0.00423,-0.21809,1.000,1.000
16.5937,0.98036,0.00144,-0.19720,1.000,1.000
16.6063,0.98425,0.00940,-0.17653,1.000,1.000
16.6199,0.98758,0.02062,-0.15578,1.000,1.000
16.6341,0.99029,0.03408,-0.13476,1.000,1.000
16.6481,0.99235,0.04872,-0.11341,1.000,1.000
16.6616,0.99361,0.06372,-0.09317,1.000,1.000
16.6758,0.99422,0.07712,-0.07474,1.000,1.000
16.6899,0.99403,0.09210,-0.05849,1.000,1.000
16.7040,0.99341,0.10579,-0.04402,1.000,1.000
16.7175,0.99259,0.11725,-0.03180,1.000,1.000
16.7320,0.99197,0.12472,-0.02118,1.000,1.000
16.7457,0.99149,0.12975,-0.01072,1.000,1.000
16.7596,0.99097,0.13409,-0.00021,1.000,1.000
16.7736,0.99068,0.13585,0.00960,1.000,1.000
16.7874,0.99052,0.13621,0.01795,1.000,1.000
16.8011,0.99065,0.13410,0.02494,1.000,1.000
16.8155,0.99159,0.12613,0.02910,1.000,1.000
16.8296,0.99259,0.11651,0.03454,1.000,1.000
16.8427,0.99367,0.10494,0.03999,1.000,1.000
16.8570,0.99464,0.09299,0.04532,1.000,1.000
16.8712,0.99528,0.08291,0.05046,1.000,1.000
16.8851,0.99565,0.07416,0.05649,1.000,1.000
16.8983,0.99605,0.06321,0.06242,1.000,1.000
16.9127,0.99653,0.04721,0.06861,1.000,1.000
16.9266,0.99691,0.02500,0.07444,1.000,1.000
16.9403,0.99671,0.00032,0.08104,1.000,1.000
16.9543,0.99581,-0.02414,0.08826,1.000,1.000
16.9684,0.99419,-0.04834,0.09614,1.000,1.000
16.9820,0.99211,-0.07077,0.10349,1.000,1.000
16.9962,0.98958,-0.09157,0.11114,1.000,1.000
17.0099,0.98692,-0.11013,0.11775,1.000,1.000
17.0240,0.98428,-0.12625,0.12355,1.000,1.000
17.0375,0.98135,-0.14386,0.12753,1.000,1.000
17.0522,0.97852,-0.15832,0.13205,1.000,1.000
17.0657,0.97533,-0.17327,0.13675,1.000,1.000
17.0794,0.97263,-0.18359,0.14243,1.000,1.000
17.0935,0.97058,-0.19148,0.14599,1.000,1.000
17.1074,0.96873,-0.19839,0.14904,1.000,1.000
17.1211,0.96750,-0.20286,0.15095,1.000,1.000
17.1351,0.96565,-0.20998,0.15307,1.000,1.000
17.1492,0.96325,-0.21953,0.15480,1.000,1.000
17.1630,0.96088,-0.22857,0.15639,1.000,1.000
17.1770,0.95905,-0.23543,0.15746,1.000,1.000
17.1910,0.95770,-0.23984,0.15901,1.000,1.000
17.2052,0.95678,-0.24181,0.16156,1.000,1.000
17.2190,0.95577,-0.24557,0.16189,1.000,1.000
17.2330,0.95504,-0.24792,0.16260,1.000,1.000
17.2464,0.95388,-0.25209,0.16297,1.000,1.000
17.2600,0.95308,-0.25450,0.16393,1.000,1.000
17.2745,0.95212,-0.25753,0.16477,1.000,1.000
17.2883,0.95122,-0.26051,0.16529,1.000,1.000
17.3018,0.95044,-0.26320,0.16550,1.000,1.000
17.3160,0.94948,-0.26655,0.16566,1.000,1.000
17.3300,0.94882,-0.26906,0.16535,1.000,1.000
17.3446,0.94823,-0.27137,0.16498,1.000,1.000
17.3578,0.94779,-0.27326,0.16440,1.000,1.000
17.3718,0.94724,-0.27588,0.16316,1.000,1.000
17.3859,0.94693,-0.27773,0.16184,1.000,1.000
17.3994,0.94676,-0.27904,0.16057,1.000,1.000
17.4141,0.94642,-0.28090,0.15934,1.000,1.000
17.4275,0.94619,-0.28245,0.15797,1.000,1.000
17.4413,0.94598,-0.28391,0.15657,1.000,1.000
17.4557,0.94610,-0.28441,0.15491,1.000,1.000
17.4692,0.94643,-0.28439,0.15295,1.000,1.000
17.4828,0.94653,-0.28496,0.15127,1.000,1.000
17.4972,0.94615,-0.28716,0.14947,1.000,1.000
17.5111,0.94578,-0.28918,0.14790,1.000,1.000
17.5252,0.94551,-0.29105,0.14592,1.000,1.000
17.5387,0.94552,-0.29191,0.14414,1.000,1.000
17.5530,0.94600,-0.29116,0.14253,1.000,1.000
17.5670,0.94664,-0.28957,0.14152,1.000,1.000
17.5810,0.94695,-0.28936,0.13986,1.000,1.000
17.5950,0.94693,-0.29023,0.13819,1.000,1.000
17.6086,0.94665,-0.29212,0.13611,1.000,1.000
17.6223,0.94630,-0.29401,0.13444,1.000,1.000
17.6365,0.94591,-0.29589,0.13307,1.000,1.000
17.6507,0.94596,-0.29631,0.13173,1.000,1.000
17.6644,0.94616,-0.29608,0.13086,1.000,1.000
17.6780,0.94756,-0.29244,0.12890,1.000,1.000
17.6925,0.94747,-0.29392,0.12612,1.000,1.000
17.7063,0.94816,-0.29216,0.12503,1.000,1.000
17.7199,0.94786,-0.29383,0.12341,1.000,1.000
17.7340,0.94790,-0.29429,0.12199,1.000,1.000
17.7479,0.94832,-0.29314,0.12147,1.000,1.000
17.7616,0.94888,-0.29198,0.11987,1.000,1.000
17.7761,0.94923,-0.29153,0.11817,1.000,1.000
17.7901,0.94989,-0.28997,0.11672,1.000,1.000
17.8038,0.95023,-0.28944,0.11528,1.000,1.000
17.8175,0.95075,-0.28842,0.11354,1.000,1.000
17.8319,0.95134,-0.28711,0.11191,1.000,1.000
17.8454,0.95178,-0.28629,0.11025,1.000,1.000
17.8594,0.95224,-0.28547,0.10835,1.000,1.000
17.8733,0.95244,-0.28546,0.10664,1.000,1.000
17.8874,0.95266,-0.28543,0.10470,1.000,1.000
17.9008,0.95284,-0.28564,0.10252,1.000,1.000
17.9150,0.95357,-0.28426,0.09947,1.000,1.000
17.9289,0.95364,-0.28492,0.09695,1.000,1.000
17.9430,0.95420,-0.28387,0.09442,1.000,1.000
17.9570,0.95420,-0.28479,0.09164,1.000,1.000
17.9708,0.95420,-0.28575,0.08858,1.000,1.000
17.9848,0.95447,-0.28574,0.08571,1.000,1.000
17.9989,0.95460,-0.28594,0.08350,1.000,1.000
18.0129,0.95496,-0.28510,0.08226,1.000,1.000
18.0265,0.95521,-0.28468,0.08086,1.000,1.000
18.0402,0.95563,-0.28375,0.07912,1.000,1.000
18.0549,0.95588,-0.28372,0.07620,1.000,1.000
18.0687,0.95630,-0.28316,0.07283,1.000,1.000
18.0819,0.95660,-0.28307,0.06921,1.000,1.000
18.0961,0.95686,-0.28292,0.06617,1.000,1.000
18.1101,0.95707,-0.28287,0.06325,1.000,1.000
18.1240,0.95711,-0.28329,0.06075,1.000,1.000
18.1377,0.95715,-0.28365,0.05839,1.000,1.000
18.1521,0.95733,-0.28353,0.05598,1.000,1.000
18.1662,0.95766,-0.28283,0.05372,1.000,1.000
18.1798,0.95802,-0.28209,0.05115,1.000,1.000
18.1936,0.95837,-0.28141,0.04832,1.000,1.000
18.2076,0.95851,-0.28147,0.04503,1.000,1.000
18.2211,0.95863,-0.28160,0.04166,1.000,1.000
18.2353,0.95865,-0.28199,0.03841,1.000,1.000
18.2495,0.95871,-0.28224,0.03489,1.000,1.000
18.2628,0.95887,-0.28212,0.03116,1.000,1.000
18.2772,0.95903,-0.28201,0.02714,1.000,1.000
18.2911,0.95909,-0.28222,0.02235,1.000,1.000
18.3050,0.95900,-0.28283,0.01791,1.000,1.000
18.3186,0.95886,-0.28356,0.01375,1.000,1.000
18.3326,0.95872,-0.28419,0.00969,1.000,1.000
18.3466,0.95849,-0.28507,0.00577,1.000,1.000
18.3605,0.95828,-0.28584,0.00194,1.000,1.000
18.3744,0.95814,-0.28629,-0.00185,1.000,1.000
18.3885,0.95812,-0.28632,-0.00527,1.000,1.000
18.4021,0.95793,-0.28689,-0.00787,1.000,1.000
18.4165,0.95764,-0.28778,-0.01052,1.000,1.000
18.4304,0.95725,-0.28894,-0.01346,1.000,1.000
18.4442,0.95659,-0.29098,-0.01635,1.000,1.000
18.4578,0.95572,-0.29364,-0.01917,1.000,1.000
18.4722,0.95452,-0.29735,-0.02182,1.000,1.000
18.4861,0.95325,-0.30122,-0.02429,1.000,1.000
18.4995,0.95201,-0.30491,-0.02663,1.000,1.000
18.5138,0.95023,-0.31015,-0.02931,1.000,1.000
18.5277,0.94803,-0.31651,-0.03243,1.000,1.000
18.5416,0.94522,-0.32443,-0.03620,1.000,1.000
18.5555,0.94238,-0.33221,-0.03954,1.000,1.000
18.5695,0.93915,-0.34076,-0.04328,1.000,1.000
18.5832,0.93582,-0.34939,-0.04654,1.000,1.000
18.5973,0.93224,-0.35834,-0.05013,1.000,1.000
18.6116,0.92861,-0.36719,-0.05347,1.000,1.000
18.6250,0.92488,-0.37591,-0.05741,1.000,1.000
18.6386,0.92045,-0.38594,-0.06180,1.000,1.000
18.6531,0.91472,-0.39860,-0.06632,1.000,1.000
18.6671,0.90768,-0.41354,-0.07143,1.000,1.000
18.6804,0.90014,-0.42877,-0.07682,1.000,1.000
18.6950,0.89275,-0.44319,-0.08114,1.000,1.000
18.7088,0.88736,-0.45312,-0.08527,1.000,1.000
18.7226,0.88213,-0.46240,-0.08961,1.000,1.000
18.7364,0.87509,-0.47446,-0.09545,1.000,1.000
18.7503,0.86681,-0.48808,-0.10203,1.000,1.000
18.7644,0.85794,-0.50211,-0.10873,1.000,1.000
18.7780,0.85306,-0.50926,-0.11380,1.000,1.000
18.7919,0.84975,-0.51382,-0.11794,1.000,1.000
18.8059,0.84764,-0.51636,-0.12201,1.000,1.000
18.8197,0.84630,-0.51735,-0.12702,1.000,1.000
18.8343,0.84376,-0.52008,-0.13259,1.000,1.000
18.8477,0.84138,-0.52254,-0.13795,1.000,1.000
18.8612,0.84003,-0.52381,-0.14132,1.000,1.000
18.8755,0.83900,-0.52466,-0.14429,1.000,1.000
18.8898,0.83918,-0.52360,-0.14704,1.000,1.000
18.9040,0.83836,-0.52388,-0.15063,1.000,1.000
18.9170,0.83715,-0.52469,-0.15454,1.000,1.000
18.9313,0.83613,-0.52515,-0.15841,1.000,1.000
18.9452,0.83646,-0.52371,-0.16142,1.000,1.000
18.9592,0.83835,-0.51994,-0.16378,1.000,1.000
18.9729,0.84044,-0.51603,-0.16546,1.000,1.000
18.9871,0.84176,-0.51325,-0.16736,1.000,1.000
19.0005,0.84299,-0.51065,-0.16913,1.000,1.000
19.0148,0.84380,-0.50882,-0.17060,1.000,1.000
19.0285,0.84476,-0.50683,-0.17178,1.000,1.000
19.0424,0.84676,-0.50335,-0.17217,1.000,1.000
19.0567,0.84928,-0.49903,-0.17233,1.000,1.000
19.0705,0.85148,-0.49523,-0.17244,1.000,1.000
19.0849,0.85284,-0.49278,-0.17270,1.000,1.000
19.0983,0.85372,-0.49091,-0.17367,1.000,1.000
19.1122,0.85471,-0.48882,-0.17469,1.000,1.000
19.1265,0.85640,-0.48558,-0.17548,1.000,1.000
19.1402,0.85793,-0.48270,-0.17593,1.000,1.000
19.1541,0.85918,-0.48028,-0.17648,1.000,1.000
19.1680,0.85987,-0.47876,-0.17722,1.000,1.000
19.1818,0.86028,-0.47779,-0.17786,1.000,1.000
19.1962,0.86104,-0.47621,-0.17842,1.000,1.000
19.2098,0.86229,-0.47375,-0.17893,1.000,1.000
19.2239,0.86428,-0.47006,-0.17904,1.000,1.000
19.2376,0.86652,-0.46576,-0.17948,1.000,1.000
19.2517,0.86832,-0.46218,-0.18001,1.000,1.000
19.2655,0.87032,-0.45815,-0.18068,1.000,1.000
19.2795,0.87173,-0.45510,-0.18157,1.000,1.000
19.2934,0.87284,-0.45261,-0.18249,1.000,1.000
19.3080,0.87312,-0.45165,-0.18354,1.000,1.000
19.3212,0.87348,-0.45037,-0.18494,1.000,1.000
19.3350,0.87373,-0.44933,-0.18627,1.000,1.000
19.3494,0.87392,-0.44825,-0.18796,1.000,1.000
19.3629,0.87440,-0.44679,-0.18924,1.000,1.000
19.3773,0.87449,-0.44606,-0.19050,1.000,1.000
19.3907,0.87501,-0.44468,-0.19136,1.000,1.000
19.4052,0.87507,-0.44417,-0.19227,1.000,1.000
19.4189,0.87552,-0.44272,-0.19356,1.000,1.000
19.4331,0.87605,-0.44126,-0.19450,1.000,1.000
19.4468,0.87707,-0.43887,-0.19531,1.000,1.000
19.4602,0.87805,-0.43661,-0.19594,1.000,1.000
19.4743,0.87858,-0.43529,-0.19651,1.000,1.000
19.4885,0.87943,-0.43341,-0.19686,1.000,1.000
19.5020,0.88053,-0.43097,-0.19733,1.000,1.000
19.5163,0.88180,-0.42822,-0.19761,1.000,1.000
19.5301,0.88385,-0.42397,-0.19764,1.000,1.000
19.5441,0.88542,-0.42067,-0.19764,1.000,1.000
19.5580,0.88692,-0.41754,-0.19758,1.000,1.000
19.5718,0.88800,-0.41542,-0.19718,1.000,1.000
19.5859,0.88897,-0.41362,-0.19659,1.000,1.000
19.5995,0.89013,-0.41123,-0.19636,1.000,1.000
19.6141,0.89180,-0.40753,-0.19649,1.000,1.000
19.6274,0.89400,-0.40260,-0.19666,1.000,1.000
19.6414,0.89621,-0.39736,-0.19726,1.000,1.000
19.6553,0.89891,-0.39089,-0.19788,1.000,1.000
19.6695,0.90226,-0.38291,-0.19824,1.000,1.000
19.6829,0.90580,-0.37434,-0.19848,1.000,1.000
19.6971,0.91006,-0.36376,-0.19868,1.000,1.000
19.7110,0.91457,-0.35230,-0.19859,1.000,1.000
19.7250,0.91894,-0.34052,-0.19900,1.000,1.000
19.7389,0.92379,-0.32692,-0.19934,1.000,1.000
19.7531,0.92830,-0.31362,-0.19974,1.000,1.000
19.7667,0.93219,-0.30163,-0.20008,1.000,1.000
19.7804,0.93622,-0.28896,-0.19998,1.000,1.000
19.7948,0.94044,-0.27468,-0.20030,1.000,1.000
19.8084,0.94527,-0.25763,-0.20023,1.000,1.000
19.8220,0.95053,-0.23769,-0.20001,1.000,1.000
19.8364,0.95531,-0.21754,-0.20017,1.000,1.000
19.8506,0.95929,-0.19857,-0.20082,1.000,1.000
19.8644,0.96258,-0.18063,-0.20200,1.000,1.000
19.8777,0.96555,-0.16168,-0.20391,1.000,1.000
19.8922,0.96854,-0.13940,-0.20614,1.000,1.000
19.9059,0.97091,-0.11631,-0.20929,1.000,1.000
19.9195,0.97266,-0.09413,-0.21229,1.000,1.000
19.9340,0.97354,-0.07445,-0.21606,1.000,1.000
19.9476,0.97417,-0.05441,-0.21916,1.000,1.000
19.9615,0.97400,-0.03501,-0.22382,1.000,1.000
19.9757,0.97342,-0.01495,-0.22854,1.000,1.000
19.9897,0.97234,0.00416,-0.23353,1.000,1.000
20.0039,0.97080,0.02268,-0.23880,1.000,1.000
20.0176,0.96866,0.04049,-0.24506,1.000,1.000
20.0317,0.96598,0.05721,-0.25220,1.000,1.000
20.0456,0.96271,0.07483,-0.25998,1.000,1.000
20.0592,0.95909,0.09257,-0.26755,1.000,1.000
20.0735,0.95498,0.11096,-0.27512,1.000,1.000
20.0874,0.95015,0.12852,-0.28406,1.000,1.000
20.1010,0.94463,0.14602,-0.29387,1.000,1.000
20.1151,0.93755,0.16565,-0.30588,1.000,1.000
20.1291,0.92898,0.18494,-0.32060,1.000,1.000
20.1430,0.92067,0.20213,-0.33393,1.000,1.000
20.1571,0.91312,0.21737,-0.34490,1.000,1.000
20.1709,0.90547,0.23220,-0.35527,1.000,1.000
20.1847,0.89572,0.25036,-0.36743,1.000,1.000
20.1986,0.88492,0.26709,-0.38155,1.000,1.000
20.2135,0.87548,0.27991,-0.39394,1.000,1.000
20.2266,0.86703,0.28941,-0.40558,1.000,1.000
20.2402,0.85951,0.29698,-0.41599,1.000,1.000
20.2546,0.85117,0.30368,-0.42812,1.000,1.000
20.2684,0.84178,0.31287,-0.43991,1.000,1.000
20.2819,0.83205,0.32163,-0.45194,1.000,1.000
20.2961,0.82386,0.32916,-0.46141,1.000,1.000
20.3101,0.81683,0.33525,-0.46947,1.000,1.000
20.3243,0.81065,0.33786,-0.47822,1.000,1.000
20.3378,0.80428,0.33903,-0.48805,1.000,1.000
20.3520,0.79966,0.33761,-0.49655,1.000,1.000
20.3659,0.79549,0.33597,-0.50430,1.000,1.000
20.3795,0.79318,0.33465,-0.50880,1.000,1.000
20.3938,0.79065,0.33326,-0.51363,1.000,1.000
20.4076,0.78893,0.33159,-0.51733,1.000,1.000
20.4213,0.78734,0.32893,-0.52145,1.000,1.000
20.4358,0.78638,0.32433,-0.52575,1.000,1.000
20.4496,0.78599,0.31894,-0.52962,1.000,1.000
20.4633,0.78618,0.31221,-0.53334,1.000,1.000
20.4773,0.78570,0.30677,-0.53719,1.000,1.000
20.4913,0.78573,0.30157,-0.54008,1.000,1.000
20.5056,0.78598,0.29575,-0.54293,1.000,1.000
20.5187,0.78611,0.29028,-0.54568,1.000,1.000
20.5329,0.78615,0.28539,-0.54821,1.000,1.000
20.5470,0.78560,0.28110,-0.55120,1.000,1.000
20.5606,0.78565,0.27652,-0.55343,1.000,1.000
20.5749,0.78603,0.27185,-0.55521,1.000,1.000
20.5888,0.78694,0.26628,-0.55661,1.000,1.000
20.6023,0.78775,0.26109,-0.55793,1.000,1.000
20.6170,0.78895,0.25595,-0.55861,1.000,1.000
20.6308,0.79011,0.25116,-0.55915,1.000,1.000
20.6442,0.79124,0.24658,-0.55959,1.000,1.000
20.6580,0.79270,0.24255,-0.55929,1.000,1.000
20.6722,0.79373,0.23882,-0.55943,1.000,1.000
20.6862,0.79424,0.23594,-0.55992,1.000,1.000
20.6997,0.79449,0.23237,-0.56107,1.000,1.000
20.7142,0.79479,0.22888,-0.56207,1.000,1.000
20.7280,0.79541,0.22376,-0.56325,1.000,1.000
20.7418,0.79634,0.21812,-0.56415,1.000,1.000
20.7558,0.79738,0.21211,-0.56498,1.000,1.000
20.7698,0.79823,0.20665,-0.56579,1.000,1.000
20.7837,0.79928,0.20102,-0.56634,1.000,1.000
20.7974,0.79970,0.19560,-0.56765,1.000,1.000
20.8117,0.79950,0.19065,-0.56961,1.000,1.000
20.8253,0.79894,0.18651,-0.57176,1.000,1.000
20.8392,0.79799,0.18191,-0.57456,1.000,1.000
20.8530,0.79706,0.17596,-0.57770,1.000,1.000
20.8678,0.79630,0.16837,-0.58100,1.000,1.000
20.8808,0.79561,0.16052,-0.58415,1.000,1.000
20.8948,0.79495,0.15322,-0.58701,1.000,1.000
20.9095,0.79428,0.14762,-0.58935,1.000,1.000
20.9227,0.79414,0.14291,-0.59069,1.000,1.000
20.9365,0.79366,0.13821,-0.59246,1.000,1.000
20.9504,0.79296,0.13300,-0.59458,1.000,1.000
20.9645,0.79184,0.12589,-0.59761,1.000,1.000
20.9783,0.79076,0.11709,-0.60082,1.000,1.000
20.9921,0.78977,0.10891,-0.60366,1.000,1.000
21.0062,0.78904,0.10011,-0.60613,1.000,1.000
21.0199,0.78855,0.09300,-0.60790,1.000,1.000
21.0342,0.78793,0.08640,-0.60968,1.000,1.000
21.0484,0.78703,0.07887,-0.61185,1.000,1.000
21.0620,0.78565,0.07134,-0.61454,1.000,1.000
21.0757,0.78403,0.06357,-0.61746,1.000,1.000
21.0904,0.78216,0.05792,-0.62038,1.000,1.000
21.1173,0.77980,0.05361,-0.62373,1.000,1.000
21.1312,0.77590,0.04137,-0.62950,1.000,1.000
21.1454,0.77352,0.03465,-0.63282,1.000,1.000
21.1594,0.77100,0.02850,-0.63620,1.000,1.000
21.1730,0.76829,0.02180,-0.63974,1.000,1.000
21.1870,0.76558,0.01662,-0.64313,1.000,1.000
21.2007,0.76312,0.01234,-0.64614,1.000,1.000
21.2149,0.76038,0.00870,-0.64942,1.000,1.000
21.2288,0.75754,0.00475,-0.65277,1.000,1.000
21.2425,0.75442,0.00178,-0.65640,1.000,1.000
21.2566,0.75153,-0.00254,-0.65969,1.000,1.000
21.2711,0.74852,-0.00670,-0.66308,1.000,1.000
21.2847,0.74584,-0.01082,-0.66604,1.000,1.000
21.2981,0.74256,-0.01417,-0.66963,1.000,1.000
21.3125,0.73978,-0.01678,-0.67264,1.000,1.000
21.3264,0.73630,-0.01972,-0.67637,1.000,1.000
21.3405,0.73292,-0.02331,-0.67992,1.000,1.000
21.3542,0.72961,-0.02727,-0.68332,1.000,1.000
21.3681,0.72633,-0.03079,-0.68666,1.000,1.000
21.3820,0.72307,-0.03316,-0.68997,1.000,1.000
21.3960,0.71988,-0.03547,-0.69319,1.000,1.000
21.4095,0.71615,-0.03762,-0.69693,1.000,1.000
21.4238,0.71234,-0.03956,-0.70072,1.000,1.000
21.4373,0.70857,-0.04095,-0.70445,1.000,1.000
21.4516,0.70496,-0.04243,-0.70798,1.000,1.000
21.4655,0.70138,-0.04381,-0.71144,1.000,1.000
21.4793,0.69827,-0.04459,-0.71444,1.000,1.000
21.4935,0.69496,-0.04601,-0.71758,1.000,1.000
21.5075,0.69170,-0.04815,-0.72057,1.000,1.000
21.5211,0.68849,-0.05025,-0.72351,1.000,1.000
21.5352,0.68573,-0.05265,-0.72595,1.000,1.000
21.5490,0.68301,-0.05520,-0.72832,1.000,1.000
21.5628,0.68107,-0.05608,-0.73006,1.000,1.000
21.5775,0.67876,-0.05669,-0.73217,1.000,1.000
21.5906,0.67678,-0.05659,-0.73401,1.000,1.000
21.6046,0.67469,-0.05703,-0.73590,1.000,1.000
21.6184,0.67270,-0.05827,-0.73762,1.000,1.000
21.6326,0.67068,-0.05934,-0.73937,1.000,1.000
21.6463,0.66860,-0.05983,-0.74121,1.000,1.000
21.6600,0.66627,-0.05994,-0.74330,1.000,1.000
21.6747,0.66381,-0.05980,-0.74551,1.000,1.000
21.6882,0.66068,-0.05994,-0.74827,1.000,1.000
21.7017,0.65694,-0.06118,-0.75146,1.000,1.000
21.7158,0.65230,-0.06365,-0.75528,1.000,1.000
21.7300,0.64572,-0.06733,-0.76060,1.000,1.000
21.7439,0.63597,-0.07176,-0.76837,1.000,1.000
21.7577,0.62337,-0.07756,-0.77807,1.000,1.000
21.7715,0.60879,-0.08427,-0.78884,1.000,1.000
21.7855,0.59604,-0.09239,-0.79762,1.000,1.000
21.7994,0.58424,-0.10520,-0.80473,1.000,1.000
21.8139,0.57472,-0.11719,-0.80992,1.000,1.000
21.8272,0.56533,-0.12662,-0.81509,1.000,1.000
21.8410,0.55528,-0.13587,-0.82049,1.000,1.000
21.8552,0.54363,-0.14489,-0.82673,1.000,1.000
21.8691,0.53077,-0.15688,-0.83287,1.000,1.000
21.8828,0.51623,-0.17006,-0.83940,1.000,1.000
21.8968,0.50123,-0.18258,-0.84583,1.000,1.000
21.9107,0.48659,-0.19593,-0.85138,1.000,1.000
21.9250,0.47282,-0.20782,-0.85630,1.000,1.000
21.9384,0.45905,-0.22160,-0.86033,1.000,1.000
21.9526,0.44405,-0.23607,-0.86434,1.000,1.000
21.9664,0.42865,-0.25098,-0.86791,1.000,1.000
21.9804,0.41452,-0.26541,-0.87048,1.000,1.000
21.9947,0.39993,-0.28201,-0.87208,1.000,1.000
22.0087,0.38640,-0.29631,-0.87344,1.000,1.000
22.0222,0.37381,-0.30699,-0.87523,1.000,1.000
22.0366,0.36213,-0.31714,-0.87652,1.000,1.000
22.0505,0.35110,-0.32459,-0.87828,1.000,1.000
22.0642,0.34034,-0.33275,-0.87946,1.000,1.000
22.0775,0.33092,-0.33932,-0.88054,1.000,1.000
22.0917,0.32227,-0.34599,-0.88116,1.000,1.000
22.1057,0.31485,-0.35008,-0.88222,1.000,1.000
22.1192,0.30820,-0.35326,-0.88330,1.000,1.000
22.1335,0.30127,-0.35766,-0.88392,1.000,1.000
22.1473,0.29432,-0.36132,-0.88477,1.000,1.000
22.1610,0.28631,-0.36582,-0.88555,1.000,1.000
22.1755,0.27772,-0.37005,-0.88653,1.000,1.000
22.1892,0.26899,-0.37468,-0.88728,1.000,1.000
22.2029,0.26157,-0.37759,-0.88826,1.000,1.000
22.2170,0.25623,-0.37852,-0.88942,1.000,1.000
22.2315,0.25199,-0.38070,-0.88970,1.000,1.000
22.2452,0.24933,-0.38265,-0.88961,1.000,1.000
22.2585,0.24697,-0.38325,-0.89002,1.000,1.000
22.2728,0.24617,-0.38257,-0.89053,1.000,1.000
22.2871,0.24559,-0.38040,-0.89162,1.000,1.000
22.3001,0.24530,-0.37937,-0.89214,1.000,1.000
22.3149,0.24789,-0.37765,-0.89215,1.000,1.000
22.3283,0.25159,-0.37522,-0.89214,1.000,1.000
22.3420,0.25724,-0.37130,-0.89217,1.000,1.000
22.3562,0.26535,-0.36437,-0.89265,1.000,1.000
22.3700,0.27673,-0.35722,-0.89208,1.000,1.000
22.3843,0.29157,-0.34880,-0.89069,1.000,1.000
22.3980,0.30773,-0.34057,-0.88844,1.000,1.000
22.4121,0.32813,-0.33205,-0.88435,1.000,1.000
22.4259,0.35218,-0.32223,-0.87871,1.000,1.000
22.4396,0.37850,-0.31200,-0.87143,1.000,1.000
22.4542,0.40759,-0.30029,-0.86238,1.000,1.000
22.4684,0.43723,-0.28871,-0.85175,1.000,1.000
22.4811,0.46424,-0.27788,-0.84099,1.000,1.000
22.4957,0.49113,-0.26934,-0.82841,1.000,1.000
22.5095,0.51666,-0.26077,-0.81551,1.000,1.000
22.5231,0.54069,-0.25174,-0.80267,1.000,1.000
22.5372,0.56287,-0.24295,-0.79003,1.000,1.000
22.5511,0.58193,-0.23320,-0.77909,1.000,1.000
22.5650,0.60004,-0.22199,-0.76855,1.000,1.000
22.5790,0.61788,-0.20908,-0.75796,1.000,1.000
22.5930,0.63480,-0.19534,-0.74758,1.000,1.000
22.6068,0.64994,-0.18316,-0.73759,1.000,1.000
22.6205,0.66296,-0.17155,-0.72873,1.000,1.000
22.6347,0.67463,-0.16058,-0.72047,1.000,1.000
22.6492,0.68610,-0.14976,-0.71193,1.000,1.000
22.6623,0.69702,-0.14000,-0.70326,1.000,1.000
22.6764,0.70650,-0.13201,-0.69529,1.000,1.000
22.6910,0.71449,-0.12394,-0.68858,1.000,1.000
22.7049,0.72320,-0.11515,-0.68097,1.000,1.000
22.7179,0.73200,-0.10463,-0.67323,1.000,1.000
22.7321,0.74069,-0.09403,-0.66524,1.000,1.000
22.7463,0.74898,-0.08439,-0.65719,1.000,1.000
22.7599,0.75571,-0.07621,-0.65046,1.000,1.000
22.7739,0.76196,-0.06721,-0.64413,1.000,1.000
22.7881,0.76774,-0.06032,-0.63791,1.000,1.000
22.8017,0.77220,-0.05338,-0.63314,1.000,1.000
22.8160,0.77569,-0.04798,-0.62929,1.000,1.000
22.8298,0.77904,-0.04223,-0.62555,1.000,1.000
22.8436,0.78193,-0.03518,-0.62238,1.000,1.000
22.8572,0.78423,-0.02872,-0.61981,1.000,1.000
22.8716,0.78637,-0.02212,-0.61736,1.000,1.000
22.8856,0.78724,-0.01720,-0.61641,1.000,1.000
22.8990,0.78793,-0.01299,-0.61563,1.000,1.000
22.9132,0.78780,-0.00850,-0.61588,1.000,1.000
22.9280,0.78738,-0.00465,-0.61645,1.000,1.000
22.9411,0.78707,-0.00040,-0.61687,1.000,1.000
22.9553,0.78658,0.00344,-0.61748,1.000,1.000
22.9690,0.78509,0.00740,-0.61933,1.000,1.000
22.9826,0.78314,0.01091,-0.62176,1.000,1.000
22.9969,0.78039,0.01306,-0.62515,1.000,1.000
23.0109,0.77738,0.01496,-0.62886,1.000,1.000
23.0269,0.77371,0.01638,-0.63333,1.000,1.000
23.0386,0.76959,0.01828,-0.63827,1.000,1.000
23.0527,0.76516,0.01817,-0.64359,1.000,1.000
23.0668,0.76088,0.01910,-0.64861,1.000,1.000
23.0802,0.75722,0.01960,-0.65287,1.000,1.000
23.0944,0.75372,0.02001,-0.65689,1.000,1.000
23.1088,0.74996,0.02029,-0.66117,1.000,1.000
23.1223,0.74534,0.01966,-0.66640,1.000,1.000
23.1360,0.73975,0.01757,-0.67265,1.000,1.000
23.1502,0.73469,0.01417,-0.67826,1.000,1.000
23.1641,0.73053,0.00992,-0.68281,1.000,1.000
23.1778,0.72669,0.00668,-0.68693,1.000,1.000
23.1917,0.72334,0.00537,-0.69048,1.000,1.000
23.2057,0.71973,0.00493,-0.69424,1.000,1.000
23.2195,0.71490,0.00353,-0.69922,1.000,1.000
23.2341,0.71005,-0.00149,-0.70415,1.000,1.000
23.2477,0.70467,-0.00929,-0.70947,1.000,1.000
23.2612,0.69973,-0.01772,-0.71419,1.000,1.000
23.2754,0.69481,-0.02465,-0.71877,1.000,1.000
23.2898,0.68979,-0.02784,-0.72347,1.000,1.000
23.3036,0.68479,-0.02993,-0.72813,1.000,1.000
23.3172,0.67966,-0.03318,-0.73277,1.000,1.000
23.3310,0.67498,-0.03874,-0.73682,1.000,1.000
23.3452,0.67063,-0.04522,-0.74041,1.000,1.000
23.3589,-0.66626,-0.05139,0.74395,1.000,1.000
23.3731,-0.66297,-0.05616,0.74654,1.000,1.000
23.3870,-0.65976,-0.06071,0.74902,1.000,1.000
23.4008,-0.65627,-0.06581,0.75165,1.000,1.000
23.4154,-0.65241,-0.07146,0.75449,1.000,1.000
23.4292,-0.64884,-0.07834,0.75688,1.000,1.000
23.4427,-0.64557,-0.08443,0.75902,1.000,1.000
23.4570,-0.64327,-0.08846,0.76052,1.000,1.000
23.4712,-0.64166,-0.09203,0.76145,1.000,1.000
23.4856,-0.63984,-0.09475,0.76264,1.000,1.000
23.4986,-0.63815,-0.09714,0.76376,1.000,1.000
23.5129,-0.63673,-0.10006,0.76457,1.000,1.000
23.5269,-0.63507,-0.10438,0.76537,1.000,1.000
23.5408,-0.63321,-0.10870,0.76631,1.000,1.000
23.5549,-0.63121,-0.11235,0.76743,1.000,1.000
23.5689,-0.62943,-0.11488,0.76852,1.000,1.000
23.5825,-0.62805,-0.11670,0.76938,1.000,1.000
23.5969,-0.62706,-0.11919,0.76980,1.000,1.000
23.6107,-0.62645,-0.12210,0.76984,1.000,1.000
23.6247,-0.62591,-0.12472,0.76985,1.000,1.000
23.6383,-0.62554,-0.12671,0.76983,1.000,1.000
23.6527,-0.62515,-0.12785,0.76996,1.000,1.000
23.6668,-0.62453,-0.12916,0.77025,1.000,1.000
23.6800,-0.62309,-0.13171,0.77098,1.000,1.000
23.6942,-0.62209,-0.13439,0.77133,1.000,1.000
23.7085,-0.62130,-0.13755,0.77140,1.000,1.000
23.7221,-0.62094,-0.14015,0.77122,1.000,1.000
23.7362,-0.62025,-0.14198,0.77145,1.000,1.000
23.7500,-0.61924,-0.14383,0.77192,1.000,1.000
23.7639,-0.61792,-0.14566,0.77263,1.000,1.000
23.7777,-0.61670,-0.14741,0.77327,1.000,1.000
23.7916,-0.61541,-0.14908,0.77398,1.000,1.000
23.8056,-0.61380,-0.15074,0.77494,1.000,1.000
23.8192,-0.61228,-0.15192,0.77591,1.000,1.000
23.8337,-0.61109,-0.15228,0.77677,1.000,1.000
23.8474,-0.60990,-0.15246,0.77767,1.000,1.000
23.8610,-0.60905,-0.15267,0.77830,1.000,1.000
23.8753,-0.60786,-0.15428,0.77892,1.000,1.000
23.8893,-0.60690,-0.15629,0.77926,1.000,1.000
23.9030,-0.60592,-0.15831,0.77961,1.000,1.000
23.9169,0.60511,-0.15936,-0.78003,1.000,1.000
23.9309,0.60398,-0.15973,-0.78083,1.000,1.000
23.9450,0.60302,-0.16012,-0.78149,1.000,1.000
23.9587,0.60237,-0.16055,-0.78190,1.000,1.000
23.9722,0.60185,-0.16093,-0.78223,1.000,1.000
23.9866,0.60171,-0.16135,-0.78225,1.000,1.000
23.9997,0.60165,-0.16118,-0.78233,1.000,1.000
24.0142,0.60200,-0.16142,-0.78201,1.000,1.000
24.0275,0.60270,-0.16108,-0.78154,1.000,1.000
24.0411,0.60310,-0.16089,-0.78127,1.000,1.000
24.0553,0.60381,-0.16015,-0.78088,1.000,1.000
24.0692,0.60468,-0.15990,-0.78025,1.000,1.000
24.0827,0.60505,-0.15994,-0.77996,1.000,1.000
24.0969,0.60530,-0.15988,-0.77978,1.000,1.000
24.1115,0.60564,-0.15943,-0.77960,1.000,1.000
24.1247,0.60618,-0.15903,-0.77927,1.000,1.000
24.1383,0.60658,-0.15797,-0.77917,1.000,1.000
24.1524,0.60690,-0.15739,-0.77904,1.000,1.000
24.1664,0.60676,-0.15751,-0.77913,1.000,1.000
24.1803,0.60668,-0.15839,-0.77901,1.000,1.000
24.1945,0.60658,-0.15936,-0.77889,1.000,1.000
24.2080,0.60663,-0.16014,-0.77869,1.000,1.000
24.2219,0.60695,-0.15987,-0.77849,1.000,1.000
24.2361,0.60703,-0.15937,-0.77854,1.000,1.000
24.2501,0.60736,-0.15783,-0.77859,1.000,1.000
24.2638,0.60743,-0.15737,-0.77863,1.000,1.000
24.2775,0.60762,-0.15758,-0.77844,1.000,1.000
24.2917,0.60797,-0.15726,-0.77823,1.000,1.000
24.3060,0.60807,-0.15598,-0.77841,1.000,1.000
24.3192,0.60835,-0.15469,-0.77845,1.000,1.000
24.3336,0.60880,-0.15240,-0.77855,1.000,1.000
24.3474,0.60935,-0.15055,-0.77848,1.000,1.000
24.3611,0.61000,-0.14851,-0.77836,1.000,1.000
24.3753,0.61062,-0.14563,-0.77842,1.000,1.000
24.3892,0.61104,-0.14229,-0.77871,1.000,1.000
24.4032,0.61169,-0.13824,-0.77893,1.000,1.000
24.4170,0.61209,-0.13447,-0.77927,1.000,1.000
24.4313,-0.61261,-0.13088,0.77948,1.000,1.000
24.4448,-0.61341,-0.12654,0.77956,1.000,1.000
24.4584,-0.61539,-0.12087,0.77890,1.000,1.000
24.4729,-0.61979,-0.10853,0.77723,1.000,1.000
24.4869,-0.62655,-0.09005,0.77416,1.000,1.000
24.5006,-0.63393,-0.06695,0.77049,1.000,1.000
24.5149,-0.64154,-0.03755,0.76617,1.000,1.000
24.5292,-0.64758,-0.00824,0.76195,1.000,1.000
24.5428,-0.65261,0.02098,0.75740,1.000,1.000
24.5571,-0.65711,0.05297,0.75193,1.000,1.000
24.5709,-0.66052,0.08757,0.74568,1.000,1.000
24.5849,-0.66153,0.11863,0.74048,1.000,1.000
24.5987,-0.66073,0.14423,0.73664,1.000,1.000
24.6132,-0.65975,0.16449,0.73326,1.000,1.000
24.6269,-0.65920,0.18319,0.72932,1.000,1.000
24.6406,-0.65707,0.20176,0.72633,1.000,1.000
24.6552,-0.65168,0.22339,0.72485,1.000,1.000
24.6687,-0.64320,0.24394,0.72580,1.000,1.000
24.6823,-0.63044,0.26396,0.72998,1.000,1.000
24.6969,-0.61226,0.27874,0.73989,1.000,1.000
24.7105,-0.58245,0.29102,0.75898,1.000,1.000
24.7247,-0.54439,0.30407,0.78178,1.000,1.000
24.7382,-0.49176,0.31814,0.81053,1.000,1.000
24.7521,-0.43231,0.33208,0.83835,1.000,1.000
24.7663,-0.37520,0.34419,0.86068,1.000,1.000
24.7800,-0.31360,0.35380,0.88118,1.000,1.000
24.7945,-0.25472,0.36115,0.89704,1.000,1.000
24.8079,-0.20024,0.36247,0.91023,1.000,1.000
24.8217,-0.15433,0.35946,0.92031,1.000,1.000
24.8364,-0.11826,0.35075,0.92897,1.000,1.000
24.8497,-0.09593,0.33459,0.93747,1.000,1.000
24.8632,-0.08904,0.31057,0.94637,1.000,1.000
24.8773,-0.08707,0.28646,0.95413,1.000,1.000
24.8913,-0.10197,0.25567,0.96137,1.000,1.000
24.9052,-0.11880,0.22247,0.96768,1.000,1.000
24.9187,-0.13736,0.18524,0.97305,1.000,1.000
24.9329,-0.15639,0.14187,0.97745,1.000,1.000
24.9470,-0.18025,0.09184,0.97932,1.000,1.000
24.9606,0.20644,0.03457,-0.97785,1.000,1.000
24.9748,0.23691,-0.02824,-0.97112,1.000,1.000
24.9887,0.26945,-0.09181,-0.95863,1.000,1.000
25.0024,0.29996,-0.14684,-0.94258,1.000,1.000
25.0165,0.33117,-0.19988,-0.92216,1.000,1.000
25.0303,0.36017,-0.24636,-0.89977,1.000,1.000
25.0441,0.38894,-0.29197,-0.87378,1.000,1.000
25.0574,0.42252,-0.33030,-0.84402,1.000,1.000
25.0717,0.45971,-0.36076,-0.81149,1.000,1.000
25.0858,0.49759,-0.37939,-0.78005,1.000,1.000
25.0991,0.53570,-0.38565,-0.75120,1.000,1.000
25.1132,0.57040,-0.39150,-0.72206,1.000,1.000
25.1271,0.60199,-0.40483,-0.68828,1.000,1.000
25.1412,0.63398,-0.42018,-0.64925,1.000,1.000
25.1548,0.66626,-0.42939,-0.60969,1.000,1.000
25.1688,0.69671,-0.43108,-0.57338,1.000,1.000
25.1827,0.72484,-0.42532,-0.54194,1.000,1.000
25.1968,0.75054,-0.42258,-0.50805,1.000,1.000
25.2105,0.77602,-0.41881,-0.47159,1.000,1.000
25.2245,0.79974,-0.41466,-0.43413,1.000,1.000
25.2380,0.82329,-0.40843,-0.39419,1.000,1.000
25.2525,0.84495,-0.40276,-0.35193,1.000,1.000
25.2663,0.86492,-0.39642,-0.30783,1.000,1.000
25.2798,0.88123,-0.39190,-0.26428,1.000,1.000
25.2941,0.89356,-0.38922,-0.22375,1.000,1.000
25.3081,0.90360,-0.38529,-0.18722,1.000,1.000
25.3221,0.91302,-0.37845,-0.15224,1.000,1.000
25.3360,0.92116,-0.37124,-0.11682,1.000,1.000
25.3500,0.92860,-0.36123,-0.08494,1.000,1.000
25.3639,0.93328,-0.35439,-0.05826,1.000,1.000
25.3776,0.93700,-0.34752,-0.03554,1.000,1.000
25.3914,0.94040,-0.33946,-0.02016,1.000,1.000
25.4055,0.94379,-0.33038,-0.01086,1.000,1.000
25.4191,0.94649,-0.32252,-0.01153,1.000,1.000
25.4333,0.94857,-0.31581,-0.02187,1.000,1.000
25.4472,0.95032,-0.30964,-0.03178,1.000,1.000
25.4610,0.95088,-0.30557,-0.04952,1.000,1.000
25.4750,-0.95093,-0.30160,0.06908,1.000,1.000
25.4894,-0.95052,-0.29683,0.09164,1.000,1.000
25.5029,-0.94943,-0.29236,0.11454,1.000,1.000
25.5170,-0.94761,-0.28845,0.13725,1.000,1.000
25.5312,-0.94314,-0.28792,0.16609,1.000,1.000
25.5456,-0.93831,-0.28386,0.19750,1.000,1.000
25.5593,-0.93332,-0.27427,0.23170,1.000,1.000
25.5732,-0.92763,-0.26208,0.26613,1.000,1.000
25.5874,-0.92058,-0.25136,0.29893,1.000,1.000
25.6011,-0.91172,-0.24143,0.33238,1.000,1.000
25.6151,-0.89918,-0.23330,0.37019,1.000,1.000
25.6292,-0.88381,-0.21829,0.41380,1.000,1.000
25.6429,-0.86506,-0.19867,0.46066,1.000,1.000
25.6571,-0.84447,-0.17872,0.50490,1.000,1.000
25.6712,-0.81880,-0.16071,0.55112,1.000,1.000
25.6852,-0.78924,-0.14080,0.59773,1.000,1.000
25.6986,-0.75599,-0.11757,0.64394,1.000,1.000
25.7131,-0.71994,-0.09373,0.68768,1.000,1.000
25.7268,-0.68359,-0.06755,0.72673,1.000,1.000
25.7409,-0.64664,-0.04147,0.76167,1.000,1.000
25.7546,-0.60669,-0.01572,0.79479,1.000,1.000
25.7686,-0.56440,0.00763,0.82547,1.000,1.000
25.7825,-0.52479,0.02876,0.85075,1.000,1.000
25.7963,-0.48730,0.04824,0.87190,1.000,1.000
25.8102,-0.45807,0.06316,0.88667,1.000,1.000
25.8242,-0.43215,0.07842,0.89838,1.000,1.000
25.8379,-0.41171,0.08948,0.90691,1.000,1.000
25.8525,-0.39484,0.09880,0.91342,1.000,1.000
25.8661,-0.37893,0.10744,0.91917,1.000,1.000
25.8798,-0.36601,0.11784,0.92312,1.000,1.000
25.8939,-0.35591,0.12747,0.92578,1.000,1.000
25.9079,-0.34925,0.13644,0.92704,1.000,1.000
25.9218,-0.34992,0.14682,0.92520,1.000,1.000
25.9355,-0.35808,0.15480,0.92077,1.000,1.000
25.9496,-0.37469,0.16001,0.91324,1.000,1.000
25.9637,-0.39249,0.16570,0.90471,1.000,1.000
25.9772,-0.41747,0.17013,0.89262,1.000,1.000
25.9914,-0.44248,0.17803,0.87893,1.000,1.000
26.0053,-0.46960,0.18800,0.86263,1.000,1.000
26.0190,0.24049,0.19495,0.95087,1.000,1.000
26.0333,0.19675,0.19889,0.96007,1.000,1.000
26.0469,0.14969,0.20230,0.96782,1.000,1.000
26.0606,0.09898,0.20366,0.97403,1.000,1.000
26.0749,0.04700,0.20241,0.97817,1.000,1.000
26.0888,-0.00485,0.20053,0.97967,1.000,1.000
26.1023,-0.06040,0.19871,0.97820,1.000,1.000
26.1166,-0.11562,0.19431,0.97410,1.000,1.000
26.1301,-0.17055,0.19188,0.96649,1.000,1.000
26.1443,-0.21949,0.19235,0.95647,1.000,1.000
26.1580,-0.25963,0.19291,0.94624,1.000,1.000
26.1720,-0.29090,0.19384,0.93691,1.000,1.000
26.1863,-0.31861,0.19085,0.92847,1.000,1.000
26.1998,-0.34546,0.18405,0.92021,1.000,1.000
26.2141,-0.36548,0.17385,0.91444,1.000,1.000
26.2279,-0.37787,0.16193,0.91159,1.000,1.000
26.2416,-0.38052,0.14959,0.91259,1.000,1.000
26.2556,-0.38248,0.14138,0.91308,1.000,1.000
26.2697,-0.37976,0.13360,0.91539,1.000,1.000
26.2837,-0.38138,0.12357,0.91612,1.000,1.000
26.2976,-0.38308,0.10914,0.91725,1.000,1.000
26.3114,-0.38554,0.09122,0.91817,1.000,1.000
26.3257,-0.38613,0.07477,0.91941,1.000,1.000
26.3395,-0.38538,0.06050,0.92077,1.000,1.000
26.3533,-0.38367,0.05308,0.92194,1.000,1.000
26.3672,-0.38389,0.04551,0.92226,1.000,1.000
26.3810,-0.38220,0.03385,0.92346,1.000,1.000
26.3952,-0.37737,0.02011,0.92585,1.000,1.000
26.4093,-0.36920,0.00367,0.92934,1.000,1.000
26.4226,-0.36039,-0.00889,0.93276,1.000,1.000
26.4368,-0.35352,-0.01814,0.93525,1.000,1.000
26.4510,-0.34842,-0.02739,0.93694,1.000,1.000
26.4647,-0.34291,-0.04084,0.93848,1.000,1.000
26.4784,-0.33546,-0.05400,0.94050,1.000,1.000
26.4925,-0.32665,-0.06600,0.94284,1.000,1.000
26.5065,-0.31409,-0.08018,0.94600,1.000,1.000
26.5205,-0.30170,-0.09395,0.94876,1.000,1.000
26.5343,-0.29053,-0.10750,0.95081,1.000,1.000
26.5482,-0.27978,-0.11814,0.95277,1.000,1.000
26.5619,-0.27014,-0.12600,0.95454,1.000,1.000
26.5767,-0.26044,-0.13385,0.95617,1.000,1.000
26.5897,-0.24955,-0.14369,0.95764,1.000,1.000
26.6037,-0.23675,-0.15422,0.95925,1.000,1.000
26.6173,-0.22308,-0.16686,0.96041,1.000,1.000
26.6316,-0.20879,-0.17896,0.96145,1.000,1.000
26.6453,-0.19594,-0.18936,0.96216,1.000,1.000
26.6590,-0.18322,-0.19703,0.96312,1.000,1.000
26.6731,-0.16921,-0.20446,0.96414,1.000,1.000
26.6874,-0.15394,-0.21217,0.96503,1.000,1.000
26.7008,-0.13894,-0.22224,0.96504,1.000,1.000
26.7149,-0.12433,-0.23236,0.96465,1.000,1.000
26.7289,-0.11054,-0.24434,0.96337,1.000,1.000
26.7425,-0.09724,-0.25454,0.96216,1.000,1.000
26.7568,0.08333,-0.26469,-0.96073,1.000,1.000
26.7706,0.07041,-0.27524,-0.95879,1.000,1.000
26.7847,0.05870,-0.28481,-0.95679,1.000,1.000
26.7984,0.04824,-0.29544,-0.95414,1.000,1.000
26.8129,0.03769,-0.30489,-0.95164,1.000,1.000
26.8262,0.02641,-0.31474,-0.94881,1.000,1.000
26.8395,0.01559,-0.32291,-0.94630,1.000,1.000
26.8537,0.00433,-0.33040,-0.94383,1.000,1.000
26.8677,-0.00680,-0.33772,-0.94122,1.000,1.000
26.8810,-0.01833,-0.34467,-0.93855,1.000,1.000
26.8955,-0.03085,-0.35209,-0.93546,1.000,1.000
26.9095,-0.04467,-0.36026,-0.93178,1.000,1.000
26.9228,-0.05753,-0.36563,-0.92898,1.000,1.000
26.9372,-0.06822,-0.36860,-0.92708,1.000,1.000
26.9509,-0.07787,-0.37042,-0.92559,1.000,1.000
26.9649,-0.08767,-0.37145,-0.92430,1.000,1.000
26.9786,-0.09740,-0.37305,-0.92268,1.000,1.000
26.9926,-0.10614,-0.37703,-0.92010,1.000,1.000
27.0065,-0.11287,-0.38064,-0.91781,1.000,1.000
27.0202,-0.11755,-0.38370,-0.91595,1.000,1.000
27.0345,-0.12117,-0.38448,-0.91515,1.000,1.000
27.0485,-0.12114,-0.38303,-0.91576,1.000,1.000
27.0619,-0.12028,-0.38202,-0.91629,1.000,1.000
27.0762,-0.11874,-0.38169,-0.91663,1.000,1.000
27.0903,-0.11605,-0.38193,-0.91688,1.000,1.000
27.1041,-0.11272,-0.38196,-0.91728,1.000,1.000
27.1176,-0.10865,-0.38120,-0.91808,1.000,1.000
27.1318,-0.10365,-0.38107,-0.91872,1.000,1.000
27.1458,-0.09895,-0.38098,-0.91928,1.000,1.000
27.1597,-0.09429,-0.38206,-0.91931,1.000,1.000
27.1739,-0.08915,-0.38413,-0.91896,1.000,1.000
27.1875,-0.08398,-0.38594,-0.91869,1.000,1.000
27.2012,-0.07825,-0.38771,-0.91846,1.000,1.000
27.2153,-0.07212,-0.38907,-0.91838,1.000,1.000
27.2295,-0.06660,-0.39041,-0.91823,1.000,1.000
27.2433,-0.06213,-0.39128,-0.91817,1.000,1.000
27.2573,-0.05862,-0.39191,-0.91813,1.000,1.000
27.2714,-0.05566,-0.39270,-0.91798,1.000,1.000
27.2853,-0.05246,-0.39317,-0.91797,1.000,1.000
27.2986,-0.04855,-0.39324,-0.91815,1.000,1.000
27.3129,-0.04470,-0.39174,-0.91899,1.000,1.000
27.3267,-0.04124,-0.38998,-0.91990,1.000,1.000
27.3407,-0.03891,-0.38913,-0.92036,1.000,1.000
27.3544,-0.03670,-0.38858,-0.92068,1.000,1.000
27.3685,-0.03431,-0.38935,-0.92045,1.000,1.000
27.3821,-0.03206,-0.39002,-0.92025,1.000,1.000
27.3963,-0.02989,-0.39092,-0.91994,1.000,1.000
27.4103,-0.02811,-0.39060,-0.92013,1.000,1.000
27.4245,-0.02696,-0.38974,-0.92053,1.000,1.000
27.4379,-0.02686,-0.38970,-0.92055,1.000,1.000
27.4523,-0.02672,-0.38938,-0.92069,1.000,1.000
27.4661,-0.02668,-0.38912,-0.92080,1.000,1.000
27.4796,-0.02608,-0.38913,-0.92081,1.000,1.000
27.4938,-0.02537,-0.38961,-0.92063,1.000,1.000
27.5078,-0.02462,-0.38891,-0.92095,1.000,1.000
27.5217,-0.02396,-0.38758,-0.92153,1.000,1.000
27.5360,-0.02340,-0.38594,-0.92223,1.000,1.000
27.5497,-0.02305,-0.38497,-0.92264,1.000,1.000
27.5635,-0.02352,-0.38448,-0.92283,1.000,1.000
27.5772,-0.02454,-0.38523,-0.92250,1.000,1.000
27.5912,-0.02582,-0.38610,-0.92209,1.000,1.000
27.6051,-0.02689,-0.38605,-0.92208,1.000,1.000
27.6189,-0.02798,-0.38627,-0.92196,1.000,1.000
27.6331,-0.02902,-0.38588,-0.92209,1.000,1.000
27.6468,-0.02979,-0.38518,-0.92236,1.000,1.000
27.6606,-0.03022,-0.38416,-0.92277,1.000,1.000
27.6748,-0.03046,-0.38346,-0.92306,1.000,1.000
27.6888,-0.03073,-0.38325,-0.92313,1.000,1.000
27.7028,-0.03031,-0.38268,-0.92339,1.000,1.000
27.7166,-0.02974,-0.38267,-0.92341,1.000,1.000
27.7306,-0.02881,-0.38247,-0.92352,1.000,1.000
27.7446,-0.02760,-0.38114,-0.92411,1.000,1.000
27.7584,-0.02625,-0.37989,-0.92466,1.000,1.000
27.7725,-0.02501,-0.38002,-0.92464,1.000,1.000
27.7867,-0.02337,-0.38029,-0.92457,1.000,1.000
27.8000,-0.02168,-0.38035,-0.92459,1.000,1.000
27.8142,-0.01985,-0.38042,-0.92460,1.000,1.000
27.8278,-0.01831,-0.38040,-0.92464,1.000,1.000
27.8417,-0.01657,-0.38019,-0.92476,1.000,1.000
27.8561,-0.01530,-0.38032,-0.92473,1.000,1.000
27.8699,-0.01457,-0.38059,-0.92463,1.000,1.000
27.8843,-0.01340,-0.38040,-0.92473,1.000,1.000
27.8974,-0.01209,-0.38003,-0.92490,1.000,1.000
27.9123,-0.01099,-0.37881,-0.92541,1.000,1.000
27.9263,-0.01045,-0.37772,-0.92586,1.000,1.000
27.9395,-0.01061,-0.37640,-0.92640,1.000,1.000
27.9535,-0.01034,-0.37571,-0.92668,1.000,1.000
27.9678,-0.00995,-0.37464,-0.92712,1.000,1.000
27.9813,-0.00894,-0.37314,-0.92773,1.000,1.000
27.9954,-0.00759,-0.37117,-0.92853,1.000,1.000
28.0094,-0.00618,-0.36785,-0.92987,1.000,1.000
28.0231,-0.00484,-0.36520,-0.93092,1.000,1.000
28.0374,-0.00383,-0.36317,-0.93171,1.000,1.000
28.0511,-0.00295,-0.36107,-0.93254,1.000,1.000
28.0645,-0.00169,-0.35918,-0.93327,1.000,1.000
28.0784,-0.00033,-0.35680,-0.93418,1.000,1.000
28.0924,0.00125,-0.35311,-0.93558,1.000,1.000
28.1068,0.00291,-0.34897,-0.93713,1.000,1.000
28.1205,0.00528,-0.34469,-0.93870,1.000,1.000
28.1343,0.00781,-0.33948,-0.94058,1.000,1.000
28.1480,0.01035,-0.33290,-0.94291,1.000,1.000
28.1621,0.01368,-0.32417,-0.94590,1.000,1.000
28.1761,0.01724,-0.31300,-0.94960,1.000,1.000
28.1898,0.02134,-0.29786,-0.95437,1.000,1.000
28.2039,0.02578,-0.27692,-0.96055,1.000,1.000
28.2174,0.03011,-0.25295,-0.96701,1.000,1.000
28.2317,0.03444,-0.22529,-0.97368,1.000,1.000
28.2454,0.03907,-0.19504,-0.98002,1.000,1.000
28.2593,0.04214,-0.15388,-0.98719,1.000,1.000
28.2738,0.04159,-0.11227,-0.99281,1.000,1.000
28.2875,0.04012,-0.07238,-0.99657,1.000,1.000
28.3010,0.03708,-0.03433,-0.99872,1.000,1.000
28.3152,0.03497,-0.00012,-0.99939,1.000,1.000
28.3293,0.03297,0.03128,-0.99897,1.000,1.000
28.3428,0.03307,0.06417,-0.99739,1.000,1.000
28.3574,0.03246,0.09388,-0.99505,1.000,1.000
28.3714,0.03179,0.12389,-0.99179,1.000,1.000
28.3852,0.03185,0.15377,-0.98759,1.000,1.000
28.3992,0.03167,0.18436,-0.98235,1.000,1.000
28.4136,0.02974,0.21442,-0.97629,1.000,1.000
28.4274,0.02688,0.24339,-0.96956,1.000,1.000
28.4413,0.02415,0.27002,-0.96255,1.000,1.000
28.4553,0.02259,0.29304,-0.95583,1.000,1.000
28.4697,0.02082,0.31306,-0.94951,1.000,1.000
28.4831,0.01853,0.33400,-0.94239,1.000,1.000
28.4973,0.01522,0.35350,-0.93531,1.000,1.000
28.5114,0.01120,0.37184,-0.92823,1.000,1.000
28.5251,0.00719,0.38950,-0.92100,1.000,1.000
28.5390,0.00220,0.40221,-0.91555,1.000,1.000
28.5531,-0.00195,0.41144,-0.91144,1.000,1.000
28.5670,-0.00590,0.42020,-0.90741,1.000,1.000
28.5808,-0.00905,0.42607,-0.90465,1.000,1.000
28.5951,-0.01129,0.43378,-0.90095,1.000,1.000
28.6087,-0.01342,0.44068,-0.89756,1.000,1.000
28.6228,-0.01546,0.44866,-0.89357,1.000,1.000
28.6369,-0.01752,0.45495,-0.89034,1.000,1.000
28.6506,-0.01895,0.46071,-0.88735,1.000,1.000
28.6644,-0.01977,0.46320,-0.88604,1.000,1.000
28.6782,-0.02054,0.46209,-0.88659,1.000,1.000
28.6922,-0.02138,0.46003,-0.88765,1.000,1.000
28.7065,-0.02138,0.45582,-0.88982,1.000,1.000
28.7203,-0.02053,0.45080,-0.89239,1.000,1.000
28.7343,-0.01967,0.44735,-0.89414,1.000,1.000
28.7483,-0.01834,0.44447,-0.89561,1.000,1.000
28.7619,-0.01710,0.43990,-0.89788,1.000,1.000
28.7761,-0.01489,0.43579,-0.89992,1.000,1.000
28.7898,-0.01309,0.43207,-0.90175,1.000,1.000
28.8038,-0.01187,0.42799,-0.90371,1.000,1.000
28.8176,-0.01149,0.42406,-0.90556,1.000,1.000
28.8319,-0.01114,0.42076,-0.90710,1.000,1.000
28.8455,-0.00980,0.41799,-0.90840,1.000,1.000
28.8595,-0.00830,0.41481,-0.90987,1.000,1.000
28.8734,-0.00730,0.41218,-0.91107,1.000,1.000
28.8873,-0.00683,0.41010,-0.91202,1.000,1.000
28.9009,-0.00632,0.40803,-0.91295,1.000,1.000
28.9156,-0.00659,0.40524,-0.91419,1.000,1.000
28.9292,-0.00770,0.39999,-0.91649,1.000,1.000
28.9429,-0.00997,0.39135,-0.92019,1.000,1.000
28.9571,-0.01352,0.37991,-0.92493,1.000,1.000
28.9710,-0.01633,0.36829,-0.92957,1.000,1.000
28.9847,-0.01950,0.35463,-0.93480,1.000,1.000
28.9985,-0.02091,0.34373,-0.93884,1.000,1.000
29.0130,-0.02256,0.32990,-0.94375,1.000,1.000
29.0265,-0.02449,0.31597,-0.94846,1.000,1.000
29.0402,-0.02731,0.29965,-0.95366,1.000,1.000
29.0548,-0.03019,0.28171,-0.95902,1.000,1.000
29.0684,-0.03383,0.26265,-0.96430,1.000,1.000
29.0823,-0.03695,0.24199,-0.96957,1.000,1.000
29.0961,-0.04008,0.21603,-0.97556,1.000,1.000
29.1101,-0.04224,0.18597,-0.98165,1.000,1.000
29.1241,-0.04372,0.15044,-0.98765,1.000,1.000
29.1376,-0.04432,0.11655,-0.99220,1.000,1.000
29.1519,-0.04225,0.08771,-0.99525,1.000,1.000
29.1658,-0.03876,0.06511,-0.99713,1.000,1.000
29.1796,-0.03447,0.04411,-0.99843,1.000,1.000
29.1939,-0.03018,0.02331,-0.99927,1.000,1.000
29.2075,-0.02683,0.00495,-0.99963,1.000,1.000
29.2210,-0.02342,-0.01285,-0.99964,1.000,1.000
29.2352,-0.02073,-0.03128,-0.99930,1.000,1.000
29.2489,-0.01651,-0.05232,-0.99849,1.000,1.000
29.2622,-0.01163,-0.07581,-0.99705,1.000,1.000
29.2765,-0.00572,-0.10182,-0.99479,1.000,1.000
29.2903,-0.00002,-0.12153,-0.99259,1.000,1.000
29.3046,0.00586,-0.13194,-0.99124,1.000,1.000
29.3179,0.01122,-0.13492,-0.99079,1.000,1.000
29.3318,0.01768,-0.13825,-0.99024,1.000,1.000
29.3459,0.02725,-0.14108,-0.98962,1.000,1.000
29.3593,0.03725,-0.14398,-0.98888,1.000,1.000
29.3731,0.04610,-0.14660,-0.98812,1.000,1.000
29.3872,0.05387,-0.14598,-0.98782,1.000,1.000
29.4008,0.05981,-0.14745,-0.98726,1.000,1.000
29.4151,0.06599,-0.14956,-0.98655,1.000,1.000
29.4290,0.07118,-0.15375,-0.98554,1.000,1.000
29.4428,0.07424,-0.16218,-0.98397,1.000,1.000
29.4567,0.07571,-0.16927,-0.98266,1.000,1.000
29.4710,0.07547,-0.17327,-0.98198,1.000,1.000
29.4847,0.07632,-0.17378,-0.98182,1.000,1.000
29.4983,0.07772,-0.17031,-0.98232,1.000,1.000
29.5126,0.08086,-0.16590,-0.98282,1.000,1.000
29.5264,0.08489,-0.16542,-0.98256,1.000,1.000
29.5407,0.08896,-0.16904,-0.98159,1.000,1.000
29.5542,0.09274,-0.17360,-0.98044,1.000,1.000
29.5684,0.09624,-0.17906,-0.97912,1.000,1.000
29.5819,0.09958,-0.18351,-0.97796,1.000,1.000
29.5961,0.10282,-0.18716,-0.97693,1.000,1.000
29.6098,0.10582,-0.18922,-0.97622,1.000,1.000
29.6237,0.10855,-0.19131,-0.97551,1.000,1.000
29.6375,0.11091,-0.19233,-0.97504,1.000,1.000
29.6517,0.11301,-0.19312,-0.97465,1.000,1.000
29.6657,0.11531,-0.19290,-0.97442,1.000,1.000
29.6794,0.11810,-0.19364,-0.97394,1.000,1.000
29.6934,0.12222,-0.19558,-0.97304,1.000,1.000
29.7075,0.12733,-0.19724,-0.97205,1.000,1.000
29.7212,0.13268,-0.19895,-0.97099,1.000,1.000
29.7351,0.13802,-0.19769,-0.97050,1.000,1.000
29.7492,0.14240,-0.19573,-0.97026,1.000,1.000
29.7628,0.14596,-0.19452,-0.96998,1.000,1.000
29.7772,0.14889,-0.19382,-0.96967,1.000,1.000
29.7909,0.15240,-0.19420,-0.96905,1.000,1.000
29.8052,0.15724,-0.19395,-0.96833,1.000,1.000
29.8187,0.16466,-0.18955,-0.96797,1.000,1.000
29.8328,0.17513,-0.17853,-0.96822,1.000,1.000
29.8465,0.19002,-0.15730,-0.96910,1.000,1.000
29.8602,0.20626,-0.13269,-0.96946,1.000,1.000
29.8744,0.22137,-0.10804,-0.96919,1.000,1.000
29.8884,0.23667,-0.08265,-0.96807,1.000,1.000
29.9020,0.25213,-0.05791,-0.96596,1.000,1.000
29.9161,0.27019,-0.02592,-0.96246,1.000,1.000
29.9305,0.28781,0.00373,-0.95768,1.000,1.000
29.9440,0.30349,0.03104,-0.95233,1.000,1.000
29.9579,0.32039,0.06028,-0.94537,1.000,1.000
29.9718,0.33722,0.08720,-0.93738,1.000,1.000
29.9858,0.35332,0.11427,-0.92850,1.000,1.000
29.9996,0.36858,0.14067,-0.91889,1.000,1.000
30.0141,0.38200,0.16675,-0.90900,1.000,1.000
30.0275,0.39340,0.19198,-0.89910,1.000,1.000
30.0412,0.40422,0.21414,-0.88924,1.000,1.000
30.0553,0.41498,0.23459,-0.87907,1.000,1.000
30.0694,0.42414,0.25358,-0.86937,1.000,1.000
30.0831,0.43314,0.27394,-0.85869,1.000,1.000
30.0972,0.44300,0.29260,-0.84743,1.000,1.000
30.1112,0.45251,0.30884,-0.83657,1.000,1.000
30.1251,0.46179,0.32200,-0.82648,1.000,1.000
30.1395,0.47312,0.32834,-0.81753,1.000,1.000
30.1529,0.48525,0.33109,-0.80927,1.000,1.000
30.1668,0.49802,0.33229,-0.80097,1.000,1.000
30.1805,0.50957,0.33211,-0.79375,1.000,1.000
30.1949,0.51899,0.32887,-0.78899,1.000,1.000
30.2087,0.52705,0.32604,-0.78480,1.000,1.000
30.2226,0.53302,0.32048,-0.78306,1.000,1.000
30.2364,0.53616,0.31260,-0.78410,1.000,1.000
30.2507,0.53454,0.30273,-0.78906,1.000,1.000
30.2644,0.53085,0.29577,-0.79418,1.000,1.000
30.2780,0.52556,0.29280,-0.79878,1.000,1.000
30.2922,0.52179,0.29143,-0.80175,1.000,1.000
30.3062,0.51628,0.29261,-0.80488,1.000,1.000
30.3199,0.50904,0.29357,-0.80913,1.000,1.000
30.3340,0.49864,0.29244,-0.81599,1.000,1.000
30.3478,0.48918,0.29320,-0.82143,1.000,1.000
30.3619,0.48168,0.29229,-0.82616,1.000,1.000
30.3761,0.47585,0.29281,-0.82935,1.000,1.000
30.3897,0.47089,0.29204,-0.83245,1.000,1.000
30.4035,0.46657,0.28954,-0.83575,1.000,1.000
30.4173,0.46197,0.28479,-0.83993,1.000,1.000
30.4318,0.45714,0.27834,-0.84472,1.000,1.000
30.4452,0.45452,0.27545,-0.84708,1.000,1.000
30.4591,0.45506,0.27171,-0.84799,1.000,1.000
30.4733,0.45840,0.27044,-0.84660,1.000,1.000
30.4870,0.46047,0.26924,-0.84586,1.000,1.000
30.5010,0.46155,0.26423,-0.84685,1.000,1.000
30.5149,0.46085,0.25391,-0.85038,1.000,1.000
30.5289,0.45942,0.24105,-0.85489,1.000,1.000
30.5428,0.45907,0.22718,-0.85886,1.000,1.000
30.5567,0.45996,0.21497,-0.86152,1.000,1.000
30.5707,0.46550,0.20252,-0.86156,1.000,1.000
30.5846,0.47074,0.18724,-0.86217,1.000,1.000
30.5983,0.47764,0.17317,-0.86132,1.000,1.000
30.6130,0.48850,0.15953,-0.85786,1.000,1.000
30.6261,0.49921,0.14958,-0.85347,1.000,1.000
30.6399,0.51116,0.14034,-0.84795,1.000,1.000
30.6543,0.52247,0.12990,-0.84270,1.000,1.000
30.6681,0.53075,0.11573,-0.83959,1.000,1.000
30.6816,0.53845,0.09967,-0.83674,1.000,1.000
30.6959,0.54500,0.07833,-0.83477,1.000,1.000
30.7102,0.55032,0.05482,-0.83316,1.000,1.000
30.7243,0.55287,0.02899,-0.83276,1.000,1.000
30.7374,0.55305,-0.00096,-0.83315,1.000,1.000
30.7516,0.55214,-0.03291,-0.83310,1.000,1.000
30.7657,0.55025,-0.06400,-0.83255,1.000,1.000
30.7794,0.54642,-0.09129,-0.83252,1.000,1.000
30.7937,0.54040,-0.11644,-0.83331,1.000,1.000
30.8071,0.52960,-0.14212,-0.83626,1.000,1.000
30.8209,0.51230,-0.17064,-0.84168,1.000,1.000
30.8353,0.49195,-0.18823,-0.85003,1.000,1.000
30.8491,0.46948,-0.20113,-0.85973,1.000,1.000
30.8632,0.44599,-0.20340,-0.87162,1.000,1.000
30.8768,0.42136,-0.20443,-0.88355,1.000,1.000
30.8909,0.39317,-0.21197,-0.89470,1.000,1.000
30.9050,0.36262,-0.22546,-0.90425,1.000,1.000
30.9184,0.33067,-0.24004,-0.91271,1.000,1.000
30.9325,0.30069,-0.25046,-0.92025,1.000,1.000
30.9465,0.27619,-0.24857,-0.92841,1.000,1.000
30.9602,0.25492,-0.24270,-0.93601,1.000,1.000
30.9745,0.23745,-0.23785,-0.94183,1.000,1.000
30.9882,0.22655,-0.23488,-0.94525,1.000,1.000
31.0018,0.22866,-0.23473,-0.94479,1.000,1.000
31.0162,0.24166,-0.23657,-0.94108,1.000,1.000
31.0303,0.26429,-0.23866,-0.93445,1.000,1.000
31.0438,0.29674,-0.24524,-0.92293,1.000,1.000
31.0575,0.33999,-0.25900,-0.90406,1.000,1.000
31.0718,0.38265,-0.27082,-0.88331,1.000,1.000
31.0859,0.43153,-0.28398,-0.85624,1.000,1.000
31.0999,0.47498,-0.29717,-0.82830,1.000,1.000
31.1135,0.51329,-0.30824,-0.80095,1.000,1.000
31.1275,0.54367,-0.31954,-0.77609,1.000,1.000
31.1411,0.56213,-0.32772,-0.75935,1.000,1.000
31.1551,0.56904,-0.33170,-0.75245,1.000,1.000
31.1693,0.56216,-0.33288,-0.75708,1.000,1.000
31.1829,0.54111,-0.33220,-0.77255,1.000,1.000
31.1973,0.51432,-0.33373,-0.79000,1.000,1.000
31.2112,0.46617,-0.33648,-0.81821,1.000,1.000
31.2249,0.41535,-0.33937,-0.84398,1.000,1.000
31.2387,0.35236,-0.34168,-0.87126,1.000,1.000
31.2529,0.28447,-0.34174,-0.89571,1.000,1.000
31.2669,0.20796,-0.34072,-0.91688,1.000,1.000
31.2804,0.13298,-0.33283,-0.93356,1.000,1.000
31.2945,0.05467,-0.32001,-0.94584,1.000,1.000
31.3085,-0.02247,-0.30007,-0.95365,1.000,1.000
31.3224,-0.09308,-0.27300,-0.95750,1.000,1.000
31.3362,-0.15402,-0.24152,-0.95809,1.000,1.000
31.3504,-0.19323,-0.21133,-0.95812,1.000,1.000
31.3641,-0.21313,-0.19020,-0.95833,1.000,1.000
31.3782,-0.21108,-0.17982,-0.96079,1.000,1.000
31.3927,-0.20598,-0.17551,-0.96269,1.000,1.000
31.4061,-0.18397,-0.18049,-0.96622,1.000,1.000
31.4195,-0.15046,-0.18868,-0.97044,1.000,1.000
31.4336,-0.10044,-0.19957,-0.97472,1.000,1.000
31.4478,-0.03733,-0.21172,-0.97662,1.000,1.000
31.4616,0.02804,-0.22530,-0.97389,1.000,1.000
31.4756,0.09930,-0.23318,-0.96735,1.000,1.000
31.4899,0.18017,-0.23424,-0.95534,1.000,1.000
31.5033,0.26236,-0.23150,-0.93679,1.000,1.000
31.5171,0.34066,-0.22569,-0.91270,1.000,1.000
31.5313,0.41142,-0.21798,-0.88500,1.000,1.000
31.5452,0.46954,-0.20857,-0.85792,1.000,1.000
31.5590,0.51411,-0.19445,-0.83540,1.000,1.000
31.5729,0.53862,-0.17478,-0.82422,1.000,1.000
31.5869,0.53735,-0.14972,-0.82996,1.000,1.000
31.6008,0.52465,-0.12748,-0.84172,1.000,1.000
31.6151,0.48372,-0.10577,-0.86881,1.000,1.000
31.6287,0.43687,-0.09125,-0.89489,1.000,1.000
31.6424,0.37750,-0.07805,-0.92272,1.000,1.000
31.6564,0.32038,-0.06657,-0.94495,1.000,1.000
31.6706,0.24715,-0.04848,-0.96776,1.000,1.000
31.6848,0.16409,-0.01947,-0.98625,1.000,1.000
31.6985,0.07457,0.01907,-0.99703,1.000,1.000
31.7124,-0.01469,0.05458,-0.99840,1.000,1.000
31.7264,-0.10368,0.08687,-0.99081,1.000,1.000
31.7406,-0.18981,0.12018,-0.97444,1.000,1.000
31.7545,-0.27138,0.15572,-0.94979,1.000,1.000
31.7679,-0.34666,0.19298,-0.91793,1.000,1.000
31.7817,-0.41181,0.23009,-0.88174,1.000,1.000
31.7959,-0.46760,0.26514,-0.84324,1.000,1.000
31.8102,-0.51280,0.29412,-0.80655,1.000,1.000
31.8241,-0.55353,0.30857,-0.77355,1.000,1.000
31.8383,-0.57834,0.31955,-0.75061,1.000,1.000
31.8528,-0.58867,0.33189,-0.73710,1.000,1.000
31.8664,-0.59166,0.33726,-0.73225,1.000,1.000
31.8800,-0.58108,0.34100,-0.73896,1.000,1.000
31.8943,-0.56007,0.33823,-0.75626,1.000,1.000
31.9085,-0.52663,0.32875,-0.78395,1.000,1.000
31.9221,-0.49452,0.32035,-0.80798,1.000,1.000
31.9363,-0.45335,0.31554,-0.83361,1.000,1.000
31.9503,-0.41360,0.31486,-0.85428,1.000,1.000
31.9643,-0.35433,0.31727,-0.87965,1.000,1.000
31.9781,-0.28130,0.31377,-0.90688,1.000,1.000
31.9922,-0.19812,0.30482,-0.93158,1.000,1.000
32.0062,-0.12024,0.29025,-0.94937,1.000,1.000
32.0192,-0.05120,0.27083,-0.96127,1.000,1.000
32.0336,0.01008,0.25587,-0.96666,1.000,1.000
32.0473,0.06613,0.24344,-0.96766,1.000,1.000
32.0605,0.12071,0.23411,-0.96469,1.000,1.000
32.0745,0.17873,0.22159,-0.95862,1.000,1.000
32.0886,0.23787,0.20302,-0.94984,1.000,1.000
32.1026,0.29845,0.17835,-0.93762,1.000,1.000
32.1163,0.35530,0.14868,-0.92285,1.000,1.000
32.1299,0.40650,0.11451,-0.90645,1.000,1.000
32.1443,0.45171,0.07486,-0.88902,1.000,1.000
32.1579,0.49337,0.03266,-0.86921,1.000,1.000
32.1719,0.53069,-0.01834,-0.84737,1.000,1.000
32.1860,0.56410,-0.06778,-0.82292,1.000,1.000
32.1996,0.58881,-0.10237,-0.80176,1.000,1.000
32.2137,0.60442,-0.13354,-0.78539,1.000,1.000
32.2275,0.60947,-0.16139,-0.77621,1.000,1.000
32.2417,0.60713,-0.19590,-0.77007,1.000,1.000
32.2554,0.59738,-0.22975,-0.76835,1.000,1.000
32.2690,0.58441,-0.25824,-0.76927,1.000,1.000
32.2829,0.57210,-0.28549,-0.76889,1.000,1.000
32.2971,0.55047,-0.30346,-0.77775,1.000,1.000
32.3111,0.52303,-0.31960,-0.79013,1.000,1.000
32.3247,0.49221,-0.33248,-0.80448,1.000,1.000
32.3381,0.45825,-0.34933,-0.81730,1.000,1.000
32.3533,0.41942,-0.36426,-0.83150,1.000,1.000
32.3667,0.37740,-0.37442,-0.84698,1.000,1.000
32.3805,0.33313,-0.37846,-0.86360,1.000,1.000
32.3949,0.28912,-0.38157,-0.87796,1.000,1.000
32.4082,0.24640,-0.38601,-0.88898,1.000,1.000
32.4218,0.20695,-0.39139,-0.89665,1.000,1.000
32.4358,0.17512,-0.39899,-0.90008,1.000,1.000
32.4503,0.15469,-0.39810,-0.90420,1.000,1.000
32.4636,0.14319,-0.38955,-0.90981,1.000,1.000
32.4773,0.13302,-0.38411,-0.91366,1.000,1.000
32.4917,0.12470,-0.38237,-0.91555,1.000,1.000
32.5059,0.11846,-0.38680,-0.91453,1.000,1.000
32.5193,0.11798,-0.39090,-0.91284,1.000,1.000
32.5343,0.12687,-0.39290,-0.91079,1.000,1.000
32.5475,0.14043,-0.39007,-0.91001,1.000,1.000
32.5613,0.15786,-0.38601,-0.90889,1.000,1.000
32.5755,0.17471,-0.38650,-0.90559,1.000,1.000
32.5893,0.18923,-0.39021,-0.90107,1.000,1.000
32.6028,0.20850,-0.39901,-0.89293,1.000,1.000
32.6173,0.22683,-0.40717,-0.88474,1.000,1.000
32.6312,0.24449,-0.41378,-0.87693,1.000,1.000
32.6454,0.25857,-0.41622,-0.87172,1.000,1.000
32.6584,0.26835,-0.41700,-0.86839,1.000,1.000
32.6729,0.27196,-0.41564,-0.86792,1.000,1.000
32.6871,0.27248,-0.41483,-0.86814,1.000,1.000
32.7002,0.26790,-0.41461,-0.86967,1.000,1.000
32.7146,0.25851,-0.41588,-0.87190,1.000,1.000
32.7285,0.24844,-0.41794,-0.87384,1.000,1.000
32.7421,0.23285,-0.42114,-0.87660,1.000,1.000
32.7564,0.21851,-0.42299,-0.87940,1.000,1.000
32.7703,0.20587,-0.42429,-0.88181,1.000,1.000
32.7841,0.19468,-0.42573,-0.88366,1.000,1.000
32.7981,0.18678,-0.42643,-0.88503,1.000,1.000
32.8122,0.18314,-0.42702,-0.88550,1.000,1.000
32.8258,0.18392,-0.42679,-0.88545,1.000,1.000
32.8403,0.18624,-0.42693,-0.88490,1.000,1.000
32.8545,0.19042,-0.42729,-0.88384,1.000,1.000
32.8681,0.19354,-0.42847,-0.88259,1.000,1.000
32.8810,0.19704,-0.43034,-0.88090,1.000,1.000
32.8954,0.20082,-0.43346,-0.87851,1.000,1.000
32.9095,0.20458,-0.43586,-0.87646,1.000,1.000
32.9235,0.20832,-0.43608,-0.87546,1.000,1.000
32.9368,0.21116,-0.43601,-0.87482,1.000,1.000
32.9513,0.21338,-0.43595,-0.87431,1.000,1.000
32.9650,0.21440,-0.43705,-0.87351,1.000,1.000
32.9791,0.21372,-0.43878,-0.87281,1.000,1.000
32.9933,0.21287,-0.43957,-0.87262,1.000,1.000
33.0068,0.21174,-0.43897,-0.87320,1.000,1.000
33.0206,0.21108,-0.43755,-0.87407,1.000,1.000
33.0351,0.21050,-0.43661,-0.87468,1.000,1.000
33.0494,0.20972,-0.43760,-0.87437,1.000,1.000
33.0624,0.20947,-0.43799,-0.87423,1.000,1.000
33.0770,0.20946,-0.43902,-0.87372,1.000,1.000
33.0907,0.21053,-0.43832,-0.87381,1.000,1.000
33.1041,0.21214,-0.43659,-0.87429,1.000,1.000
33.1176,0.21394,-0.43569,-0.87430,1.000,1.000
33.1321,0.21568,-0.43457,-0.87443,1.000,1.000
33.1461,0.21715,-0.43483,-0.87394,1.000,1.000
33.1597,0.21787,-0.43543,-0.87346,1.000,1.000
33.1742,0.21838,-0.43556,-0.87327,1.000,1.000
33.1876,0.21887,-0.43659,-0.87263,1.000,1.000
33.2021,0.21959,-0.43897,-0.87125,1.000,1.000
33.2164,0.22093,-0.44123,-0.86978,1.000,1.000
33.2301,0.22244,-0.44327,-0.86835,1.000,1.000
33.2431,0.22442,-0.44333,-0.86781,1.000,1.000
33.2572,0.22654,-0.44248,-0.86769,1.000,1.000
33.2715,0.22873,-0.44102,-0.86786,1.000,1.000
33.2860,0.23050,-0.44069,-0.86756,1.000,1.000
33.2992,0.23214,-0.44070,-0.86712,1.000,1.000
33.3137,0.23341,-0.44132,-0.86646,1.000,1.000
33.3273,0.23459,-0.44206,-0.86577,1.000,1.000
33.3414,0.23517,-0.44270,-0.86528,1.000,1.000
33.3554,0.23552,-0.44353,-0.86476,1.000,1.000
33.3689,0.23538,-0.44410,-0.86451,1.000,1.000
33.3828,0.23553,-0.44306,-0.86500,1.000,1.000
33.3972,0.23590,-0.44102,-0.86594,1.000,1.000
33.4107,0.23630,-0.43790,-0.86741,1.000,1.000
33.4245,0.23728,-0.43348,-0.86936,1.000,1.000
33.4382,0.23783,-0.42872,-0.87157,1.000,1.000
33.4530,0.23775,-0.42373,-0.87403,1.000,1.000
33.4667,0.23732,-0.41825,-0.87678,1.000,1.000
33.4802,0.23624,-0.41205,-0.88000,1.000,1.000
33.4945,0.23412,-0.40183,-0.88528,1.000,1.000
33.5082,0.23219,-0.38950,-0.89128,1.000,1.000
33.5222,0.23078,-0.37262,-0.89883,1.000,1.000
33.5360,0.23080,-0.35449,-0.90613,1.000,1.000
33.5499,0.23024,-0.33397,-0.91403,1.000,1.000
33.5638,0.23014,-0.31138,-0.92200,1.000,1.000
33.5781,0.22849,-0.28859,-0.92979,1.000,1.000
33.5916,0.22787,-0.26058,-0.93818,1.000,1.000
33.6056,0.22840,-0.22919,-0.94621,1.000,1.000
33.6190,0.22996,-0.19836,-0.95277,1.000,1.000
33.6335,0.22997,-0.16888,-0.95843,1.000,1.000
33.6476,0.22985,-0.13946,-0.96318,1.000,1.000
33.6609,0.22939,-0.10619,-0.96752,1.000,1.000
33.6751,0.22941,-0.06653,-0.97106,1.000,1.000
33.6891,0.23093,-0.01131,-0.97290,1.000,1.000
33.7031,0.23059,0.04615,-0.97196,1.000,1.000
33.7173,0.22952,0.10677,-0.96743,1.000,1.000
33.7307,0.22838,0.16264,-0.95989,1.000,1.000
33.7448,0.22857,0.21880,-0.94862,1.000,1.000
33.7585,0.22771,0.27022,-0.93548,1.000,1.000
33.7725,0.22561,0.31189,-0.92294,1.000,1.000
33.7868,0.22163,0.34480,-0.91214,1.000,1.000
33.8012,0.21629,0.36784,-0.90439,1.000,1.000
33.8153,0.21118,0.38748,-0.89736,1.000,1.000
33.8298,0.20453,0.39862,-0.89402,1.000,1.000
33.8422,0.19840,0.40670,-0.89176,1.000,1.000
33.8566,0.19272,0.41132,-0.89088,1.000,1.000
33.8707,0.18891,0.41575,-0.88964,1.000,1.000
33.8846,0.18731,0.41752,-0.88915,1.000,1.000
33.8981,0.18653,0.42088,-0.88773,1.000,1.000
33.9126,0.18501,0.42300,-0.88704,1.000,1.000
33.9263,0.18243,0.42381,-0.88719,1.000,1.000
33.9398,0.17963,0.42231,-0.88847,1.000,1.000
33.9539,0.17741,0.41652,-0.89165,1.000,1.000
33.9681,0.17579,0.40753,-0.89611,1.000,1.000
33.9814,0.17444,0.39764,-0.90081,1.000,1.000
33.9961,0.17314,0.38478,-0.90662,1.000,1.000
34.0097,0.17075,0.36949,-0.91342,1.000,1.000
34.0231,0.16887,0.35271,-0.92037,1.000,1.000
34.0378,0.16716,0.33746,-0.92638,1.000,1.000
34.0519,0.16530,0.32140,-0.93240,1.000,1.000
34.0655,0.16313,0.30246,-0.93910,1.000,1.000
34.0788,0.16148,0.28191,-0.94575,1.000,1.000
34.0935,0.15923,0.25672,-0.95328,1.000,1.000
34.1075,0.15687,0.23196,-0.95999,1.000,1.000
34.1207,0.15559,0.20831,-0.96561,1.000,1.000
34.1350,0.15482,0.18885,-0.96973,1.000,1.000
34.1491,0.15411,0.17144,-0.97307,1.000,1.000
34.1626,0.15392,0.15389,-0.97603,1.000,1.000
34.1773,0.15382,0.13390,-0.97898,1.000,1.000
34.1907,0.15431,0.11264,-0.98158,1.000,1.000
34.2046,0.15586,0.09669,-0.98304,1.000,1.000
34.2180,0.15740,0.08656,-0.98373,1.000,1.000
34.2329,0.15893,0.08115,-0.98395,1.000,1.000
34.2468,0.16084,0.07613,-0.98404,1.000,1.000
34.2603,0.16379,0.07341,-0.98376,1.000,1.000
34.2743,0.16651,0.07247,-0.98337,1.000,1.000
34.2886,0.16798,0.06941,-0.98334,1.000,1.000
34.3016,0.16826,0.06557,-0.98356,1.000,1.000
34.3160,0.16788,0.06077,-0.98393,1.000,1.000
34.3299,0.16762,0.05594,-0.98426,1.000,1.000
34.3434,0.16837,0.05257,-0.98432,1.000,1.000
34.3578,0.17032,0.05338,-0.98394,1.000,1.000
34.3710,0.17225,0.05408,-0.98357,1.000,1.000
34.3850,0.17384,0.05364,-0.98331,1.000,1.000
34.3989,0.17476,0.05171,-0.98325,1.000,1.000
34.4132,0.17527,0.04932,-0.98328,1.000,1.000
34.4266,0.17572,0.04674,-0.98333,1.000,1.000
34.4405,0.17691,0.04623,-0.98314,1.000,1.000
34.4552,0.17919,0.04710,-0.98269,1.000,1.000
34.4689,0.18225,0.04883,-0.98204,1.000,1.000
34.4825,0.18570,0.05050,-0.98131,1.000,1.000
34.4963,0.18928,0.05175,-0.98056,1.000,1.000
34.5105,0.19320,0.05199,-0.97978,1.000,1.000
34.5242,0.19718,0.05113,-0.97903,1.000,1.000
34.5381,0.20144,0.05139,-0.97815,1.000,1.000
34.5522,0.20508,0.05150,-0.97739,1.000,1.000
34.5660,0.20766,0.05083,-0.97688,1.000,1.000
34.5802,0.20863,0.04812,-0.97681,1.000,1.000
34.5950,0.20831,0.04358,-0.97709,1.000,1.000
34.6087,0.20668,0.03681,-0.97772,1.000,1.000
34.6219,0.20386,0.03021,-0.97853,1.000,1.000
34.6363,0.20155,0.02456,-0.97917,1.000,1.000
34.6505,0.20023,0.01915,-0.97956,1.000,1.000
34.6641,0.19950,0.01396,-0.97980,1.000,1.000
34.6774,0.19899,0.00832,-0.97997,1.000,1.000
34.6922,0.19789,0.00248,-0.98022,1.000,1.000
34.7060,0.19644,-0.00241,-0.98051,1.000,1.000
34.7193,0.19475,-0.00644,-0.98083,1.000,1.000
34.7336,0.19269,-0.00977,-0.98121,1.000,1.000
34.7484,0.19073,-0.01341,-0.98155,1.000,1.000
34.7614,0.18936,-0.01711,-0.98176,1.000,1.000
34.7755,0.18852,-0.01997,-0.98187,1.000,1.000
34.7896,0.18788,-0.02229,-0.98194,1.000,1.000
34.8032,0.18757,-0.02636,-0.98190,1.000,1.000
34.8171,0.18719,-0.03243,-0.98179,1.000,1.000
34.8314,0.18596,-0.04015,-0.98174,1.000,1.000
34.8444,0.18429,-0.04916,-0.98164,1.000,1.000
34.8581,0.18201,-0.05688,-0.98165,1.000,1.000
34.8723,0.17886,-0.06188,-0.98193,1.000,1.000
34.8861,0.17581,-0.06483,-0.98229,1.000,1.000
34.8997,0.17246,-0.06805,-0.98266,1.000,1.000
34.9142,0.16955,-0.07444,-0.98271,1.000,1.000
34.9279,0.16762,-0.08215,-0.98242,1.000,1.000
34.9420,0.16634,-0.09016,-0.98194,1.000,1.000
34.9558,0.16492,-0.09645,-0.98158,1.000,1.000
34.9697,0.16393,-0.10078,-0.98131,1.000,1.000
34.9838,0.16249,-0.10598,-0.98100,1.000,1.000
34.9973,0.16018,-0.11315,-0.98058,1.000,1.000
35.0117,0.15671,-0.12381,-0.97985,1.000,1.000
35.0255,0.15258,-0.13752,-0.97868,1.000,1.000
35.0392,0.14776,-0.15280,-0.97715,1.000,1.000
35.0536,0.14251,-0.16796,-0.97544,1.000,1.000
35.0674,0.13696,-0.18214,-0.97369,1.000,1.000
35.0811,0.13097,-0.19667,-0.97168,1.000,1.000
35.0952,0.12500,-0.21326,-0.96897,1.000,1.000
35.1091,0.11847,-0.23057,-0.96582,1.000,1.000
35.1229,0.11204,-0.24868,-0.96208,1.000,1.000
35.1368,0.10701,-0.26327,-0.95877,1.000,1.000
35.1510,0.10430,-0.27316,-0.95630,1.000,1.000
35.1648,0.10248,-0.27920,-0.95475,1.000,1.000
35.1785,0.10013,-0.28536,-0.95317,1.000,1.000
35.1931,0.09704,-0.29160,-0.95161,1.000,1.000
35.2071,0.09270,-0.29903,-0.94973,1.000,1.000
35.2202,0.08900,-0.30701,-0.94754,1.000,1.000
35.2345,0.08635,-0.31335,-0.94570,1.000,1.000
35.2486,0.08568,-0.31658,-0.94469,1.000,1.000
35.2619,0.08602,-0.31689,-0.94455,1.000,1.000
35.2761,0.08716,-0.31517,-0.94502,1.000,1.000
35.2903,0.08876,-0.31125,-0.94617,1.000,1.000
35.3041,0.08978,-0.30977,-0.94656,1.000,1.000
35.3176,0.09219,-0.30825,-0.94683,1.000,1.000
35.3321,0.09505,-0.30723,-0.94688,1.000,1.000
35.3457,0.09882,-0.30519,-0.94715,1.000,1.000
35.3596,0.10312,-0.30112,-0.94800,1.000,1.000
35.3734,0.10811,-0.29532,-0.94926,1.000,1.000
35.3874,0.11349,-0.28840,-0.95076,1.000,1.000
35.4012,0.11912,-0.28167,-0.95209,1.000,1.000
35.4154,0.12455,-0.27529,-0.95326,1.000,1.000
35.4293,0.12913,-0.27021,-0.95410,1.000,1.000
35.4429,0.13330,-0.26592,-0.95474,1.000,1.000
35.4575,0.13806,-0.26061,-0.95552,1.000,1.000
35.4711,0.14283,-0.25439,-0.95650,1.000,1.000
35.4852,0.14821,-0.24527,-0.95806,1.000,1.000
35.4985,0.15280,-0.23692,-0.95944,1.000,1.000
35.5129,0.15647,-0.23072,-0.96036,1.000,1.000
35.5266,0.15935,-0.22526,-0.96118,1.000,1.000
35.5405,0.16269,-0.21826,-0.96223,1.000,1.000
35.5546,0.16551,-0.20948,-0.96370,1.000,1.000
35.5688,0.16766,-0.20025,-0.96529,1.000,1.000
35.5823,0.16962,-0.19290,-0.96645,1.000,1.000
35.5966,0.17087,-0.18675,-0.96743,1.000,1.000
35.6102,0.17100,-0.18290,-0.96814,1.000,1.000
35.6245,0.17096,-0.17927,-0.96883,1.000,1.000
35.6378,0.17012,-0.17652,-0.96949,1.000,1.000
35.6524,0.16855,-0.17390,-0.97023,1.000,1.000
35.6662,0.16713,-0.17103,-0.97099,1.000,1.000
35.6796,0.16497,-0.16950,-0.97163,1.000,1.000
35.6939,0.16238,-0.16873,-0.97220,1.000,1.000
35.7078,0.15999,-0.16853,-0.97263,1.000,1.000
35.7214,0.15684,-0.16907,-0.97305,1.000,1.000
35.7355,0.15353,-0.16977,-0.97345,1.000,1.000
35.7496,0.14971,-0.17130,-0.97378,1.000,1.000
35.7635,0.14587,-0.17241,-0.97417,1.000,1.000
35.7776,0.14226,-0.17258,-0.97467,1.000,1.000
35.7913,0.13945,-0.17256,-0.97508,1.000,1.000
35.8051,0.13679,-0.17260,-0.97545,1.000,1.000
35.8190,0.13411,-0.17286,-0.97577,1.000,1.000
35.8333,0.13086,-0.17505,-0.97583,1.000,1.000
35.8468,0.12761,-0.17672,-0.97595,1.000,1.000
35.8604,0.12457,-0.17783,-0.97614,1.000,1.000
