timestamp,gaze_x,gaze_y,gaze_z,pupil,openness
0.0021,-0.01400,0.00000,0.99990,1.000,1.000
0.0109,-0.01400,0.00000,0.99990,1.000,1.000
0.0149,-0.01400,0.00000,0.99990,1.000,1.000
0.0185,-0.01400,0.00000,0.99990,1.000,1.000
0.0213,-0.01400,0.00000,0.99990,1.000,1.000
0.0236,-0.01400,0.00000,0.99990,1.000,1.000
0.0263,-0.01400,0.00000,0.99990,1.000,1.000
0.0290,-0.01400,0.00000,0.99990,1.000,1.000
0.0315,-0.01400,0.00000,0.99990,1.000,1.000
0.0340,-0.01400,0.00000,0.99990,1.000,1.000
0.0367,-0.01400,0.00000,0.99990,1.000,1.000
0.0395,-0.01400,0.00000,0.99990,1.000,1.000
0.0424,-0.01400,0.00000,0.99990,1.000,1.000
0.0451,-0.01400,0.00000,0.99990,1.000,1.000
0.0478,-0.01400,0.00000,0.99990,1.000,1.000
0.0503,-0.01400,0.00000,0.99990,1.000,1.000
0.0531,-0.01400,0.00000,0.99990,1.000,1.000
0.0555,-0.01400,0.00000,0.99990,1.000,1.000
0.0583,-0.01400,0.00000,0.99990,1.000,1.000
0.0607,-0.01400,0.00000,0.99990,1.000,1.000
0.0630,-0.01400,0.00000,0.99990,1.000,1.000
0.0657,-0.01400,0.00000,0.99990,1.000,1.000
0.0683,-0.01400,0.00000,0.99990,1.000,1.000
0.0711,-0.01400,0.00000,0.99990,1.000,1.000
0.0737,-0.01400,0.00000,0.99990,1.000,1.000
0.0770,-0.01400,0.00000,0.99990,1.000,1.000
0.0795,-0.01400,0.00000,0.99990,1.000,1.000
0.0825,-0.01400,0.00000,0.99990,1.000,1.000
0.0852,-0.01400,0.00000,0.99990,1.000,1.000
0.0882,-0.01400,0.00000,0.99990,1.000,1.000
0.0906,-0.01400,0.00000,0.99990,1.000,1.000
0.0930,-0.01400,0.00000,0.99990,1.000,1.000
0.0952,-0.01400,0.00000,0.99990,1.000,1.000
0.0977,-0.01400,0.00000,0.99990,1.000,1.000
0.1001,-0.01400,0.00000,0.99990,1.000,1.000
0.1021,-0.01400,0.00000,0.99990,1.000,1.000
0.1045,-0.01400,0.00000,0.99990,1.000,1.000
0.1068,-0.01400,0.00000,0.99990,1.000,1.000
0.1088,-0.01400,0.00000,0.99990,1.000,1.000
0.1113,-0.01400,0.00000,0.99990,1.000,1.000
0.1138,-0.01400,0.00000,0.99990,1.000,1.000
0.1168,-0.01400,0.00000,0.99990,1.000,1.000
0.1195,-0.01400,0.00000,0.99990,1.000,1.000
0.1219,-0.01400,0.00000,0.99990,1.000,1.000
0.1244,-0.01400,0.00000,0.99990,1.000,1.000
0.1268,-0.01400,0.00000,0.99990,1.000,1.000
0.1325,-0.01400,0.00000,0.99990,1.000,1.000
0.1355,-0.01400,0.00000,0.99990,1.000,1.000
0.1386,-0.01400,0.00000,0.99990,1.000,1.000
0.1410,-0.01400,0.00000,0.99990,1.000,1.000
0.1434,-0.01400,0.00000,0.99990,1.000,1.000
0.1455,-0.01400,0.00000,0.99990,1.000,1.000
0.1478,-0.01400,0.00000,0.99990,1.000,1.000
0.1501,-0.01400,0.00000,0.99990,1.000,1.000
0.1532,-0.01400,0.00000,0.99990,1.000,1.000
0.1563,-0.01400,0.00000,0.99990,1.000,1.000
0.1589,-0.01400,0.00000,0.99990,1.000,1.000
0.1613,-0.01400,0.00000,0.99990,1.000,1.000
0.1635,-0.01400,0.00000,0.99990,1.000,1.000
0.1661,-0.01400,0.00000,0.99990,1.000,1.000
0.1690,-0.01400,0.00000,0.99990,1.000,1.000
0.1714,-0.01400,0.00000,0.99990,1.000,1.000
0.1740,-0.01400,0.00000,0.99990,1.000,1.000
0.1765,-0.01400,0.00000,0.99990,1.000,1.000
0.1788,-0.01400,0.00000,0.99990,1.000,1.000
0.1812,-0.01400,0.00000,0.99990,1.000,1.000
0.1835,-0.01400,0.00000,0.99990,1.000,1.000
0.1857,-0.01400,0.00000,0.99990,1.000,1.000
0.1885,-0.01400,0.00000,0.99990,1.000,1.000
0.1914,-0.01400,0.00000,0.99990,1.000,1.000
0.1942,-0.01400,0.00000,0.99990,1.000,1.000
0.1968,-0.01400,0.00000,0.99990,1.000,1.000
0.1993,-0.01400,0.00000,0.99990,1.000,1.000
0.2022,-0.01400,0.00000,0.99990,1.000,1.000
0.2049,-0.01400,0.00000,0.99990,1.000,1.000
0.2072,-0.01400,0.00000,0.99990,1.000,1.000
0.2096,-0.01400,0.00000,0.99990,1.000,1.000
0.2117,-0.01400,0.00000,0.99990,1.000,1.000
0.2140,-0.01400,0.00000,0.99990,1.000,1.000
0.2164,-0.01400,0.00000,0.99990,1.000,1.000
0.2185,-0.01400,0.00000,0.99990,1.000,1.000
0.2209,-0.01400,0.00000,0.99990,1.000,1.000
0.2229,-0.01400,0.00000,0.99990,1.000,1.000
0.2255,-0.01400,0.00000,0.99990,1.000,1.000
0.2283,-0.01400,0.00000,0.99990,1.000,1.000
0.2310,-0.01400,0.00000,0.99990,1.000,1.000
0.2336,-0.01400,0.00000,0.99990,1.000,1.000
0.2370,-0.01400,0.00000,0.99990,1.000,1.000
0.2395,-0.01400,0.00000,0.99990,1.000,1.000
0.2417,-0.01400,0.00000,0.99990,1.000,1.000
0.2439,-0.01400,0.00000,0.99990,1.000,1.000
0.2463,-0.01400,0.00000,0.99990,1.000,1.000
0.2483,-0.01400,0.00000,0.99990,1.000,1.000
0.2504,-0.01400,0.00000,0.99990,1.000,1.000
0.2525,-0.01400,0.00000,0.99990,1.000,1.000
0.2547,-0.01400,0.00000,0.99990,1.000,1.000
0.2573,-0.01400,0.00000,0.99990,1.000,1.000
0.2595,-0.01400,0.00000,0.99990,1.000,1.000
0.2626,-0.01400,0.00000,0.99990,1.000,1.000
0.2655,-0.01400,0.00000,0.99990,1.000,1.000
0.2682,-0.01400,0.00000,0.99990,1.000,1.000
0.2709,-0.01400,0.00000,0.99990,1.000,1.000
0.2734,-0.01400,0.00000,0.99990,1.000,1.000
0.2768,-0.01400,0.00000,0.99990,1.000,1.000
0.2792,-0.01400,0.00000,0.99990,1.000,1.000
0.2816,-0.01400,0.00000,0.99990,1.000,1.000
0.2843,-0.01400,0.00000,0.99990,1.000,1.000
0.2866,-0.01400,0.00000,0.99990,1.000,1.000
0.2889,-0.01400,0.00000,0.99990,1.000,1.000
0.2910,-0.01400,0.00000,0.99990,1.000,1.000
0.2935,-0.01400,0.00000,0.99990,1.000,1.000
0.2962,-0.01400,0.00000,0.99990,1.000,1.000
0.3000,-0.01400,0.00000,0.99990,1.000,1.000
0.3031,-0.01400,0.00000,0.99990,1.000,1.000
0.3060,-0.01400,0.00000,0.99990,1.000,1.000
0.3091,-0.01400,0.00000,0.99990,1.000,1.000
0.3122,-0.01400,0.00000,0.99990,1.000,1.000
0.3149,-0.01400,0.00000,0.99990,1.000,1.000
0.3177,-0.01400,0.00000,0.99990,1.000,1.000
0.3204,-0.01400,0.00000,0.99990,1.000,1.000
0.3231,-0.01400,0.00000,0.99990,1.000,1.000
0.3256,-0.01400,0.00000,0.99990,1.000,1.000
0.3281,-0.01400,0.00000,0.99990,1.000,1.000
0.3309,-0.01400,0.00000,0.99990,1.000,1.000
0.3334,-0.01400,0.00000,0.99990,1.000,1.000
0.3372,-0.01400,0.00000,0.99990,1.000,1.000
0.3399,-0.01400,0.00000,0.99990,1.000,1.000
0.3427,-0.01400,0.00000,0.99990,1.000,1.000
0.3455,-0.01400,0.00000,0.99990,1.000,1.000
0.3479,-0.01400,0.00000,0.99990,1.000,1.000
0.3504,-0.01400,0.00000,0.99990,1.000,1.000
0.3528,-0.01400,0.00000,0.99990,1.000,1.000
0.3553,-0.01400,0.00000,0.99990,1.000,1.000
0.3578,-0.01400,0.00000,0.99990,1.000,1.000
0.3604,-0.01400,0.00000,0.99990,1.000,1.000
0.3626,-0.01400,0.00000,0.99990,1.000,1.000
0.3646,-0.01400,0.00000,0.99990,1.000,1.000
0.3669,-0.01400,0.00000,0.99990,1.000,1.000
0.3692,-0.01400,0.00000,0.99990,1.000,1.000
0.3718,-0.01400,0.00000,0.99990,1.000,1.000
0.3745,-0.01400,0.00000,0.99990,1.000,1.000
0.3782,-0.01400,0.00000,0.99990,1.000,1.000
0.3813,-0.01400,0.00000,0.99990,1.000,1.000
0.3840,-0.01400,0.00000,0.99990,1.000,1.000
0.3868,-0.01400,0.00000,0.99990,1.000,1.000
0.3894,-0.01400,0.00000,0.99990,1.000,1.000
0.3920,-0.01400,0.00000,0.99990,1.000,1.000
0.3943,-0.01400,0.00000,0.99990,1.000,1.000
0.3967,-0.01400,0.00000,0.99990,1.000,1.000
0.3991,-0.01400,0.00000,0.99990,1.000,1.000
0.4015,-0.01400,0.00000,0.99990,1.000,1.000
0.4042,-0.01400,0.00000,0.99990,1.000,1.000
0.4065,-0.01400,0.00000,0.99990,1.000,1.000
0.4090,-0.01400,0.00000,0.99990,1.000,1.000
0.4117,-0.01400,0.00000,0.99990,1.000,1.000
0.4157,-0.01400,0.00000,0.99990,1.000,1.000
0.4192,-0.01400,0.00000,0.99990,1.000,1.000
0.4223,-0.01400,0.00000,0.99990,1.000,1.000
0.4251,-0.01400,0.00000,0.99990,1.000,1.000
0.4280,-0.01400,0.00000,0.99990,1.000,1.000
0.4305,-0.01400,0.00000,0.99990,1.000,1.000
0.4330,-0.01400,0.00000,0.99990,1.000,1.000
0.4355,-0.01400,0.00000,0.99990,1.000,1.000
0.4382,-0.01400,0.00000,0.99990,1.000,1.000
0.4411,-0.01400,0.00000,0.99990,1.000,1.000
0.4432,-0.01400,0.00000,0.99990,1.000,1.000
0.4456,-0.01400,0.00000,0.99990,1.000,1.000
0.4480,-0.01400,0.00000,0.99990,1.000,1.000
0.4511,-0.01400,0.00000,0.99990,1.000,1.000
0.4546,-0.01400,0.00000,0.99990,1.000,1.000
0.4577,-0.01400,0.00000,0.99990,1.000,1.000
0.4600,-0.01400,0.00000,0.99990,1.000,1.000
0.4626,-0.01400,0.00000,0.99990,1.000,1.000
0.4652,-0.01400,0.00000,0.99990,1.000,1.000
0.4675,-0.01400,0.00000,0.99990,1.000,1.000
0.4700,-0.01400,0.00000,0.99990,1.000,1.000
0.4727,-0.01400,0.00000,0.99990,1.000,1.000
0.4760,-0.01400,0.00000,0.99990,1.000,1.000
0.4784,-0.01400,0.00000,0.99990,1.000,1.000
0.4809,-0.01400,0.00000,0.99990,1.000,1.000
0.4834,-0.01400,0.00000,0.99990,1.000,1.000
0.4860,-0.01400,0.00000,0.99990,1.000,1.000
0.4891,-0.01400,0.00000,0.99990,1.000,1.000
0.4929,-0.01400,0.00000,0.99990,1.000,1.000
0.4964,-0.01400,0.00000,0.99990,1.000,1.000
0.4991,-0.01400,0.00000,0.99990,1.000,1.000
0.5019,-0.01400,0.00000,0.99990,1.000,1.000
0.5045,-0.01400,0.00000,0.99990,1.000,1.000
0.5073,-0.01400,0.00000,0.99990,1.000,1.000
0.5099,-0.01400,0.00000,0.99990,1.000,1.000
0.5125,-0.01400,0.00000,0.99990,1.000,1.000
0.5146,-0.01400,0.00000,0.99990,1.000,1.000
0.5169,-0.01400,0.00000,0.99990,1.000,1.000
0.5193,-0.01400,0.00000,0.99990,1.000,1.000
0.5214,-0.01400,0.00000,0.99990,1.000,1.000
0.5238,-0.01400,0.00000,0.99990,1.000,1.000
0.5261,-0.01400,0.00000,0.99990,1.000,1.000
0.5292,-0.01400,0.00000,0.99990,1.000,1.000
0.5321,-0.01400,0.00000,0.99990,1.000,1.000
0.5347,-0.01400,0.00000,0.99990,1.000,1.000
0.5378,-0.01400,0.00000,0.99990,1.000,1.000
0.5408,-0.01400,0.00000,0.99990,1.000,1.000
0.5439,-0.01400,0.00000,0.99990,1.000,1.000
0.5462,-0.01400,0.00000,0.99990,1.000,1.000
0.5492,-0.01400,0.00000,0.99990,1.000,1.000
0.5516,-0.01400,0.00000,0.99990,1.000,1.000
0.5541,-0.01400,0.00000,0.99990,1.000,1.000
0.5567,-0.01400,0.00000,0.99990,1.000,1.000
0.5593,-0.01400,0.00000,0.99990,1.000,1.000
0.5617,-0.01400,0.00000,0.99990,1.000,1.000
0.5642,-0.01400,0.00000,0.99990,1.000,1.000
0.5669,-0.01400,0.00000,0.99990,1.000,1.000
0.5700,-0.01400,0.00000,0.99990,1.000,1.000
0.5726,-0.01400,0.00000,0.99990,1.000,1.000
0.5753,-0.01400,0.00000,0.99990,1.000,1.000
0.5778,-0.01400,0.00000,0.99990,1.000,1.000
0.5801,-0.01400,0.00000,0.99990,1.000,1.000
0.5827,-0.01400,0.00000,0.99990,1.000,1.000
0.5852,-0.01400,0.00000,0.99990,1.000,1.000
0.5875,-0.01400,0.00000,0.99990,1.000,1.000
0.5899,-0.01400,0.00000,0.99990,1.000,1.000
0.5925,-0.01400,0.00000,0.99990,1.000,1.000
0.5945,-0.01400,0.00000,0.99990,1.000,1.000
0.5968,-0.01400,0.00000,0.99990,1.000,1.000
0.5991,-0.01400,0.00000,0.99990,1.000,1.000
0.6013,-0.01400,0.00000,0.99990,1.000,1.000
0.6040,-0.01400,0.00000,0.99990,1.000,1.000
0.6077,-0.01400,0.00000,0.99990,1.000,1.000
0.6107,-0.01400,0.00000,0.99990,1.000,1.000
0.6134,-0.01400,0.00000,0.99990,1.000,1.000
0.6164,-0.01400,0.00000,0.99990,1.000,1.000
0.6191,-0.01400,0.00000,0.99990,1.000,1.000
0.6227,-0.01400,0.00000,0.99990,1.000,1.000
0.6255,-0.01400,0.00000,0.99990,1.000,1.000
0.6283,-0.01400,0.00000,0.99990,1.000,1.000
0.6307,-0.01400,0.00000,0.99990,1.000,1.000
0.6330,-0.01400,0.00000,0.99990,1.000,1.000
0.6352,-0.01400,0.00000,0.99990,1.000,1.000
0.6377,-0.01400,0.00000,0.99990,1.000,1.000
0.6403,-0.01400,0.00000,0.99990,1.000,1.000
0.6437,-0.01400,0.00000,0.99990,1.000,1.000
0.6471,-0.01400,0.00000,0.99990,1.000,1.000
0.6501,-0.01400,0.00000,0.99990,1.000,1.000
0.6533,-0.01400,0.00000,0.99990,1.000,1.000
0.6566,-0.01400,0.00000,0.99990,1.000,1.000
0.6589,-0.01400,0.00000,0.99990,1.000,1.000
0.6613,-0.01400,0.00000,0.99990,1.000,1.000
0.6639,-0.01400,0.00000,0.99990,1.000,1.000
0.6663,-0.01400,0.00000,0.99990,1.000,1.000
0.6685,-0.01400,0.00000,0.99990,1.000,1.000
0.6707,-0.01400,0.00000,0.99990,1.000,1.000
0.6729,-0.01400,0.00000,0.99990,1.000,1.000
0.6751,-0.01400,0.00000,0.99990,1.000,1.000
0.6778,-0.01400,0.00000,0.99990,1.000,1.000
0.6810,-0.01400,0.00000,0.99990,1.000,1.000
0.6836,-0.01400,0.00000,0.99990,1.000,1.000
0.6866,-0.01400,0.00000,0.99990,1.000,1.000
0.6894,-0.01400,0.00000,0.99990,1.000,1.000
0.6925,-0.01400,0.00000,0.99990,1.000,1.000
0.6953,-0.01400,0.00000,0.99990,1.000,1.000
0.6980,-0.01400,0.00000,0.99990,1.000,1.000
0.7006,-0.01400,0.00000,0.99990,1.000,1.000
0.7030,-0.01400,0.00000,0.99990,1.000,1.000
0.7053,-0.01400,0.00000,0.99990,1.000,1.000
0.7076,-0.01400,0.00000,0.99990,1.000,1.000
0.7099,-0.01400,0.00000,0.99990,1.000,1.000
0.7124,-0.01400,0.00000,0.99990,1.000,1.000
0.7146,-0.01400,0.00000,0.99990,1.000,1.000
0.7173,-0.01400,0.00000,0.99990,1.000,1.000
0.7202,-0.01400,0.00000,0.99990,1.000,1.000
0.7236,-0.01400,0.00000,0.99990,1.000,1.000
0.7268,-0.01400,0.00000,0.99990,1.000,1.000
0.7295,-0.01400,0.00000,0.99990,1.000,1.000
0.7322,-0.01400,0.00000,0.99990,1.000,1.000
0.7345,-0.01400,0.00000,0.99990,1.000,1.000
0.7373,-0.01400,0.00000,0.99990,1.000,1.000
0.7394,-0.01400,0.00000,0.99990,1.000,1.000
0.7414,-0.01400,0.00000,0.99990,1.000,1.000
0.7435,-0.01400,0.00000,0.99990,1.000,1.000
0.7457,-0.01400,0.00000,0.99990,1.000,1.000
0.7483,-0.01400,0.00000,0.99990,1.000,1.000
0.7505,-0.01400,0.00000,0.99990,1.000,1.000
0.7527,-0.01400,0.00000,0.99990,1.000,1.000
0.7550,-0.01400,0.00000,0.99990,1.000,1.000
0.7574,-0.01400,0.00000,0.99990,1.000,1.000
0.7602,-0.01400,0.00000,0.99990,1.000,1.000
0.7636,-0.01400,0.00000,0.99990,1.000,1.000
0.7666,-0.01400,0.00000,0.99990,1.000,1.000
0.7695,-0.01400,0.00000,0.99990,1.000,1.000
0.7724,-0.01400,0.00000,0.99990,1.000,1.000
0.7750,-0.01400,0.00000,0.99990,1.000,1.000
0.7779,-0.01400,0.00000,0.99990,1.000,1.000
0.7806,-0.01400,0.00000,0.99990,1.000,1.000
0.7829,-0.01400,0.00000,0.99990,1.000,1.000
0.7853,-0.01400,0.00000,0.99990,1.000,1.000
0.7875,-0.01400,0.00000,0.99990,1.000,1.000
0.7898,-0.01400,0.00000,0.99990,1.000,1.000
0.7920,-0.01400,0.00000,0.99990,1.000,1.000
0.7942,-0.01400,0.00000,0.99990,1.000,1.000
0.7969,-0.01400,0.00000,0.99990,1.000,1.000
0.7992,-0.01400,0.00000,0.99990,1.000,1.000
0.8027,-0.01400,0.00000,0.99990,1.000,1.000
0.8053,-0.01400,0.00000,0.99990,1.000,1.000
0.8079,-0.01400,0.00000,0.99990,1.000,1.000
0.8108,-0.01400,0.00000,0.99990,1.000,1.000
0.8137,-0.01400,0.00000,0.99990,1.000,1.000
0.8166,-0.01400,0.00000,0.99990,1.000,1.000
0.8187,-0.01400,0.00000,0.99990,1.000,1.000
0.8213,-0.01400,0.00000,0.99990,1.000,1.000
0.8236,-0.01400,0.00000,0.99990,1.000,1.000
0.8259,-0.01400,0.00000,0.99990,1.000,1.000
0.8283,-0.01400,0.00000,0.99990,1.000,1.000
0.8304,-0.01400,0.00000,0.99990,1.000,1.000
0.8328,-0.01400,0.00000,0.99990,1.000,1.000
0.8350,-0.01400,0.00000,0.99990,1.000,1.000
0.8376,-0.01400,0.00000,0.99990,1.000,1.000
0.8408,-0.01400,0.00000,0.99990,1.000,1.000
0.8442,-0.01400,0.00000,0.99990,1.000,1.000
0.8469,-0.01400,0.00000,0.99990,1.000,1.000
0.8494,-0.01400,0.00000,0.99990,1.000,1.000
0.8518,-0.01400,0.00000,0.99990,1.000,1.000
0.8540,-0.01400,0.00000,0.99990,1.000,1.000
0.8566,-0.01400,0.00000,0.99990,1.000,1.000
0.8594,-0.01400,0.00000,0.99990,1.000,1.000
0.8620,-0.01400,0.00000,0.99990,1.000,1.000
0.8646,-0.01400,0.00000,0.99990,1.000,1.000
0.8670,-0.01400,0.00000,0.99990,1.000,1.000
0.8697,-0.01400,0.00000,0.99990,1.000,1.000
0.8722,-0.01400,0.00000,0.99990,1.000,1.000
0.8752,-0.01400,0.00000,0.99990,1.000,1.000
0.8785,-0.01400,0.00000,0.99990,1.000,1.000
0.8816,-0.01400,0.00000,0.99990,1.000,1.000
0.8849,-0.01400,0.00000,0.99990,1.000,1.000
0.8879,-0.01400,0.00000,0.99990,1.000,1.000
0.8907,-0.01400,0.00000,0.99990,1.000,1.000
0.8934,-0.01400,0.00000,0.99990,1.000,1.000
0.8962,-0.01400,0.00000,0.99990,1.000,1.000
0.8988,-0.01400,0.00000,0.99990,1.000,1.000
0.9014,-0.01400,0.00000,0.99990,1.000,1.000
0.9038,-0.01400,0.00000,0.99990,1.000,1.000
0.9063,-0.01400,0.00000,0.99990,1.000,1.000
0.9088,-0.01400,0.00000,0.99990,1.000,1.000
0.9117,-0.01400,0.00000,0.99990,1.000,1.000
0.9149,-0.01400,0.00000,0.99990,1.000,1.000
0.9191,-0.01400,0.00000,0.99990,1.000,1.000
0.9225,-0.01400,0.00000,0.99990,1.000,1.000
0.9256,-0.01400,0.00000,0.99990,1.000,1.000
0.9283,-0.01400,0.00000,0.99990,1.000,1.000
0.9310,-0.01400,0.00000,0.99990,1.000,1.000
0.9332,-0.01400,0.00000,0.99990,1.000,1.000
0.9357,-0.01400,0.00000,0.99990,1.000,1.000
0.9384,-0.01400,0.00000,0.99990,1.000,1.000
0.9408,-0.01400,0.00000,0.99990,1.000,1.000
0.9433,-0.01400,0.00000,0.99990,1.000,1.000
0.9458,-0.01400,0.00000,0.99990,1.000,1.000
0.9486,-0.01400,0.00000,0.99990,1.000,1.000
0.9518,-0.01400,0.00000,0.99990,1.000,1.000
0.9552,-0.01400,0.00000,0.99990,1.000,1.000
0.9586,-0.01400,0.00000,0.99990,1.000,1.000
0.9613,-0.01400,0.00000,0.99990,1.000,1.000
0.9637,-0.01400,0.00000,0.99990,1.000,1.000
0.9662,-0.01400,0.00000,0.99990,1.000,1.000
0.9690,-0.01400,0.00000,0.99990,1.000,1.000
0.9715,-0.01400,0.00000,0.99990,1.000,1.000
0.9745,-0.01400,0.00000,0.99990,1.000,1.000
0.9775,-0.01400,0.00000,0.99990,1.000,1.000
0.9801,-0.01400,0.00000,0.99990,1.000,1.000
0.9828,-0.01400,0.00000,0.99990,1.000,1.000
0.9856,-0.01400,0.00000,0.99990,1.000,1.000
0.9886,-0.01400,0.00000,0.99990,1.000,1.000
0.9917,-0.01400,0.00000,0.99990,1.000,1.000
0.9949,-0.01400,0.00000,0.99990,1.000,1.000
0.9983,-0.01400,0.00000,0.99990,1.000,1.000
1.0007,-0.01400,0.00000,0.99990,1.000,1.000
1.0038,-0.01400,0.00000,0.99990,1.000,1.000
1.0062,-0.01400,0.00000,0.99990,1.000,1.000
1.0087,-0.01400,0.00000,0.99990,1.000,1.000
1.0112,-0.01400,0.00000,0.99990,1.000,1.000
1.0140,-0.01400,0.00000,0.99990,1.000,1.000
1.0172,-0.01400,0.00000,0.99990,1.000,1.000
1.0202,-0.01400,0.00000,0.99990,1.000,1.000
1.0229,-0.01400,0.00000,0.99990,1.000,1.000
1.0261,-0.01400,0.00000,0.99990,1.000,1.000
1.0290,-0.01400,0.00000,0.99990,1.000,1.000
1.0317,-0.01400,0.00000,0.99990,1.000,1.000
1.0345,-0.01400,0.00000,0.99990,1.000,1.000
1.0378,-0.01400,0.00000,0.99990,1.000,1.000
1.0406,-0.01400,0.00000,0.99990,1.000,1.000
1.0434,-0.01400,0.00000,0.99990,1.000,1.000
1.0466,-0.01400,0.00000,0.99990,1.000,1.000
1.0495,-0.01400,0.00000,0.99990,1.000,1.000
1.0525,-0.01400,0.00000,0.99990,1.000,1.000
1.0552,-0.01400,0.00000,0.99990,1.000,1.000
1.0587,-0.01400,0.00000,0.99990,1.000,1.000
1.0617,-0.01400,0.00000,0.99990,1.000,1.000
1.0649,-0.01400,0.00000,0.99990,1.000,1.000
1.0677,-0.01400,0.00000,0.99990,1.000,1.000
1.0706,-0.01400,0.00000,0.99990,1.000,1.000
1.0730,-0.01400,0.00000,0.99990,1.000,1.000
1.0762,-0.01400,0.00000,0.99990,1.000,1.000
1.0788,-0.01400,0.00000,0.99990,1.000,1.000
1.0818,-0.01400,0.00000,0.99990,1.000,1.000
1.0845,-0.01400,0.00000,0.99990,1.000,1.000
1.0872,-0.01400,0.00000,0.99990,1.000,1.000
1.0900,-0.01400,0.00000,0.99990,1.000,1.000
1.0927,-0.01400,0.00000,0.99990,1.000,1.000
1.0962,-0.01400,0.00000,0.99990,1.000,1.000
1.0994,-0.01400,0.00000,0.99990,1.000,1.000
1.1024,-0.01400,0.00000,0.99990,1.000,1.000
1.1049,-0.01400,0.00000,0.99990,1.000,1.000
1.1081,-0.01400,0.00000,0.99990,1.000,1.000
1.1109,-0.01400,0.00000,0.99990,1.000,1.000
1.1134,-0.01400,0.00000,0.99990,1.000,1.000
1.1161,-0.01400,0.00000,0.99990,1.000,1.000
1.1186,-0.01400,0.00000,0.99990,1.000,1.000
1.1209,-0.01400,0.00000,0.99990,1.000,1.000
1.1239,-0.01400,0.00000,0.99990,1.000,1.000
1.1266,-0.01400,0.00000,0.99990,1.000,1.000
1.1297,-0.01400,0.00000,0.99990,1.000,1.000
1.1329,-0.01400,0.00000,0.99990,1.000,1.000
1.1361,-0.01400,0.00000,0.99990,1.000,1.000
1.1391,-0.01400,0.00000,0.99990,1.000,1.000
1.1418,-0.01400,0.00000,0.99990,1.000,1.000
1.1444,-0.01400,0.00000,0.99990,1.000,1.000
1.1468,-0.01400,0.00000,0.99990,1.000,1.000
1.1496,-0.01400,0.00000,0.99990,1.000,1.000
1.1522,-0.01400,0.00000,0.99990,1.000,1.000
1.1550,-0.01400,0.00000,0.99990,1.000,1.000
1.1578,-0.01400,0.00000,0.99990,1.000,1.000
1.1603,-0.01400,0.00000,0.99990,1.000,1.000
1.1627,-0.01400,0.00000,0.99990,1.000,1.000
1.1654,-0.01400,0.00000,0.99990,1.000,1.000
1.1684,-0.01400,0.00000,0.99990,1.000,1.000
1.1713,-0.01400,0.00000,0.99990,1.000,1.000
1.1744,-0.01400,0.00000,0.99990,1.000,1.000
1.1774,-0.01400,0.00000,0.99990,1.000,1.000
1.1802,-0.01400,0.00000,0.99990,1.000,1.000
1.1830,-0.01400,0.00000,0.99990,1.000,1.000
1.1858,-0.01400,0.00000,0.99990,1.000,1.000
1.1884,-0.01400,0.00000,0.99990,1.000,1.000
1.1911,-0.01400,0.00000,0.99990,1.000,1.000
1.1935,-0.01400,0.00000,0.99990,1.000,1.000
1.1963,-0.01400,0.00000,0.99990,1.000,1.000
1.1991,-0.01400,0.00000,0.99990,1.000,1.000
1.2025,-0.01400,0.00000,0.99990,1.000,1.000
1.2053,-0.01400,0.00000,0.99990,1.000,1.000
1.2080,-0.01400,0.00000,0.99990,1.000,1.000
1.2109,-0.01400,0.00000,0.99990,1.000,1.000
1.2135,-0.01400,0.00000,0.99990,1.000,1.000
1.2172,-0.01400,0.00000,0.99990,1.000,1.000
1.2201,-0.01400,0.00000,0.99990,1.000,1.000
1.2230,-0.01400,0.00000,0.99990,1.000,1.000
1.2255,-0.01400,0.00000,0.99990,1.000,1.000
1.2279,-0.01400,0.00000,0.99990,1.000,1.000
1.2303,-0.01400,0.00000,0.99990,1.000,1.000
1.2327,-0.01400,0.00000,0.99990,1.000,1.000
1.2352,-0.01400,0.00000,0.99990,1.000,1.000
1.2385,-0.01400,0.00000,0.99990,1.000,1.000
1.2415,-0.01400,0.00000,0.99990,1.000,1.000
1.2443,-0.01400,0.00000,0.99990,1.000,1.000
1.2472,-0.01400,0.00000,0.99990,1.000,1.000
1.2502,-0.01400,0.00000,0.99990,1.000,1.000
1.2531,-0.01400,0.00000,0.99990,1.000,1.000
1.2555,-0.01400,0.00000,0.99990,1.000,1.000
1.2585,-0.01400,0.00000,0.99990,1.000,1.000
1.2608,-0.01400,0.00000,0.99990,1.000,1.000
1.2634,-0.01400,0.00000,0.99990,1.000,1.000
1.2657,-0.01400,0.00000,0.99990,1.000,1.000
1.2684,-0.01400,0.00000,0.99990,1.000,1.000
1.2712,-0.01400,0.00000,0.99990,1.000,1.000
1.2742,-0.01400,0.00000,0.99990,1.000,1.000
1.2779,-0.01400,0.00000,0.99990,1.000,1.000
1.2814,-0.01400,0.00000,0.99990,1.000,1.000
1.2846,-0.01400,0.00000,0.99990,1.000,1.000
1.2876,-0.01400,0.00000,0.99990,1.000,1.000
1.2904,-0.01400,0.00000,0.99990,1.000,1.000
1.2932,-0.01400,0.00000,0.99990,1.000,1.000
1.2965,-0.01400,0.00000,0.99990,1.000,1.000
1.2990,-0.01400,0.00000,0.99990,1.000,1.000
1.3015,-0.01400,0.00000,0.99990,1.000,1.000
1.3038,-0.01400,0.00000,0.99990,1.000,1.000
1.3068,-0.01400,0.00000,0.99990,1.000,1.000
1.3096,-0.01400,0.00000,0.99990,1.000,1.000
1.3125,-0.01400,0.00000,0.99990,1.000,1.000
1.3154,-0.01400,0.00000,0.99990,1.000,1.000
1.3190,-0.01400,0.00000,0.99990,1.000,1.000
1.3215,-0.01400,0.00000,0.99990,1.000,1.000
1.3240,-0.01400,0.00000,0.99990,1.000,1.000
1.3265,-0.01400,0.00000,0.99990,1.000,1.000
1.3292,-0.01400,0.00000,0.99990,1.000,1.000
1.3316,-0.01400,0.00000,0.99990,1.000,1.000
1.3342,-0.01400,0.00000,0.99990,1.000,1.000
1.3369,-0.01400,0.00000,0.99990,1.000,1.000
1.3393,-0.01400,0.00000,0.99990,1.000,1.000
1.3425,-0.01400,0.00000,0.99990,1.000,1.000
1.3453,-0.01400,0.00000,0.99990,1.000,1.000
1.3479,-0.01400,0.00000,0.99990,1.000,1.000
1.3511,-0.01400,0.00000,0.99990,1.000,1.000
1.3539,-0.01400,0.00000,0.99990,1.000,1.000
1.3573,-0.01400,0.00000,0.99990,1.000,1.000
1.3598,-0.01400,0.00000,0.99990,1.000,1.000
1.3625,-0.01400,0.00000,0.99990,1.000,1.000
1.3652,-0.01400,0.00000,0.99990,1.000,1.000
1.3675,-0.01400,0.00000,0.99990,1.000,1.000
1.3698,-0.01400,0.00000,0.99990,1.000,1.000
1.3729,-0.01400,0.00000,0.99990,1.000,1.000
1.3759,-0.01400,0.00000,0.99990,1.000,1.000
1.3798,-0.01400,0.00000,0.99990,1.000,1.000
1.3825,-0.01400,0.00000,0.99990,1.000,1.000
1.3856,-0.01400,0.00000,0.99990,1.000,1.000
1.3888,-0.01400,0.00000,0.99990,1.000,1.000
1.3918,-0.01400,0.00000,0.99990,1.000,1.000
1.3944,-0.01400,0.00000,0.99990,1.000,1.000
1.3977,-0.01400,0.00000,0.99990,1.000,1.000
1.4001,-0.01400,0.00000,0.99990,1.000,1.000
1.4030,-0.01400,0.00000,0.99990,1.000,1.000
1.4053,-0.01400,0.00000,0.99990,1.000,1.000
1.4078,-0.01400,0.00000,0.99990,1.000,1.000
1.4104,-0.01400,0.00000,0.99990,1.000,1.000
1.4134,-0.01400,0.00000,0.99990,1.000,1.000
1.4168,-0.01400,0.00000,0.99990,1.000,1.000
1.4199,-0.01400,0.00000,0.99990,1.000,1.000
1.4231,-0.01400,0.00000,0.99990,1.000,1.000
1.4258,-0.01400,0.00000,0.99990,1.000,1.000
1.4288,-0.01400,0.00000,0.99990,1.000,1.000
1.4313,-0.01400,0.00000,0.99990,1.000,1.000
1.4344,-0.01400,0.00000,0.99990,1.000,1.000
1.4374,-0.01400,0.00000,0.99990,1.000,1.000
1.4402,-0.01400,0.00000,0.99990,1.000,1.000
1.4429,-0.01400,0.00000,0.99990,1.000,1.000
1.4459,-0.01400,0.00000,0.99990,1.000,1.000
1.4491,-0.01400,0.00000,0.99990,1.000,1.000
1.4523,-0.01400,0.00000,0.99990,1.000,1.000
1.4556,-0.01400,0.00000,0.99990,1.000,1.000
1.4589,-0.01400,0.00000,0.99990,1.000,1.000
1.4615,-0.01400,0.00000,0.99990,1.000,1.000
1.4643,-0.01400,0.00000,0.99990,1.000,1.000
1.4667,-0.01400,0.00000,0.99990,1.000,1.000
1.4692,-0.01400,0.00000,0.99990,1.000,1.000
1.4716,-0.01400,0.00000,0.99990,1.000,1.000
1.4739,-0.01400,0.00000,0.99990,1.000,1.000
1.4767,-0.01400,0.00000,0.99990,1.000,1.000
1.4799,-0.01400,0.00000,0.99990,1.000,1.000
1.4827,-0.01400,0.00000,0.99990,1.000,1.000
1.4856,-0.01400,0.00000,0.99990,1.000,1.000
1.4890,-0.01400,0.00000,0.99990,1.000,1.000
1.4923,-0.01400,0.00000,0.99990,1.000,1.000
1.4955,-0.01400,0.00000,0.99990,1.000,1.000
1.4985,-0.01400,0.00000,0.99990,1.000,1.000
1.5012,-0.01400,0.00000,0.99990,1.000,1.000
1.5035,-0.01400,0.00000,0.99990,1.000,1.000
1.5058,-0.01400,0.00000,0.99990,1.000,1.000
1.5083,-0.01400,0.00000,0.99990,1.000,1.000
1.5113,-0.01400,0.00000,0.99990,1.000,1.000
1.5151,-0.01400,0.00000,0.99990,1.000,1.000
1.5193,-0.01400,0.00000,0.99990,1.000,1.000
1.5230,-0.01400,0.00000,0.99990,1.000,1.000
1.5257,-0.01400,0.00000,0.99990,1.000,1.000
1.5284,-0.01400,0.00000,0.99990,1.000,1.000
1.5311,-0.01400,0.00000,0.99990,1.000,1.000
1.5334,-0.01400,0.00000,0.99990,1.000,1.000
1.5362,-0.01400,0.00000,0.99990,1.000,1.000
1.5384,-0.01400,0.00000,0.99990,1.000,1.000
1.5407,-0.01400,0.00000,0.99990,1.000,1.000
1.5444,-0.01400,0.00000,0.99990,1.000,1.000
1.5485,-0.01400,0.00000,0.99990,1.000,1.000
1.5516,-0.01400,0.00000,0.99990,1.000,1.000
1.5544,-0.01400,0.00000,0.99990,1.000,1.000
1.5583,-0.01400,0.00000,0.99990,1.000,1.000
1.5618,-0.01400,0.00000,0.99990,1.000,1.000
1.5646,-0.01400,0.00000,0.99990,1.000,1.000
1.5677,-0.01400,0.00000,0.99990,1.000,1.000
1.5706,-0.01400,0.00000,0.99990,1.000,1.000
1.5738,-0.01400,0.00000,0.99990,1.000,1.000
1.5771,-0.01400,0.00000,0.99990,1.000,1.000
1.5799,-0.01400,0.00000,0.99990,1.000,1.000
1.5832,-0.01400,0.00000,0.99990,1.000,1.000
1.5867,-0.01400,0.00000,0.99990,1.000,1.000
1.5898,-0.01400,0.00000,0.99990,1.000,1.000
1.5926,-0.01400,0.00000,0.99990,1.000,1.000
1.5952,-0.01400,0.00000,0.99990,1.000,1.000
1.5982,-0.01400,0.00000,0.99990,1.000,1.000
1.6005,-0.01400,0.00000,0.99990,1.000,1.000
1.6032,-0.01400,0.00000,0.99990,1.000,1.000
1.6056,-0.01400,0.00000,0.99990,1.000,1.000
1.6080,-0.01400,0.00000,0.99990,1.000,1.000
1.6104,-0.01400,0.00000,0.99990,1.000,1.000
1.6128,-0.01400,0.00000,0.99990,1.000,1.000
1.6156,-0.01400,0.00000,0.99990,1.000,1.000
1.6187,-0.01400,0.00000,0.99990,1.000,1.000
1.6219,-0.01400,0.00000,0.99990,1.000,1.000
1.6255,-0.01400,0.00000,0.99990,1.000,1.000
1.6285,-0.01400,0.00000,0.99990,1.000,1.000
1.6311,-0.01400,0.00000,0.99990,1.000,1.000
1.6342,-0.01400,0.00000,0.99990,1.000,1.000
1.6367,-0.01400,0.00000,0.99990,1.000,1.000
1.6393,-0.01400,0.00000,0.99990,1.000,1.000
1.6418,-0.01400,0.00000,0.99990,1.000,1.000
1.6441,-0.01400,0.00000,0.99990,1.000,1.000
1.6467,-0.01400,0.00000,0.99990,1.000,1.000
1.6502,-0.01400,0.00000,0.99990,1.000,1.000
1.6538,-0.01400,0.00000,0.99990,1.000,1.000
1.6571,-0.01400,0.00000,0.99990,1.000,1.000
1.6600,-0.01400,0.00000,0.99990,1.000,1.000
1.6626,-0.01400,0.00000,0.99990,1.000,1.000
1.6652,-0.01400,0.00000,0.99990,1.000,1.000
1.6676,-0.01400,0.00000,0.99990,1.000,1.000
1.6704,-0.01400,0.00000,0.99990,1.000,1.000
1.6727,-0.01400,0.00000,0.99990,1.000,1.000
1.6750,-0.01400,0.00000,0.99990,1.000,1.000
1.6774,-0.01400,0.00000,0.99990,1.000,1.000
1.6795,-0.01400,0.00000,0.99990,1.000,1.000
1.6819,-0.01400,0.00000,0.99990,1.000,1.000
1.6842,-0.01400,0.00000,0.99990,1.000,1.000
1.6871,-0.01400,0.00000,0.99990,1.000,1.000
1.6902,-0.01400,0.00000,0.99990,1.000,1.000
1.6940,-0.01400,0.00000,0.99990,1.000,1.000
1.6974,-0.01400,0.00000,0.99990,1.000,1.000
1.7001,-0.01400,0.00000,0.99990,1.000,1.000
1.7025,-0.01400,0.00000,0.99990,1.000,1.000
1.7047,-0.01400,0.00000,0.99990,1.000,1.000
1.7071,-0.01400,0.00000,0.99990,1.000,1.000
1.7094,-0.01400,0.00000,0.99990,1.000,1.000
1.7118,-0.01400,0.00000,0.99990,1.000,1.000
1.7143,-0.01400,0.00000,0.99990,1.000,1.000
1.7168,-0.01400,0.00000,0.99990,1.000,1.000
1.7196,-0.01400,0.00000,0.99990,1.000,1.000
1.7227,-0.01400,0.00000,0.99990,1.000,1.000
1.7259,-0.01400,0.00000,0.99990,1.000,1.000
1.7292,-0.01400,0.00000,0.99990,1.000,1.000
1.7318,-0.01400,0.00000,0.99990,1.000,1.000
1.7343,-0.01400,0.00000,0.99990,1.000,1.000
1.7371,-0.01400,0.00000,0.99990,1.000,1.000
1.7394,-0.01400,0.00000,0.99990,1.000,1.000
1.7417,-0.01400,0.00000,0.99990,1.000,1.000
1.7439,-0.01400,0.00000,0.99990,1.000,1.000
1.7460,-0.01400,0.00000,0.99990,1.000,1.000
1.7486,-0.01400,0.00000,0.99990,1.000,1.000
1.7514,-0.01400,0.00000,0.99990,1.000,1.000
1.7543,-0.01400,0.00000,0.99990,1.000,1.000
1.7575,-0.01400,0.00000,0.99990,1.000,1.000
1.7605,-0.01400,0.00000,0.99990,1.000,1.000
1.7634,-0.01400,0.00000,0.99990,1.000,1.000
1.7659,-0.01400,0.00000,0.99990,1.000,1.000
1.7683,-0.01400,0.00000,0.99990,1.000,1.000
1.7706,-0.01400,0.00000,0.99990,1.000,1.000
1.7732,-0.01400,0.00000,0.99990,1.000,1.000
1.7754,-0.01400,0.00000,0.99990,1.000,1.000
1.7778,-0.01400,0.00000,0.99990,1.000,1.000
1.7800,-0.01400,0.00000,0.99990,1.000,1.000
1.7823,-0.01400,0.00000,0.99990,1.000,1.000
1.7846,-0.01400,0.00000,0.99990,1.000,1.000
1.7867,-0.01400,0.00000,0.99990,1.000,1.000
1.7890,-0.01400,0.00000,0.99990,1.000,1.000
1.7921,-0.01400,0.00000,0.99990,1.000,1.000
1.7951,-0.01400,0.00000,0.99990,1.000,1.000
1.7979,-0.01400,0.00000,0.99990,1.000,1.000
1.8005,-0.01400,0.00000,0.99990,1.000,1.000
1.8033,-0.01400,0.00000,0.99990,1.000,1.000
1.8057,-0.01400,0.00000,0.99990,1.000,1.000
1.8081,-0.01400,0.00000,0.99990,1.000,1.000
1.8104,-0.01400,0.00000,0.99990,1.000,1.000
1.8128,-0.01400,0.00000,0.99990,1.000,1.000
1.8151,-0.01400,0.00000,0.99990,1.000,1.000
1.8174,-0.01400,0.00000,0.99990,1.000,1.000
1.8198,-0.01400,0.00000,0.99990,1.000,1.000
1.8222,-0.01400,0.00000,0.99990,1.000,1.000
1.8249,-0.01400,0.00000,0.99990,1.000,1.000
1.8283,-0.01400,0.00000,0.99990,1.000,1.000
1.8315,-0.01400,0.00000,0.99990,1.000,1.000
1.8345,-0.01400,0.00000,0.99990,1.000,1.000
1.8374,-0.01400,0.00000,0.99990,1.000,1.000
1.8401,-0.01400,0.00000,0.99990,1.000,1.000
1.8422,-0.01400,0.00000,0.99990,1.000,1.000
1.8446,-0.01400,0.00000,0.99990,1.000,1.000
1.8472,-0.01400,0.00000,0.99990,1.000,1.000
1.8494,-0.01400,0.00000,0.99990,1.000,1.000
1.8518,-0.01400,0.00000,0.99990,1.000,1.000
1.8541,-0.01400,0.00000,0.99990,1.000,1.000
1.8566,-0.01400,0.00000,0.99990,1.000,1.000
1.8590,-0.01400,0.00000,0.99990,1.000,1.000
1.8625,-0.01400,0.00000,0.99990,1.000,1.000
1.8662,-0.01400,0.00000,0.99990,1.000,1.000
1.8693,-0.01400,0.00000,0.99990,1.000,1.000
1.8720,-0.01400,0.00000,0.99990,1.000,1.000
1.8746,-0.01400,0.00000,0.99990,1.000,1.000
1.8777,-0.01400,0.00000,0.99990,1.000,1.000
1.8800,-0.01400,0.00000,0.99990,1.000,1.000
1.8826,-0.01400,0.00000,0.99990,1.000,1.000
1.8850,-0.01400,0.00000,0.99990,1.000,1.000
1.8874,-0.01400,0.00000,0.99990,1.000,1.000
1.8897,-0.01400,0.00000,0.99990,1.000,1.000
1.8919,-0.01400,0.00000,0.99990,1.000,1.000
1.8942,-0.01400,0.00000,0.99990,1.000,1.000
1.8973,-0.01400,0.00000,0.99990,1.000,1.000
1.9002,-0.01400,0.00000,0.99990,1.000,1.000
1.9033,-0.01400,0.00000,0.99990,1.000,1.000
1.9059,-0.01400,0.00000,0.99990,1.000,1.000
1.9084,-0.01400,0.00000,0.99990,1.000,1.000
1.9109,-0.01400,0.00000,0.99990,1.000,1.000
1.9134,-0.01400,0.00000,0.99990,1.000,1.000
1.9154,-0.01400,0.00000,0.99990,1.000,1.000
1.9179,-0.01400,0.00000,0.99990,1.000,1.000
1.9202,-0.01400,0.00000,0.99990,1.000,1.000
1.9224,-0.01400,0.00000,0.99990,1.000,1.000
1.9249,-0.01400,0.00000,0.99990,1.000,1.000
1.9273,-0.01400,0.00000,0.99990,1.000,1.000
1.9300,-0.01400,0.00000,0.99990,1.000,1.000
1.9333,-0.01400,0.00000,0.99990,1.000,1.000
1.9375,-0.01400,0.00000,0.99990,1.000,1.000
1.9403,-0.01400,0.00000,0.99990,1.000,1.000
1.9428,-0.01400,0.00000,0.99990,1.000,1.000
1.9451,-0.01400,0.00000,0.99990,1.000,1.000
1.9474,-0.01400,0.00000,0.99990,1.000,1.000
1.9498,-0.01400,0.00000,0.99990,1.000,1.000
1.9519,-0.01400,0.00000,0.99990,1.000,1.000
1.9544,-0.01400,0.00000,0.99990,1.000,1.000
1.9572,-0.01400,0.00000,0.99990,1.000,1.000
1.9598,-0.01400,0.00000,0.99990,1.000,1.000
1.9624,-0.01400,0.00000,0.99990,1.000,1.000
1.9649,-0.01400,0.00000,0.99990,1.000,1.000
1.9684,-0.01400,0.00000,0.99990,1.000,1.000
1.9713,-0.01400,0.00000,0.99990,1.000,1.000
1.9745,-0.01400,0.00000,0.99990,1.000,1.000
1.9778,-0.01400,0.00000,0.99990,1.000,1.000
1.9809,-0.01400,0.00000,0.99990,1.000,1.000
1.9837,-0.01400,0.00000,0.99990,1.000,1.000
1.9865,-0.01400,0.00000,0.99990,1.000,1.000
1.9894,-0.01400,0.00000,0.99990,1.000,1.000
1.9922,-0.01400,0.00000,0.99990,1.000,1.000
1.9954,-0.01400,0.00000,0.99990,1.000,1.000
1.9991,-0.01400,0.00000,0.99990,1.000,1.000
2.0023,-0.01400,0.00000,0.99990,1.000,1.000
2.0051,-0.01400,0.00000,0.99990,1.000,1.000
2.0077,-0.01400,0.00000,0.99990,1.000,1.000
2.0105,-0.01400,0.00000,0.99990,1.000,1.000
2.0131,-0.01400,0.00000,0.99990,1.000,1.000
2.0161,-0.01400,0.00000,0.99990,1.000,1.000
2.0183,-0.01400,0.00000,0.99990,1.000,1.000
2.0215,-0.01400,0.00000,0.99990,1.000,1.000
2.0241,-0.01400,0.00000,0.99990,1.000,1.000
2.0269,-0.01400,0.00000,0.99990,1.000,1.000
2.0292,-0.01400,0.00000,0.99990,1.000,1.000
2.0313,-0.01400,0.00000,0.99990,1.000,1.000
2.0339,-0.01400,0.00000,0.99990,1.000,1.000
2.0372,-0.01400,0.00000,0.99990,1.000,1.000
2.0401,-0.01400,0.00000,0.99990,1.000,1.000
2.0431,-0.01400,0.00000,0.99990,1.000,1.000
2.0457,-0.01400,0.00000,0.99990,1.000,1.000
2.0479,-0.01400,0.00000,0.99990,1.000,1.000
2.0505,-0.01400,0.00000,0.99990,1.000,1.000
2.0529,-0.01400,0.00000,0.99990,1.000,1.000
2.0550,-0.01400,0.00000,0.99990,1.000,1.000
2.0575,-0.01400,0.00000,0.99990,1.000,1.000
2.0600,-0.01400,0.00000,0.99990,1.000,1.000
2.0624,-0.01400,0.00000,0.99990,1.000,1.000
2.0650,-0.01400,0.00000,0.99990,1.000,1.000
2.0673,-0.01400,0.00000,0.99990,1.000,1.000
2.0700,-0.01400,0.00000,0.99990,1.000,1.000
2.0727,-0.01400,0.00000,0.99990,1.000,1.000
2.0755,-0.01400,0.00000,0.99990,1.000,1.000
2.0788,-0.01400,0.00000,0.99990,1.000,1.000
2.0815,-0.01400,0.00000,0.99990,1.000,1.000
2.0837,-0.01400,0.00000,0.99990,1.000,1.000
2.0862,-0.01400,0.00000,0.99990,1.000,1.000
2.0890,-0.01400,0.00000,0.99990,1.000,1.000
2.0914,-0.01400,0.00000,0.99990,1.000,1.000
2.0942,-0.01400,0.00000,0.99990,1.000,1.000
2.0969,-0.01400,0.00000,0.99990,1.000,1.000
2.0992,-0.01400,0.00000,0.99990,1.000,1.000
2.1017,-0.01400,0.00000,0.99990,1.000,1.000
2.1044,-0.01400,0.00000,0.99990,1.000,1.000
2.1068,-0.01400,0.00000,0.99990,1.000,1.000
2.1098,-0.01400,0.00000,0.99990,1.000,1.000
2.1127,-0.01400,0.00000,0.99990,1.000,1.000
2.1163,-0.01400,0.00000,0.99990,1.000,1.000
2.1191,-0.01400,0.00000,0.99990,1.000,1.000
2.1220,-0.01400,0.00000,0.99990,1.000,1.000
2.1248,-0.01400,0.00000,0.99990,1.000,1.000
2.1270,-0.01400,0.00000,0.99990,1.000,1.000
2.1294,-0.01400,0.00000,0.99990,1.000,1.000
2.1318,-0.01400,0.00000,0.99990,1.000,1.000
2.1342,-0.01400,0.00000,0.99990,1.000,1.000
2.1372,-0.01400,0.00000,0.99990,1.000,1.000
2.1396,-0.01400,0.00000,0.99990,1.000,1.000
2.1421,-0.01400,0.00000,0.99990,1.000,1.000
2.1449,-0.01400,0.00000,0.99990,1.000,1.000
2.1479,-0.01400,0.00000,0.99990,1.000,1.000
2.1510,-0.01400,0.00000,0.99990,1.000,1.000
2.1536,-0.01400,0.00000,0.99990,1.000,1.000
2.1561,-0.01400,0.00000,0.99990,1.000,1.000
2.1585,-0.01400,0.00000,0.99990,1.000,1.000
2.1614,-0.01400,0.00000,0.99990,1.000,1.000
2.1635,-0.01400,0.00000,0.99990,1.000,1.000
2.1660,-0.01400,0.00000,0.99990,1.000,1.000
2.1684,-0.01400,0.00000,0.99990,1.000,1.000
2.1707,-0.01400,0.00000,0.99990,1.000,1.000
2.1731,-0.01400,0.00000,0.99990,1.000,1.000
2.1753,-0.01400,0.00000,0.99990,1.000,1.000
2.1784,-0.01400,0.00000,0.99990,1.000,1.000
2.1813,-0.01400,0.00000,0.99990,1.000,1.000
2.1841,-0.01400,0.00000,0.99990,1.000,1.000
2.1872,-0.01400,0.00000,0.99990,1.000,1.000
2.1896,-0.01400,0.00000,0.99990,1.000,1.000
2.1919,-0.01400,0.00000,0.99990,1.000,1.000
2.1943,-0.01400,0.00000,0.99990,1.000,1.000
2.1969,-0.01400,0.00000,0.99990,1.000,1.000
2.1991,-0.01400,0.00000,0.99990,1.000,1.000
2.2013,-0.01400,0.00000,0.99990,1.000,1.000
2.2035,-0.01400,0.00000,0.99990,1.000,1.000
2.2058,-0.01400,0.00000,0.99990,1.000,1.000
2.2082,-0.01400,0.00000,0.99990,1.000,1.000
2.2105,-0.01400,0.00000,0.99990,1.000,1.000
2.2126,-0.01400,0.00000,0.99990,1.000,1.000
2.2148,-0.01400,0.00000,0.99990,1.000,1.000
2.2178,-0.01400,0.00000,0.99990,1.000,1.000
2.2206,-0.01400,0.00000,0.99990,1.000,1.000
2.2239,-0.01400,0.00000,0.99990,1.000,1.000
2.2265,-0.01400,0.00000,0.99990,1.000,1.000
2.2290,-0.01400,0.00000,0.99990,1.000,1.000
2.2312,-0.01400,0.00000,0.99990,1.000,1.000
2.2335,-0.01400,0.00000,0.99990,1.000,1.000
2.2356,-0.01400,0.00000,0.99990,1.000,1.000
2.2378,-0.01400,0.00000,0.99990,1.000,1.000
2.2407,-0.01400,0.00000,0.99990,1.000,1.000
2.2429,-0.01400,0.00000,0.99990,1.000,1.000
2.2453,-0.01400,0.00000,0.99990,1.000,1.000
2.2476,-0.01400,0.00000,0.99990,1.000,1.000
2.2498,-0.01400,0.00000,0.99990,1.000,1.000
2.2523,-0.01400,0.00000,0.99990,1.000,1.000
2.2557,-0.01400,0.00000,0.99990,1.000,1.000
2.2594,-0.01400,0.00000,0.99990,1.000,1.000
2.2626,-0.01400,0.00000,0.99990,1.000,1.000
2.2653,-0.01400,0.00000,0.99990,1.000,1.000
2.2681,-0.01400,0.00000,0.99990,1.000,1.000
2.2713,-0.01400,0.00000,0.99990,1.000,1.000
2.2739,-0.01400,0.00000,0.99990,1.000,1.000
2.2768,-0.01400,0.00000,0.99990,1.000,1.000
2.2792,-0.01400,0.00000,0.99990,1.000,1.000
2.2818,-0.01400,0.00000,0.99990,1.000,1.000
2.2841,-0.01400,0.00000,0.99990,1.000,1.000
2.2868,-0.01400,0.00000,0.99990,1.000,1.000
2.2899,-0.01400,0.00000,0.99990,1.000,1.000
2.2926,-0.01400,0.00000,0.99990,1.000,1.000
2.2954,-0.01400,0.00000,0.99990,1.000,1.000
2.2984,-0.01400,0.00000,0.99990,1.000,1.000
2.3013,-0.01400,0.00000,0.99990,1.000,1.000
2.3036,-0.01400,0.00000,0.99990,1.000,1.000
2.3063,-0.01400,0.00000,0.99990,1.000,1.000
2.3088,-0.01400,0.00000,0.99990,1.000,1.000
2.3113,-0.01400,0.00000,0.99990,1.000,1.000
2.3139,-0.01400,0.00000,0.99990,1.000,1.000
2.3166,-0.01400,0.00000,0.99990,1.000,1.000
2.3193,-0.01400,0.00000,0.99990,1.000,1.000
2.3214,-0.01400,0.00000,0.99990,1.000,1.000
2.3242,-0.01400,0.00000,0.99990,1.000,1.000
2.3270,-0.01400,0.00000,0.99990,1.000,1.000
2.3297,-0.01400,0.00000,0.99990,1.000,1.000
2.3326,-0.01400,0.00000,0.99990,1.000,1.000
2.3351,-0.01400,0.00000,0.99990,1.000,1.000
2.3378,-0.01400,0.00000,0.99990,1.000,1.000
2.3400,-0.01400,0.00000,0.99990,1.000,1.000
2.3425,-0.01400,0.00000,0.99990,1.000,1.000
2.3447,-0.01400,0.00000,0.99990,1.000,1.000
2.3469,-0.01400,0.00000,0.99990,1.000,1.000
2.3497,-0.01400,0.00000,0.99990,1.000,1.000
2.3520,-0.01400,0.00000,0.99990,1.000,1.000
2.3544,-0.01400,0.00000,0.99990,1.000,1.000
2.3572,-0.01400,0.00000,0.99990,1.000,1.000
2.3597,-0.01400,0.00000,0.99990,1.000,1.000
2.3626,-0.01400,0.00000,0.99990,1.000,1.000
2.3656,-0.01400,0.00000,0.99990,1.000,1.000
2.3687,-0.01400,0.00000,0.99990,1.000,1.000
2.3721,-0.01400,0.00000,0.99990,1.000,1.000
2.3751,-0.01400,0.00000,0.99990,1.000,1.000
2.3782,-0.01400,0.00000,0.99990,1.000,1.000
2.3808,-0.01400,0.00000,0.99990,1.000,1.000
2.3836,-0.01400,0.00000,0.99990,1.000,1.000
2.3863,-0.01400,0.00000,0.99990,1.000,1.000
2.3887,-0.01400,0.00000,0.99990,1.000,1.000
2.3914,-0.01400,0.00000,0.99990,1.000,1.000
2.3939,-0.01400,0.00000,0.99990,1.000,1.000
2.3969,-0.01400,0.00000,0.99990,1.000,1.000
2.4001,-0.01400,0.00000,0.99990,1.000,1.000
2.4037,-0.01400,0.00000,0.99990,1.000,1.000
2.4075,-0.01400,0.00000,0.99990,1.000,1.000
2.4105,-0.01400,0.00000,0.99990,1.000,1.000
2.4133,-0.01400,0.00000,0.99990,1.000,1.000
2.4164,-0.01400,0.00000,0.99990,1.000,1.000
2.4186,-0.01400,0.00000,0.99990,1.000,1.000
2.4207,-0.01400,0.00000,0.99990,1.000,1.000
2.4230,-0.01400,0.00000,0.99990,1.000,1.000
2.4254,-0.01400,0.00000,0.99990,1.000,1.000
2.4278,-0.01400,0.00000,0.99990,1.000,1.000
2.4302,-0.01400,0.00000,0.99990,1.000,1.000
2.4327,-0.01400,0.00000,0.99990,1.000,1.000
2.4351,-0.01400,0.00000,0.99990,1.000,1.000
2.4380,-0.01400,0.00000,0.99990,1.000,1.000
2.4411,-0.01400,0.00000,0.99990,1.000,1.000
2.4439,-0.01400,0.00000,0.99990,1.000,1.000
2.4469,-0.01400,0.00000,0.99990,1.000,1.000
2.4500,-0.01400,0.00000,0.99990,1.000,1.000
2.4527,-0.01400,0.00000,0.99990,1.000,1.000
2.4548,-0.01400,0.00000,0.99990,1.000,1.000
2.4571,-0.01400,0.00000,0.99990,1.000,1.000
2.4603,-0.01400,0.00000,0.99990,1.000,1.000
2.4632,-0.01400,0.00000,0.99990,1.000,1.000
2.4660,-0.01400,0.00000,0.99990,1.000,1.000
2.4686,-0.01400,0.00000,0.99990,1.000,1.000
2.4713,-0.01400,0.00000,0.99990,1.000,1.000
2.4742,-0.01400,0.00000,0.99990,1.000,1.000
2.4779,-0.01400,0.00000,0.99990,1.000,1.000
2.4809,-0.01400,0.00000,0.99990,1.000,1.000
2.4839,-0.01400,0.00000,0.99990,1.000,1.000
2.4869,-0.01400,0.00000,0.99990,1.000,1.000
2.4896,-0.01400,0.00000,0.99990,1.000,1.000
2.4923,-0.01400,0.00000,0.99990,1.000,1.000
2.4950,-0.01400,0.00000,0.99990,1.000,1.000
2.4982,-0.01400,0.00000,0.99990,1.000,1.000
2.5008,-0.01400,0.00000,0.99990,1.000,1.000
2.5032,-0.01400,0.00000,0.99990,1.000,1.000
2.5057,-0.01400,0.00000,0.99990,1.000,1.000
2.5084,-0.01400,0.00000,0.99990,1.000,1.000
2.5117,-0.01400,0.00000,0.99990,1.000,1.000
2.5150,-0.01400,0.00000,0.99990,1.000,1.000
2.5184,-0.01400,0.00000,0.99990,1.000,1.000
2.5219,-0.01400,0.00000,0.99990,1.000,1.000
2.5249,-0.01400,0.00000,0.99990,1.000,1.000
2.5275,-0.01400,0.00000,0.99990,1.000,1.000
2.5302,-0.01400,0.00000,0.99990,1.000,1.000
2.5325,-0.01400,0.00000,0.99990,1.000,1.000
2.5348,-0.01400,0.00000,0.99990,1.000,1.000
2.5374,-0.01400,0.00000,0.99990,1.000,1.000
2.5399,-0.01400,0.00000,0.99990,1.000,1.000
2.5425,-0.01400,0.00000,0.99990,1.000,1.000
2.5448,-0.01400,0.00000,0.99990,1.000,1.000
2.5475,-0.01400,0.00000,0.99990,1.000,1.000
2.5504,-0.01400,0.00000,0.99990,1.000,1.000
2.5540,-0.01400,0.00000,0.99990,1.000,1.000
2.5577,-0.01400,0.00000,0.99990,1.000,1.000
2.5603,-0.01400,0.00000,0.99990,1.000,1.000
2.5626,-0.01400,0.00000,0.99990,1.000,1.000
2.5646,-0.01400,0.00000,0.99990,1.000,1.000
2.5670,-0.01400,0.00000,0.99990,1.000,1.000
2.5696,-0.01400,0.00000,0.99990,1.000,1.000
2.5725,-0.01400,0.00000,0.99990,1.000,1.000
2.5750,-0.01400,0.00000,0.99990,1.000,1.000
2.5780,-0.01400,0.00000,0.99990,1.000,1.000
2.5805,-0.01400,0.00000,0.99990,1.000,1.000
2.5827,-0.01400,0.00000,0.99990,1.000,1.000
2.5849,-0.01400,0.00000,0.99990,1.000,1.000
2.5878,-0.01400,0.00000,0.99990,1.000,1.000
2.5910,-0.01400,0.00000,0.99990,1.000,1.000
2.5936,-0.01400,0.00000,0.99990,1.000,1.000
2.5967,-0.01400,0.00000,0.99990,1.000,1.000
2.5997,-0.01400,0.00000,0.99990,1.000,1.000
2.6026,-0.01400,0.00000,0.99990,1.000,1.000
2.6051,-0.01400,0.00000,0.99990,1.000,1.000
2.6074,-0.01400,0.00000,0.99990,1.000,1.000
2.6098,-0.01400,0.00000,0.99990,1.000,1.000
2.6120,-0.01400,0.00000,0.99990,1.000,1.000
2.6146,-0.01400,0.00000,0.99990,1.000,1.000
2.6175,-0.01400,0.00000,0.99990,1.000,1.000
2.6198,-0.01400,0.00000,0.99990,1.000,1.000
2.6227,-0.01400,0.00000,0.99990,1.000,1.000
2.6251,-0.01400,0.00000,0.99990,1.000,1.000
2.6275,-0.01400,0.00000,0.99990,1.000,1.000
2.6302,-0.01400,0.00000,0.99990,1.000,1.000
2.6334,-0.01400,0.00000,0.99990,1.000,1.000
2.6368,-0.01400,0.00000,0.99990,1.000,1.000
2.6395,-0.01400,0.00000,0.99990,1.000,1.000
2.6419,-0.01400,0.00000,0.99990,1.000,1.000
2.6443,-0.01400,0.00000,0.99990,1.000,1.000
2.6477,-0.01400,0.00000,0.99990,1.000,1.000
2.6504,-0.01400,0.00000,0.99990,1.000,1.000
2.6532,-0.01400,0.00000,0.99990,1.000,1.000
2.6563,-0.01400,0.00000,0.99990,1.000,1.000
2.6586,-0.01400,0.00000,0.99990,1.000,1.000
2.6610,-0.01400,0.00000,0.99990,1.000,1.000
2.6636,-0.01400,0.00000,0.99990,1.000,1.000
2.6662,-0.01400,0.00000,0.99990,1.000,1.000
2.6694,-0.01400,0.00000,0.99990,1.000,1.000
2.6722,-0.01400,0.00000,0.99990,1.000,1.000
2.6753,-0.01400,0.00000,0.99990,1.000,1.000
2.6785,-0.01400,0.00000,0.99990,1.000,1.000
2.6815,-0.01400,0.00000,0.99990,1.000,1.000
2.6841,-0.01400,0.00000,0.99990,1.000,1.000
2.6865,-0.01400,0.00000,0.99990,1.000,1.000
2.6893,-0.01400,0.00000,0.99990,1.000,1.000
2.6918,-0.01400,0.00000,0.99990,1.000,1.000
2.6943,-0.01400,0.00000,0.99990,1.000,1.000
2.6970,-0.01400,0.00000,0.99990,1.000,1.000
2.6995,-0.01400,0.00000,0.99990,1.000,1.000
2.7019,-0.01400,0.00000,0.99990,1.000,1.000
2.7040,-0.01400,0.00000,0.99990,1.000,1.000
2.7067,-0.01400,0.00000,0.99990,1.000,1.000
2.7095,-0.01400,0.00000,0.99990,1.000,1.000
2.7137,-0.01400,0.00000,0.99990,1.000,1.000
2.7169,-0.01400,0.00000,0.99990,1.000,1.000
2.7197,-0.01400,0.00000,0.99990,1.000,1.000
2.7225,-0.01400,0.00000,0.99990,1.000,1.000
2.7255,-0.01400,0.00000,0.99990,1.000,1.000
2.7276,-0.01400,0.00000,0.99990,1.000,1.000
2.7302,-0.01400,0.00000,0.99990,1.000,1.000
2.7324,-0.01400,0.00000,0.99990,1.000,1.000
2.7347,-0.01400,0.00000,0.99990,1.000,1.000
2.7374,-0.01400,0.00000,0.99990,1.000,1.000
2.7397,-0.01400,0.00000,0.99990,1.000,1.000
2.7422,-0.01400,0.00000,0.99990,1.000,1.000
2.7448,-0.01400,0.00000,0.99990,1.000,1.000
2.7482,-0.01400,0.00000,0.99990,1.000,1.000
2.7515,-0.01400,0.00000,0.99990,1.000,1.000
2.7546,-0.01400,0.00000,0.99990,1.000,1.000
2.7579,-0.01400,0.00000,0.99990,1.000,1.000
2.7606,-0.01400,0.00000,0.99990,1.000,1.000
2.7629,-0.01400,0.00000,0.99990,1.000,1.000
2.7651,-0.01400,0.00000,0.99990,1.000,1.000
2.7679,-0.01400,0.00000,0.99990,1.000,1.000
2.7703,-0.01400,0.00000,0.99990,1.000,1.000
2.7729,-0.01400,0.00000,0.99990,1.000,1.000
2.7751,-0.01400,0.00000,0.99990,1.000,1.000
2.7779,-0.01400,0.00000,0.99990,1.000,1.000
2.7804,-0.01400,0.00000,0.99990,1.000,1.000
2.7832,-0.01400,0.00000,0.99990,1.000,1.000
2.7861,-0.01400,0.00000,0.99990,1.000,1.000
2.7891,-0.01400,0.00000,0.99990,1.000,1.000
2.7922,-0.01400,0.00000,0.99990,1.000,1.000
2.7949,-0.01400,0.00000,0.99990,1.000,1.000
2.7984,-0.01400,0.00000,0.99990,1.000,1.000
2.8011,-0.01400,0.00000,0.99990,1.000,1.000
2.8042,-0.01400,0.00000,0.99990,1.000,1.000
2.8079,-0.01400,0.00000,0.99990,1.000,1.000
2.8107,-0.01400,0.00000,0.99990,1.000,1.000
2.8138,-0.01400,0.00000,0.99990,1.000,1.000
2.8179,-0.01400,0.00000,0.99990,1.000,1.000
2.8214,-0.01400,0.00000,0.99990,1.000,1.000
2.8244,-0.01400,0.00000,0.99990,1.000,1.000
2.8270,-0.01400,0.00000,0.99990,1.000,1.000
2.8301,-0.01400,0.00000,0.99990,1.000,1.000
2.8329,-0.01400,0.00000,0.99990,1.000,1.000
2.8354,-0.01400,0.00000,0.99990,1.000,1.000
2.8380,-0.01400,0.00000,0.99990,1.000,1.000
2.8460,-0.01400,0.00000,0.99990,1.000,1.000
2.8487,-0.01400,0.00000,0.99990,1.000,1.000
2.8518,-0.01400,0.00000,0.99990,1.000,1.000
2.8552,-0.01400,0.00000,0.99990,1.000,1.000
2.8600,-0.01400,0.00000,0.99990,1.000,1.000
2.8627,-0.01400,0.00000,0.99990,1.000,1.000
2.8657,-0.01400,0.00000,0.99990,1.000,1.000
2.8689,-0.01400,0.00000,0.99990,1.000,1.000
2.8726,-0.01400,0.00000,0.99990,1.000,1.000
2.8767,-0.01400,0.00000,0.99990,1.000,1.000
2.8795,-0.01400,0.00000,0.99990,1.000,1.000
2.8825,-0.01400,0.00000,0.99990,1.000,1.000
2.8854,-0.01400,0.00000,0.99990,1.000,1.000
2.8887,-0.01400,0.00000,0.99990,1.000,1.000
2.8915,-0.01400,0.00000,0.99990,1.000,1.000
2.8948,-0.01400,0.00000,0.99990,1.000,1.000
2.8991,-0.01400,0.00000,0.99990,1.000,1.000
2.9026,-0.01400,0.00000,0.99990,1.000,1.000
2.9058,-0.01400,0.00000,0.99990,1.000,1.000
2.9086,-0.01400,0.00000,0.99990,1.000,1.000
2.9114,-0.01400,0.00000,0.99990,1.000,1.000
2.9147,-0.01400,0.00000,0.99990,1.000,1.000
2.9180,-0.01400,0.00000,0.99990,1.000,1.000
2.9204,-0.01400,0.00000,0.99990,1.000,1.000
2.9226,-0.01400,0.00000,0.99990,1.000,1.000
2.9249,-0.01400,0.00000,0.99990,1.000,1.000
2.9278,-0.01400,0.00000,0.99990,1.000,1.000
2.9312,-0.01400,0.00000,0.99990,1.000,1.000
2.9341,-0.01400,0.00000,0.99990,1.000,1.000
2.9378,-0.01400,0.00000,0.99990,1.000,1.000
2.9410,-0.01400,0.00000,0.99990,1.000,1.000
2.9441,-0.01400,0.00000,0.99990,1.000,1.000
2.9470,-0.01400,0.00000,0.99990,1.000,1.000
2.9499,-0.01400,0.00000,0.99990,1.000,1.000
2.9524,-0.01400,0.00000,0.99990,1.000,1.000
2.9549,-0.01400,0.00000,0.99990,1.000,1.000
2.9578,-0.01400,0.00000,0.99990,1.000,1.000
2.9606,-0.01400,0.00000,0.99990,1.000,1.000
2.9630,-0.01400,0.00000,0.99990,1.000,1.000
2.9657,-0.01400,0.00000,0.99990,1.000,1.000
2.9687,-0.01400,0.00000,0.99990,1.000,1.000
2.9717,-0.01400,0.00000,0.99990,1.000,1.000
2.9749,-0.01400,0.00000,0.99990,1.000,1.000
2.9781,-0.01400,0.00000,0.99990,1.000,1.000
2.9807,-0.01400,0.00000,0.99990,1.000,1.000
2.9832,-0.01400,0.00000,0.99990,1.000,1.000
2.9857,-0.01400,0.00000,0.99990,1.000,1.000
2.9880,-0.01400,0.00000,0.99990,1.000,1.000
2.9908,-0.01400,0.00000,0.99990,1.000,1.000
2.9937,-0.01400,0.00000,0.99990,1.000,1.000
2.9965,-0.01400,0.00000,0.99990,1.000,1.000
2.9987,-0.01400,0.00000,0.99990,1.000,1.000
3.0012,-0.01400,0.00000,0.99990,1.000,1.000
3.0040,-0.01400,0.00000,0.99990,1.000,1.000
3.0074,-0.01400,0.00000,0.99990,1.000,1.000
3.0108,-0.01400,0.00000,0.99990,1.000,1.000
3.0139,-0.01400,0.00000,0.99990,1.000,1.000
3.0171,-0.01400,0.00000,0.99990,1.000,1.000
3.0198,-0.01400,0.00000,0.99990,1.000,1.000
3.0226,-0.01400,0.00000,0.99990,1.000,1.000
3.0257,-0.01400,0.00000,0.99990,1.000,1.000
3.0291,-0.01400,0.00000,0.99990,1.000,1.000
3.0319,-0.01400,0.00000,0.99990,1.000,1.000
3.0346,-0.01400,0.00000,0.99990,1.000,1.000
3.0373,-0.01400,0.00000,0.99990,1.000,1.000
3.0413,-0.01400,0.00000,0.99990,1.000,1.000
3.0446,-0.01400,0.00000,0.99990,1.000,1.000
3.0480,-0.01400,0.00000,0.99990,1.000,1.000
3.0504,-0.01400,0.00000,0.99990,1.000,1.000
3.0530,-0.01400,0.00000,0.99990,1.000,1.000
3.0564,-0.01400,0.00000,0.99990,1.000,1.000
3.0596,-0.01400,0.00000,0.99990,1.000,1.000
3.0624,-0.01400,0.00000,0.99990,1.000,1.000
3.0650,-0.01400,0.00000,0.99990,1.000,1.000
3.0675,-0.01400,0.00000,0.99990,1.000,1.000
3.0703,-0.01400,0.00000,0.99990,1.000,1.000
3.0730,-0.01400,0.00000,0.99990,1.000,1.000
3.0766,-0.01400,0.00000,0.99990,1.000,1.000
3.0805,-0.01400,0.00000,0.99990,1.000,1.000
3.0840,-0.01400,0.00000,0.99990,1.000,1.000
3.0868,-0.01400,0.00000,0.99990,1.000,1.000
3.0903,-0.01400,0.00000,0.99990,1.000,1.000
3.0948,-0.01400,0.00000,0.99990,1.000,1.000
3.0980,-0.01400,0.00000,0.99990,1.000,1.000
3.1009,-0.01400,0.00000,0.99990,1.000,1.000
3.1033,-0.01400,0.00000,0.99990,1.000,1.000
3.1057,-0.01400,0.00000,0.99990,1.000,1.000
3.1085,-0.01400,0.00000,0.99990,1.000,1.000
3.1119,-0.01400,0.00000,0.99990,1.000,1.000
3.1152,-0.01400,0.00000,0.99990,1.000,1.000
3.1189,-0.01400,0.00000,0.99990,1.000,1.000
3.1215,-0.01400,0.00000,0.99990,1.000,1.000
3.1250,-0.01400,0.00000,0.99990,1.000,1.000
3.1284,-0.01400,0.00000,0.99990,1.000,1.000
3.1322,-0.01400,0.00000,0.99990,1.000,1.000
3.1352,-0.01400,0.00000,0.99990,1.000,1.000
3.1387,-0.01400,0.00000,0.99990,1.000,1.000
3.1418,-0.01400,0.00000,0.99990,1.000,1.000
3.1445,-0.01400,0.00000,0.99990,1.000,1.000
3.1473,-0.01400,0.00000,0.99990,1.000,1.000
3.1501,-0.01400,0.00000,0.99990,1.000,1.000
3.1527,-0.01400,0.00000,0.99990,1.000,1.000
3.1554,-0.01400,0.00000,0.99990,1.000,1.000
3.1582,-0.01400,0.00000,0.99990,1.000,1.000
3.1607,-0.01400,0.00000,0.99990,1.000,1.000
3.1643,-0.01400,0.00000,0.99990,1.000,1.000
3.1674,-0.01400,0.00000,0.99990,1.000,1.000
3.1702,-0.01400,0.00000,0.99990,1.000,1.000
3.1733,-0.01400,0.00000,0.99990,1.000,1.000
3.1761,-0.01400,0.00000,0.99990,1.000,1.000
3.1790,-0.01400,0.00000,0.99990,1.000,1.000
3.1816,-0.01400,0.00000,0.99990,1.000,1.000
3.1845,-0.01400,0.00000,0.99990,1.000,1.000
3.1873,-0.01400,0.00000,0.99990,1.000,1.000
3.1903,-0.01400,0.00000,0.99990,1.000,1.000
3.1934,-0.01400,0.00000,0.99990,1.000,1.000
3.1977,-0.01400,0.00000,0.99990,1.000,1.000
3.2012,-0.01400,0.00000,0.99990,1.000,1.000
3.2041,-0.01400,0.00000,0.99990,1.000,1.000
3.2066,-0.01400,0.00000,0.99990,1.000,1.000
3.2093,-0.01400,0.00000,0.99990,1.000,1.000
3.2118,-0.01400,0.00000,0.99990,1.000,1.000
3.2149,-0.01400,0.00000,0.99990,1.000,1.000
3.2176,-0.01400,0.00000,0.99990,1.000,1.000
3.2199,-0.01400,0.00000,0.99990,1.000,1.000
3.2223,-0.01400,0.00000,0.99990,1.000,1.000
3.2245,-0.01400,0.00000,0.99990,1.000,1.000
3.2273,-0.01400,0.00000,0.99990,1.000,1.000
3.2299,-0.01400,0.00000,0.99990,1.000,1.000
3.2345,-0.01400,0.00000,0.99990,1.000,1.000
3.2391,-0.01400,0.00000,0.99990,1.000,1.000
3.2426,-0.01400,0.00000,0.99990,1.000,1.000
3.2455,-0.01400,0.00000,0.99990,1.000,1.000
3.2481,-0.01400,0.00000,0.99990,1.000,1.000
3.2509,-0.01400,0.00000,0.99990,1.000,1.000
3.2538,-0.01400,0.00000,0.99990,1.000,1.000
3.2571,-0.01400,0.00000,0.99990,1.000,1.000
3.2602,-0.01400,0.00000,0.99990,1.000,1.000
3.2644,-0.01400,0.00000,0.99990,1.000,1.000
3.2679,-0.01400,0.00000,0.99990,1.000,1.000
3.2719,-0.01400,0.00000,0.99990,1.000,1.000
3.2755,-0.01400,0.00000,0.99990,1.000,1.000
3.2798,-0.01400,0.00000,0.99990,1.000,1.000
3.2834,-0.01400,0.00000,0.99990,1.000,1.000
3.2867,-0.01400,0.00000,0.99990,1.000,1.000
3.2902,-0.01400,0.00000,0.99990,1.000,1.000
3.2930,-0.01400,0.00000,0.99990,1.000,1.000
3.2963,-0.01400,0.00000,0.99990,1.000,1.000
3.2987,-0.01400,0.00000,0.99990,1.000,1.000
3.3015,-0.01400,0.00000,0.99990,1.000,1.000
3.3043,-0.01400,0.00000,0.99990,1.000,1.000
3.3074,-0.01400,0.00000,0.99990,1.000,1.000
3.3103,-0.01400,0.00000,0.99990,1.000,1.000
3.3130,-0.01400,0.00000,0.99990,1.000,1.000
3.3152,-0.01400,0.00000,0.99990,1.000,1.000
3.3182,-0.01400,0.00000,0.99990,1.000,1.000
3.3204,-0.01400,0.00000,0.99990,1.000,1.000
3.3228,-0.01400,0.00000,0.99990,1.000,1.000
3.3252,-0.01400,0.00000,0.99990,1.000,1.000
3.3274,-0.01400,0.00000,0.99990,1.000,1.000
3.3299,-0.01400,0.00000,0.99990,1.000,1.000
3.3324,-0.01400,0.00000,0.99990,1.000,1.000
3.3349,-0.01400,0.00000,0.99990,1.000,1.000
3.3384,-0.01400,0.00000,0.99990,1.000,1.000
3.3413,-0.01400,0.00000,0.99990,1.000,1.000
3.3443,-0.01400,0.00000,0.99990,1.000,1.000
3.3471,-0.01400,0.00000,0.99990,1.000,1.000
3.3501,-0.01400,0.00000,0.99990,1.000,1.000
3.3527,-0.01400,0.00000,0.99990,1.000,1.000
3.3554,-0.01400,0.00000,0.99990,1.000,1.000
3.3580,-0.01400,0.00000,0.99990,1.000,1.000
3.3605,-0.01400,0.00000,0.99990,1.000,1.000
3.3627,-0.01400,0.00000,0.99990,1.000,1.000
3.3650,-0.01400,0.00000,0.99990,1.000,1.000
3.3673,-0.01400,0.00000,0.99990,1.000,1.000
3.3695,-0.01400,0.00000,0.99990,1.000,1.000
3.3720,-0.01400,0.00000,0.99990,1.000,1.000
3.3746,-0.01400,0.00000,0.99990,1.000,1.000
3.3774,-0.01400,0.00000,0.99990,1.000,1.000
3.3802,-0.01400,0.00000,0.99990,1.000,1.000
3.3827,-0.01400,0.00000,0.99990,1.000,1.000
3.3854,-0.01400,0.00000,0.99990,1.000,1.000
3.3876,-0.01400,0.00000,0.99990,1.000,1.000
3.3897,-0.01400,0.00000,0.99990,1.000,1.000
3.3919,-0.01400,0.00000,0.99990,1.000,1.000
3.3941,-0.01400,0.00000,0.99990,1.000,1.000
3.3973,-0.01400,0.00000,0.99990,1.000,1.000
3.3996,-0.01400,0.00000,0.99990,1.000,1.000
3.4021,-0.01400,0.00000,0.99990,1.000,1.000
3.4045,-0.01400,0.00000,0.99990,1.000,1.000
3.4067,-0.01400,0.00000,0.99990,1.000,1.000
3.4090,-0.01400,0.00000,0.99990,1.000,1.000
3.4120,-0.01400,0.00000,0.99990,1.000,1.000
3.4152,-0.01400,0.00000,0.99990,1.000,1.000
3.4184,-0.01400,0.00000,0.99990,1.000,1.000
3.4212,-0.01400,0.00000,0.99990,1.000,1.000
3.4240,-0.01400,0.00000,0.99990,1.000,1.000
3.4276,-0.01400,0.00000,0.99990,1.000,1.000
3.4303,-0.01400,0.00000,0.99990,1.000,1.000
3.4334,-0.01400,0.00000,0.99990,1.000,1.000
3.4360,-0.01400,0.00000,0.99990,1.000,1.000
3.4385,-0.01400,0.00000,0.99990,1.000,1.000
3.4410,-0.01400,0.00000,0.99990,1.000,1.000
3.4434,-0.01400,0.00000,0.99990,1.000,1.000
3.4463,-0.01400,0.00000,0.99990,1.000,1.000
3.4488,-0.01400,0.00000,0.99990,1.000,1.000
3.4513,-0.01400,0.00000,0.99990,1.000,1.000
3.4539,-0.01400,0.00000,0.99990,1.000,1.000
3.4565,-0.01400,0.00000,0.99990,1.000,1.000
3.4590,-0.01400,0.00000,0.99990,1.000,1.000
3.4615,-0.01400,0.00000,0.99990,1.000,1.000
3.4641,-0.01400,0.00000,0.99990,1.000,1.000
3.4663,-0.01400,0.00000,0.99990,1.000,1.000
3.4687,-0.01400,0.00000,0.99990,1.000,1.000
3.4711,-0.01400,0.00000,0.99990,1.000,1.000
3.4732,-0.01400,0.00000,0.99990,1.000,1.000
3.4755,-0.01400,0.00000,0.99990,1.000,1.000
3.4780,-0.01400,0.00000,0.99990,1.000,1.000
3.4807,-0.01400,0.00000,0.99990,1.000,1.000
3.4835,-0.01400,0.00000,0.99990,1.000,1.000
3.4863,-0.01400,0.00000,0.99990,1.000,1.000
3.4890,-0.01400,0.00000,0.99990,1.000,1.000
3.4918,-0.01400,0.00000,0.99990,1.000,1.000
3.4947,-0.01400,0.00000,0.99990,1.000,1.000
3.4972,-0.01400,0.00000,0.99990,1.000,1.000
3.4998,-0.01400,0.00000,0.99990,1.000,1.000
3.5021,-0.01400,0.00000,0.99990,1.000,1.000
3.5046,-0.01400,0.00000,0.99990,1.000,1.000
3.5070,-0.01400,0.00000,0.99990,1.000,1.000
3.5092,-0.01400,0.00000,0.99990,1.000,1.000
3.5116,-0.01400,0.00000,0.99990,1.000,1.000
3.5138,-0.01400,0.00000,0.99990,1.000,1.000
3.5164,-0.01400,0.00000,0.99990,1.000,1.000
3.5195,-0.01400,0.00000,0.99990,1.000,1.000
3.5227,-0.01400,0.00000,0.99990,1.000,1.000
3.5256,-0.01400,0.00000,0.99990,1.000,1.000
3.5284,-0.01400,0.00000,0.99990,1.000,1.000
3.5310,-0.01400,0.00000,0.99990,1.000,1.000
3.5336,-0.01400,0.00000,0.99990,1.000,1.000
3.5367,-0.01400,0.00000,0.99990,1.000,1.000
3.5392,-0.01400,0.00000,0.99990,1.000,1.000
3.5417,-0.01400,0.00000,0.99990,1.000,1.000
3.5440,-0.01400,0.00000,0.99990,1.000,1.000
3.5462,-0.01400,0.00000,0.99990,1.000,1.000
3.5486,-0.01400,0.00000,0.99990,1.000,1.000
3.5509,-0.01400,0.00000,0.99990,1.000,1.000
3.5542,-0.01400,0.00000,0.99990,1.000,1.000
3.5570,-0.01400,0.00000,0.99990,1.000,1.000
3.5597,-0.01400,0.00000,0.99990,1.000,1.000
3.5623,-0.01400,0.00000,0.99990,1.000,1.000
3.5646,-0.01400,0.00000,0.99990,1.000,1.000
3.5671,-0.01400,0.00000,0.99990,1.000,1.000
3.5700,-0.01400,0.00000,0.99990,1.000,1.000
3.5732,-0.01400,0.00000,0.99990,1.000,1.000
3.5763,-0.01400,0.00000,0.99990,1.000,1.000
3.5787,-0.01400,0.00000,0.99990,1.000,1.000
3.5811,-0.01400,0.00000,0.99990,1.000,1.000
3.5833,-0.01400,0.00000,0.99990,1.000,1.000
3.5856,-0.01400,0.00000,0.99990,1.000,1.000
3.5884,-0.01400,0.00000,0.99990,1.000,1.000
3.5919,-0.01400,0.00000,0.99990,1.000,1.000
3.5945,-0.01400,0.00000,0.99990,1.000,1.000
3.5971,-0.01400,0.00000,0.99990,1.000,1.000
3.5997,-0.01400,0.00000,0.99990,1.000,1.000
3.6021,-0.01400,0.00000,0.99990,1.000,1.000
3.6047,-0.01400,0.00000,0.99990,1.000,1.000
3.6072,-0.01400,0.00000,0.99990,1.000,1.000
3.6098,-0.01400,0.00000,0.99990,1.000,1.000
3.6122,-0.01400,0.00000,0.99990,1.000,1.000
3.6146,-0.01400,0.00000,0.99990,1.000,1.000
3.6170,-0.01400,0.00000,0.99990,1.000,1.000
3.6196,-0.01400,0.00000,0.99990,1.000,1.000
3.6219,-0.01400,0.00000,0.99990,1.000,1.000
3.6243,-0.01400,0.00000,0.99990,1.000,1.000
3.6273,-0.01400,0.00000,0.99990,1.000,1.000
3.6301,-0.01400,0.00000,0.99990,1.000,1.000
3.6325,-0.01400,0.00000,0.99990,1.000,1.000
3.6350,-0.01400,0.00000,0.99990,1.000,1.000
3.6376,-0.01400,0.00000,0.99990,1.000,1.000
3.6406,-0.01400,0.00000,0.99990,1.000,1.000
3.6428,-0.01400,0.00000,0.99990,1.000,1.000
3.6452,-0.01400,0.00000,0.99990,1.000,1.000
3.6476,-0.01400,0.00000,0.99990,1.000,1.000
3.6500,-0.01400,0.00000,0.99990,1.000,1.000
3.6522,-0.01400,0.00000,0.99990,1.000,1.000
3.6545,-0.01400,0.00000,0.99990,1.000,1.000
3.6574,-0.01400,0.00000,0.99990,1.000,1.000
3.6600,-0.01400,0.00000,0.99990,1.000,1.000
3.6628,-0.01400,0.00000,0.99990,1.000,1.000
3.6655,-0.01400,0.00000,0.99990,1.000,1.000
3.6680,-0.01400,0.00000,0.99990,1.000,1.000
3.6706,-0.01400,0.00000,0.99990,1.000,1.000
3.6729,-0.01400,0.00000,0.99990,1.000,1.000
3.6764,-0.01400,0.00000,0.99990,1.000,1.000
3.6789,-0.01400,0.00000,0.99990,1.000,1.000
3.6814,-0.01400,0.00000,0.99990,1.000,1.000
3.6837,-0.01400,0.00000,0.99990,1.000,1.000
3.6859,-0.01400,0.00000,0.99990,1.000,1.000
3.6883,-0.01400,0.00000,0.99990,1.000,1.000
3.6905,-0.01400,0.00000,0.99990,1.000,1.000
3.6930,-0.01400,0.00000,0.99990,1.000,1.000
3.6963,-0.01400,0.00000,0.99990,1.000,1.000
3.6991,-0.01400,0.00000,0.99990,1.000,1.000
3.7022,-0.01400,0.00000,0.99990,1.000,1.000
3.7048,-0.01400,0.00000,0.99990,1.000,1.000
3.7073,-0.01400,0.00000,0.99990,1.000,1.000
3.7103,-0.01400,0.00000,0.99990,1.000,1.000
3.7132,-0.01400,0.00000,0.99990,1.000,1.000
3.7160,-0.01400,0.00000,0.99990,1.000,1.000
3.7186,-0.01400,0.00000,0.99990,1.000,1.000
3.7211,-0.01400,0.00000,0.99990,1.000,1.000
3.7234,-0.01400,0.00000,0.99990,1.000,1.000
3.7259,-0.01400,0.00000,0.99990,1.000,1.000
3.7287,-0.01400,0.00000,0.99990,1.000,1.000
3.7320,-0.01400,0.00000,0.99990,1.000,1.000
3.7347,-0.01400,0.00000,0.99990,1.000,1.000
3.7378,-0.01400,0.00000,0.99990,1.000,1.000
3.7401,-0.01400,0.00000,0.99990,1.000,1.000
3.7427,-0.01400,0.00000,0.99990,1.000,1.000
3.7451,-0.01400,0.00000,0.99990,1.000,1.000
3.7476,-0.01400,0.00000,0.99990,1.000,1.000
3.7504,-0.01400,0.00000,0.99990,1.000,1.000
3.7527,-0.01400,0.00000,0.99990,1.000,1.000
3.7552,-0.01400,0.00000,0.99990,1.000,1.000
3.7577,-0.01400,0.00000,0.99990,1.000,1.000
3.7600,-0.01400,0.00000,0.99990,1.000,1.000
3.7623,-0.01400,0.00000,0.99990,1.000,1.000
3.7650,-0.01400,0.00000,0.99990,1.000,1.000
3.7677,-0.01400,0.00000,0.99990,1.000,1.000
3.7706,-0.01400,0.00000,0.99990,1.000,1.000
3.7733,-0.01400,0.00000,0.99990,1.000,1.000
3.7761,-0.01400,0.00000,0.99990,1.000,1.000
3.7790,-0.01400,0.00000,0.99990,1.000,1.000
3.7814,-0.01400,0.00000,0.99990,1.000,1.000
3.7841,-0.01400,0.00000,0.99990,1.000,1.000
3.7870,-0.01400,0.00000,0.99990,1.000,1.000
3.7892,-0.01400,0.00000,0.99990,1.000,1.000
3.7913,-0.01400,0.00000,0.99990,1.000,1.000
3.7933,-0.01400,0.00000,0.99990,1.000,1.000
3.7953,-0.01400,0.00000,0.99990,1.000,1.000
3.7976,-0.01400,0.00000,0.99990,1.000,1.000
3.8002,-0.01400,0.00000,0.99990,1.000,1.000
3.8033,-0.01400,0.00000,0.99990,1.000,1.000
3.8061,-0.01400,0.00000,0.99990,1.000,1.000
3.8087,-0.01400,0.00000,0.99990,1.000,1.000
3.8113,-0.01400,0.00000,0.99990,1.000,1.000
3.8140,-0.01400,0.00000,0.99990,1.000,1.000
3.8169,-0.01400,0.00000,0.99990,1.000,1.000
3.8189,-0.01400,0.00000,0.99990,1.000,1.000
3.8217,-0.01400,0.00000,0.99990,1.000,1.000
3.8239,-0.01400,0.00000,0.99990,1.000,1.000
3.8261,-0.01400,0.00000,0.99990,1.000,1.000
3.8284,-0.01400,0.00000,0.99990,1.000,1.000
3.8307,-0.01400,0.00000,0.99990,1.000,1.000
3.8332,-0.01400,0.00000,0.99990,1.000,1.000
3.8362,-0.01400,0.00000,0.99990,1.000,1.000
3.8399,-0.01400,0.00000,0.99990,1.000,1.000
3.8427,-0.01400,0.00000,0.99990,1.000,1.000
3.8453,-0.01400,0.00000,0.99990,1.000,1.000
3.8481,-0.01400,0.00000,0.99990,1.000,1.000
3.8505,-0.01400,0.00000,0.99990,1.000,1.000
3.8530,-0.01400,0.00000,0.99990,1.000,1.000
3.8549,-0.01400,0.00000,0.99990,1.000,1.000
3.8575,-0.01400,0.00000,0.99990,1.000,1.000
3.8600,-0.01400,0.00000,0.99990,1.000,1.000
3.8622,-0.01400,0.00000,0.99990,1.000,1.000
3.8644,-0.01400,0.00000,0.99990,1.000,1.000
3.8668,-0.01400,0.00000,0.99990,1.000,1.000
3.8691,-0.01400,0.00000,0.99990,1.000,1.000
3.8714,-0.01400,0.00000,0.99990,1.000,1.000
3.8741,-0.01400,0.00000,0.99990,1.000,1.000
3.8779,-0.01400,0.00000,0.99990,1.000,1.000
3.8811,-0.01400,0.00000,0.99990,1.000,1.000
3.8840,-0.01400,0.00000,0.99990,1.000,1.000
3.8866,-0.01400,0.00000,0.99990,1.000,1.000
3.8895,-0.01400,0.00000,0.99990,1.000,1.000
3.8920,-0.01400,0.00000,0.99990,1.000,1.000
3.8945,-0.01400,0.00000,0.99990,1.000,1.000
3.8971,-0.01400,0.00000,0.99990,1.000,1.000
3.8991,-0.01400,0.00000,0.99990,1.000,1.000
3.9013,-0.01400,0.00000,0.99990,1.000,1.000
3.9032,-0.01400,0.00000,0.99990,1.000,1.000
3.9052,-0.01400,0.00000,0.99990,1.000,1.000
3.9076,-0.01400,0.00000,0.99990,1.000,1.000
3.9109,-0.01400,0.00000,0.99990,1.000,1.000
3.9139,-0.01400,0.00000,0.99990,1.000,1.000
3.9173,-0.01400,0.00000,0.99990,1.000,1.000
3.9198,-0.01400,0.00000,0.99990,1.000,1.000
3.9226,-0.01400,0.00000,0.99990,1.000,1.000
3.9250,-0.01400,0.00000,0.99990,1.000,1.000
3.9272,-0.01400,0.00000,0.99990,1.000,1.000
3.9296,-0.01400,0.00000,0.99990,1.000,1.000
3.9322,-0.01400,0.00000,0.99990,1.000,1.000
3.9344,-0.01400,0.00000,0.99990,1.000,1.000
3.9370,-0.01400,0.00000,0.99990,1.000,1.000
3.9395,-0.01400,0.00000,0.99990,1.000,1.000
3.9417,-0.01400,0.00000,0.99990,1.000,1.000
3.9442,-0.01400,0.00000,0.99990,1.000,1.000
3.9472,-0.01400,0.00000,0.99990,1.000,1.000
3.9501,-0.01400,0.00000,0.99990,1.000,1.000
3.9529,-0.01400,0.00000,0.99990,1.000,1.000
3.9556,-0.01400,0.00000,0.99990,1.000,1.000
3.9589,-0.01400,0.00000,0.99990,1.000,1.000
3.9617,-0.01400,0.00000,0.99990,1.000,1.000
3.9640,-0.01400,0.00000,0.99990,1.000,1.000
3.9667,-0.01400,0.00000,0.99990,1.000,1.000
3.9689,-0.01400,0.00000,0.99990,1.000,1.000
3.9709,-0.01400,0.00000,0.99990,1.000,1.000
3.9732,-0.01400,0.00000,0.99990,1.000,1.000
3.9754,-0.01400,0.00000,0.99990,1.000,1.000
3.9780,-0.01400,0.00000,0.99990,1.000,1.000
3.9809,-0.01400,0.00000,0.99990,1.000,1.000
3.9841,-0.01400,0.00000,0.99990,1.000,1.000
3.9874,-0.01400,0.00000,0.99990,1.000,1.000
3.9902,-0.01400,0.00000,0.99990,1.000,1.000
3.9928,-0.01400,0.00000,0.99990,1.000,1.000
3.9950,-0.01400,0.00000,0.99990,1.000,1.000
3.9976,-0.01400,0.00000,0.99990,1.000,1.000
3.9996,-0.01400,0.00000,0.99990,1.000,1.000
4.0021,-0.01400,0.00000,0.99990,1.000,1.000
4.0047,-0.01400,0.00000,0.99990,1.000,1.000
4.0067,-0.01400,0.00000,0.99990,1.000,1.000
4.0092,-0.01400,0.00000,0.99990,1.000,1.000
4.0115,-0.01400,0.00000,0.99990,1.000,1.000
4.0139,-0.01400,0.00000,0.99990,1.000,1.000
4.0170,-0.01400,0.00000,0.99990,1.000,1.000
4.0198,-0.01400,0.00000,0.99990,1.000,1.000
4.0228,-0.01400,0.00000,0.99990,1.000,1.000
4.0260,-0.01400,0.00000,0.99990,1.000,1.000
4.0285,-0.01400,0.00000,0.99990,1.000,1.000
4.0311,-0.01400,0.00000,0.99990,1.000,1.000
4.0336,-0.01400,0.00000,0.99990,1.000,1.000
4.0363,-0.01400,0.00000,0.99990,1.000,1.000
4.0392,-0.01400,0.00000,0.99990,1.000,1.000
4.0417,-0.01400,0.00000,0.99990,1.000,1.000
4.0442,-0.01400,0.00000,0.99990,1.000,1.000
4.0468,-0.01400,0.00000,0.99990,1.000,1.000
4.0491,-0.01400,0.00000,0.99990,1.000,1.000
4.0528,-0.01400,0.00000,0.99990,1.000,1.000
4.0562,-0.01400,0.00000,0.99990,1.000,1.000
4.0594,-0.01400,0.00000,0.99990,1.000,1.000
4.0622,-0.01400,0.00000,0.99990,1.000,1.000
4.0649,-0.01400,0.00000,0.99990,1.000,1.000
4.0673,-0.01400,0.00000,0.99990,1.000,1.000
4.0700,-0.01400,0.00000,0.99990,1.000,1.000
4.0724,-0.01400,0.00000,0.99990,1.000,1.000
4.0750,-0.01400,0.00000,0.99990,1.000,1.000
4.0774,-0.01400,0.00000,0.99990,1.000,1.000
4.0799,-0.01400,0.00000,0.99990,1.000,1.000
4.0824,-0.01400,0.00000,0.99990,1.000,1.000
4.0848,-0.01400,0.00000,0.99990,1.000,1.000
4.0877,-0.01400,0.00000,0.99990,1.000,1.000
4.0908,-0.01400,0.00000,0.99990,1.000,1.000
4.0941,-0.01400,0.00000,0.99990,1.000,1.000
4.0984,-0.01400,0.00000,0.99990,1.000,1.000
4.1015,-0.01400,0.00000,0.99990,1.000,1.000
4.1041,-0.01400,0.00000,0.99990,1.000,1.000
4.1070,-0.01400,0.00000,0.99990,1.000,1.000
4.1094,-0.01400,0.00000,0.99990,1.000,1.000
4.1119,-0.01400,0.00000,0.99990,1.000,1.000
4.1142,-0.01400,0.00000,0.99990,1.000,1.000
4.1167,-0.01400,0.00000,0.99990,1.000,1.000
4.1192,-0.01400,0.00000,0.99990,1.000,1.000
4.1227,-0.01400,0.00000,0.99990,1.000,1.000
4.1259,-0.01400,0.00000,0.99990,1.000,1.000
4.1291,-0.01400,0.00000,0.99990,1.000,1.000
4.1317,-0.01400,0.00000,0.99990,1.000,1.000
4.1339,-0.01400,0.00000,0.99990,1.000,1.000
4.1369,-0.01400,0.00000,0.99990,1.000,1.000
4.1394,-0.01400,0.00000,0.99990,1.000,1.000
4.1418,-0.01400,0.00000,0.99990,1.000,1.000
4.1441,-0.01400,0.00000,0.99990,1.000,1.000
4.1462,-0.01400,0.00000,0.99990,1.000,1.000
4.1488,-0.01400,0.00000,0.99990,1.000,1.000
4.1510,-0.01400,0.00000,0.99990,1.000,1.000
4.1532,-0.01400,0.00000,0.99990,1.000,1.000
4.1561,-0.01400,0.00000,0.99990,1.000,1.000
4.1589,-0.01400,0.00000,0.99990,1.000,1.000
4.1615,-0.01400,0.00000,0.99990,1.000,1.000
4.1639,-0.01400,0.00000,0.99990,1.000,1.000
4.1667,-0.01400,0.00000,0.99990,1.000,1.000
4.1695,-0.01400,0.00000,0.99990,1.000,1.000
4.1722,-0.01400,0.00000,0.99990,1.000,1.000
4.1748,-0.01400,0.00000,0.99990,1.000,1.000
4.1773,-0.01400,0.00000,0.99990,1.000,1.000
4.1797,-0.01400,0.00000,0.99990,1.000,1.000
4.1820,-0.01400,0.00000,0.99990,1.000,1.000
4.1843,-0.01400,0.00000,0.99990,1.000,1.000
4.1865,-0.01400,0.00000,0.99990,1.000,1.000
4.1886,-0.01400,0.00000,0.99990,1.000,1.000
4.1912,-0.01400,0.00000,0.99990,1.000,1.000
4.1942,-0.01400,0.00000,0.99990,1.000,1.000
4.1978,-0.01400,0.00000,0.99990,1.000,1.000
4.2005,-0.01400,0.00000,0.99990,1.000,1.000
4.2029,-0.01400,0.00000,0.99990,1.000,1.000
4.2052,-0.01400,0.00000,0.99990,1.000,1.000
4.2081,-0.01400,0.00000,0.99990,1.000,1.000
4.2109,-0.01400,0.00000,0.99990,1.000,1.000
4.2131,-0.01400,0.00000,0.99990,1.000,1.000
4.2156,-0.01400,0.00000,0.99990,1.000,1.000
4.2182,-0.01400,0.00000,0.99990,1.000,1.000
4.2207,-0.01400,0.00000,0.99990,1.000,1.000
4.2231,-0.01400,0.00000,0.99990,1.000,1.000
4.2257,-0.01400,0.00000,0.99990,1.000,1.000
4.2284,-0.01400,0.00000,0.99990,1.000,1.000
4.2311,-0.01400,0.00000,0.99990,1.000,1.000
4.2346,-0.01400,0.00000,0.99990,1.000,1.000
4.2378,-0.01400,0.00000,0.99990,1.000,1.000
4.2404,-0.01400,0.00000,0.99990,1.000,1.000
4.2430,-0.01400,0.00000,0.99990,1.000,1.000
4.2456,-0.01400,0.00000,0.99990,1.000,1.000
4.2478,-0.01400,0.00000,0.99990,1.000,1.000
4.2501,-0.01400,0.00000,0.99990,1.000,1.000
4.2526,-0.01400,0.00000,0.99990,1.000,1.000
4.2550,-0.01400,0.00000,0.99990,1.000,1.000
4.2576,-0.01400,0.00000,0.99990,1.000,1.000
4.2600,-0.01400,0.00000,0.99990,1.000,1.000
4.2623,-0.01400,0.00000,0.99990,1.000,1.000
4.2647,-0.01400,0.00000,0.99990,1.000,1.000
4.2677,-0.01400,0.00000,0.99990,1.000,1.000
4.2712,-0.01400,0.00000,0.99990,1.000,1.000
4.2743,-0.01400,0.00000,0.99990,1.000,1.000
4.2770,-0.01400,0.00000,0.99990,1.000,1.000
4.2792,-0.01400,0.00000,0.99990,1.000,1.000
4.2817,-0.01400,0.00000,0.99990,1.000,1.000
4.2839,-0.01400,0.00000,0.99990,1.000,1.000
4.2859,-0.01400,0.00000,0.99990,1.000,1.000
4.2880,-0.01400,0.00000,0.99990,1.000,1.000
4.2900,-0.01400,0.00000,0.99990,1.000,1.000
4.2923,-0.01400,0.00000,0.99990,1.000,1.000
4.2949,-0.01400,0.00000,0.99990,1.000,1.000
4.2975,-0.01400,0.00000,0.99990,1.000,1.000
4.2998,-0.01400,0.00000,0.99990,1.000,1.000
4.3021,-0.01400,0.00000,0.99990,1.000,1.000
4.3047,-0.01400,0.00000,0.99990,1.000,1.000
4.3076,-0.01400,0.00000,0.99990,1.000,1.000
4.3103,-0.01400,0.00000,0.99990,1.000,1.000
4.3129,-0.01400,0.00000,0.99990,1.000,1.000
4.3154,-0.01400,0.00000,0.99990,1.000,1.000
4.3185,-0.01400,0.00000,0.99990,1.000,1.000
4.3207,-0.01400,0.00000,0.99990,1.000,1.000
4.3228,-0.01400,0.00000,0.99990,1.000,1.000
4.3250,-0.01400,0.00000,0.99990,1.000,1.000
4.3273,-0.01400,0.00000,0.99990,1.000,1.000
4.3297,-0.01400,0.00000,0.99990,1.000,1.000
4.3323,-0.01400,0.00000,0.99990,1.000,1.000
4.3344,-0.01400,0.00000,0.99990,1.000,1.000
4.3370,-0.01400,0.00000,0.99990,1.000,1.000
4.3391,-0.01400,0.00000,0.99990,1.000,1.000
4.3415,-0.01400,0.00000,0.99990,1.000,1.000
4.3441,-0.01400,0.00000,0.99990,1.000,1.000
4.3472,-0.01400,0.00000,0.99990,1.000,1.000
4.3499,-0.01400,0.00000,0.99990,1.000,1.000
4.3525,-0.01400,0.00000,0.99990,1.000,1.000
4.3550,-0.01400,0.00000,0.99990,1.000,1.000
4.3576,-0.01400,0.00000,0.99990,1.000,1.000
4.3601,-0.01400,0.00000,0.99990,1.000,1.000
4.3629,-0.01400,0.00000,0.99990,1.000,1.000
4.3652,-0.01400,0.00000,0.99990,1.000,1.000
4.3675,-0.01400,0.00000,0.99990,1.000,1.000
4.3698,-0.01400,0.00000,0.99990,1.000,1.000
4.3722,-0.01400,0.00000,0.99990,1.000,1.000
4.3744,-0.01400,0.00000,0.99990,1.000,1.000
4.3769,-0.01400,0.00000,0.99990,1.000,1.000
4.3794,-0.01400,0.00000,0.99990,1.000,1.000
4.3816,-0.01400,0.00000,0.99990,1.000,1.000
4.3851,-0.01400,0.00000,0.99990,1.000,1.000
4.3878,-0.01400,0.00000,0.99990,1.000,1.000
4.3904,-0.01400,0.00000,0.99990,1.000,1.000
4.3935,-0.01400,0.00000,0.99990,1.000,1.000
4.3967,-0.01400,0.00000,0.99990,1.000,1.000
4.3993,-0.01400,0.00000,0.99990,1.000,1.000
4.4017,-0.01400,0.00000,0.99990,1.000,1.000
4.4041,-0.01400,0.00000,0.99990,1.000,1.000
4.4064,-0.01400,0.00000,0.99990,1.000,1.000
4.4087,-0.01400,0.00000,0.99990,1.000,1.000
4.4111,-0.01400,0.00000,0.99990,1.000,1.000
4.4134,-0.01400,0.00000,0.99990,1.000,1.000
4.4162,-0.01400,0.00000,0.99990,1.000,1.000
4.4187,-0.01400,0.00000,0.99990,1.000,1.000
4.4221,-0.01400,0.00000,0.99990,1.000,1.000
4.4253,-0.01400,0.00000,0.99990,1.000,1.000
4.4286,-0.01400,0.00000,0.99990,1.000,1.000
4.4318,-0.01400,0.00000,0.99990,1.000,1.000
4.4349,-0.01400,0.00000,0.99990,1.000,1.000
4.4378,-0.01400,0.00000,0.99990,1.000,1.000
4.4406,-0.01400,0.00000,0.99990,1.000,1.000
4.4432,-0.01400,0.00000,0.99990,1.000,1.000
4.4458,-0.01400,0.00000,0.99990,1.000,1.000
4.4481,-0.01400,0.00000,0.99990,1.000,1.000
4.4504,-0.01400,0.00000,0.99990,1.000,1.000
4.4528,-0.01400,0.00000,0.99990,1.000,1.000
4.4551,-0.01400,0.00000,0.99990,1.000,1.000
4.4582,-0.01400,0.00000,0.99990,1.000,1.000
4.4614,-0.01400,0.00000,0.99990,1.000,1.000
4.4647,-0.01400,0.00000,0.99990,1.000,1.000
4.4679,-0.01400,0.00000,0.99990,1.000,1.000
4.4710,-0.01400,0.00000,0.99990,1.000,1.000
4.4739,-0.01400,0.00000,0.99990,1.000,1.000
4.4772,-0.01400,0.00000,0.99990,1.000,1.000
4.4794,-0.01400,0.00000,0.99990,1.000,1.000
4.4817,-0.01400,0.00000,0.99990,1.000,1.000
4.4839,-0.01400,0.00000,0.99990,1.000,1.000
4.4858,-0.01400,0.00000,0.99990,1.000,1.000
4.4884,-0.01400,0.00000,0.99990,1.000,1.000
4.4907,-0.01400,0.00000,0.99990,1.000,1.000
4.4933,-0.01400,0.00000,0.99990,1.000,1.000
4.4967,-0.01400,0.00000,0.99990,1.000,1.000
4.4995,-0.01400,0.00000,0.99990,1.000,1.000
4.5024,-0.01400,0.00000,0.99990,1.000,1.000
4.5048,-0.01400,0.00000,0.99990,1.000,1.000
4.5075,-0.01400,0.00000,0.99990,1.000,1.000
4.5098,-0.01400,0.00000,0.99990,1.000,1.000
4.5123,-0.01400,0.00000,0.99990,1.000,1.000
4.5146,-0.01400,0.00000,0.99990,1.000,1.000
4.5174,-0.01400,0.00000,0.99990,1.000,1.000
4.5200,-0.01400,0.00000,0.99990,1.000,1.000
4.5223,-0.01400,0.00000,0.99990,1.000,1.000
4.5248,-0.01400,0.00000,0.99990,1.000,1.000
4.5272,-0.01400,0.00000,0.99990,1.000,1.000
4.5298,-0.01400,0.00000,0.99990,1.000,1.000
4.5331,-0.01400,0.00000,0.99990,1.000,1.000
4.5376,-0.01400,0.00000,0.99990,1.000,1.000
4.5407,-0.01400,0.00000,0.99990,1.000,1.000
4.5436,-0.01400,0.00000,0.99990,1.000,1.000
4.5460,-0.01400,0.00000,0.99990,1.000,1.000
4.5487,-0.01400,0.00000,0.99990,1.000,1.000
4.5513,-0.01400,0.00000,0.99990,1.000,1.000
4.5537,-0.01400,0.00000,0.99990,1.000,1.000
4.5564,-0.01400,0.00000,0.99990,1.000,1.000
4.5589,-0.01400,0.00000,0.99990,1.000,1.000
4.5612,-0.01400,0.00000,0.99990,1.000,1.000
4.5635,-0.01400,0.00000,0.99990,1.000,1.000
4.5661,-0.01400,0.00000,0.99990,1.000,1.000
4.5689,-0.01400,0.00000,0.99990,1.000,1.000
4.5720,-0.01400,0.00000,0.99990,1.000,1.000
4.5753,-0.01400,0.00000,0.99990,1.000,1.000
4.5787,-0.01400,0.00000,0.99990,1.000,1.000
4.5810,-0.01400,0.00000,0.99990,1.000,1.000
4.5833,-0.01400,0.00000,0.99990,1.000,1.000
4.5861,-0.01400,0.00000,0.99990,1.000,1.000
4.5891,-0.01400,0.00000,0.99990,1.000,1.000
4.5917,-0.01400,0.00000,0.99990,1.000,1.000
4.5942,-0.01400,0.00000,0.99990,1.000,1.000
4.5971,-0.01400,0.00000,0.99990,1.000,1.000
4.5998,-0.01400,0.00000,0.99990,1.000,1.000
4.6027,-0.01400,0.00000,0.99990,1.000,1.000
4.6051,-0.01400,0.00000,0.99990,1.000,1.000
4.6081,-0.01400,0.00000,0.99990,1.000,1.000
4.6114,-0.01400,0.00000,0.99990,1.000,1.000
4.6146,-0.01400,0.00000,0.99990,1.000,1.000
4.6176,-0.01400,0.00000,0.99990,1.000,1.000
4.6199,-0.01400,0.00000,0.99990,1.000,1.000
4.6225,-0.01400,0.00000,0.99990,1.000,1.000
4.6246,-0.01400,0.00000,0.99990,1.000,1.000
4.6272,-0.01400,0.00000,0.99990,1.000,1.000
4.6296,-0.01400,0.00000,0.99990,1.000,1.000
4.6324,-0.01400,0.00000,0.99990,1.000,1.000
4.6353,-0.01400,0.00000,0.99990,1.000,1.000
4.6382,-0.01400,0.00000,0.99990,1.000,1.000
4.6408,-0.01400,0.00000,0.99990,1.000,1.000
4.6430,-0.01400,0.00000,0.99990,1.000,1.000
4.6462,-0.01400,0.00000,0.99990,1.000,1.000
4.6490,-0.01400,0.00000,0.99990,1.000,1.000
4.6522,-0.01400,0.00000,0.99990,1.000,1.000
4.6552,-0.01400,0.00000,0.99990,1.000,1.000
4.6586,-0.01400,0.00000,0.99990,1.000,1.000
4.6611,-0.01400,0.00000,0.99990,1.000,1.000
4.6637,-0.01400,0.00000,0.99990,1.000,1.000
4.6660,-0.01400,0.00000,0.99990,1.000,1.000
4.6688,-0.01400,0.00000,0.99990,1.000,1.000
4.6715,-0.01400,0.00000,0.99990,1.000,1.000
4.6741,-0.01400,0.00000,0.99990,1.000,1.000
4.6769,-0.01400,0.00000,0.99990,1.000,1.000
4.6793,-0.01400,0.00000,0.99990,1.000,1.000
4.6817,-0.01400,0.00000,0.99990,1.000,1.000
4.6848,-0.01400,0.00000,0.99990,1.000,1.000
4.6879,-0.01400,0.00000,0.99990,1.000,1.000
4.6910,-0.01400,0.00000,0.99990,1.000,1.000
4.6939,-0.01400,0.00000,0.99990,1.000,1.000
4.6967,-0.01400,0.00000,0.99990,1.000,1.000
4.6990,-0.01400,0.00000,0.99990,1.000,1.000
4.7021,-0.01400,0.00000,0.99990,1.000,1.000
4.7052,-0.01400,0.00000,0.99990,1.000,1.000
4.7084,-0.01400,0.00000,0.99990,1.000,1.000
4.7109,-0.01400,0.00000,0.99990,1.000,1.000
4.7133,-0.01400,0.00000,0.99990,1.000,1.000
4.7154,-0.01400,0.00000,0.99990,1.000,1.000
4.7179,-0.01400,0.00000,0.99990,1.000,1.000
4.7204,-0.01400,0.00000,0.99990,1.000,1.000
4.7235,-0.01400,0.00000,0.99990,1.000,1.000
4.7262,-0.01400,0.00000,0.99990,1.000,1.000
4.7287,-0.01400,0.00000,0.99990,1.000,1.000
4.7310,-0.01400,0.00000,0.99990,1.000,1.000
4.7335,-0.01400,0.00000,0.99990,1.000,1.000
4.7363,-0.01400,0.00000,0.99990,1.000,1.000
4.7385,-0.01400,0.00000,0.99990,1.000,1.000
4.7405,-0.01400,0.00000,0.99990,1.000,1.000
4.7429,-0.01400,0.00000,0.99990,1.000,1.000
4.7451,-0.01400,0.00000,0.99990,1.000,1.000
4.7475,-0.01400,0.00000,0.99990,1.000,1.000
4.7499,-0.01400,0.00000,0.99990,1.000,1.000
4.7522,-0.01400,0.00000,0.99990,1.000,1.000
4.7551,-0.01400,0.00000,0.99990,1.000,1.000
4.7588,-0.01400,0.00000,0.99990,1.000,1.000
4.7618,-0.01400,0.00000,0.99990,1.000,1.000
4.7650,-0.01400,0.00000,0.99990,1.000,1.000
4.7680,-0.01400,0.00000,0.99990,1.000,1.000
4.7715,-0.01400,0.00000,0.99990,1.000,1.000
4.7742,-0.01400,0.00000,0.99990,1.000,1.000
4.7770,-0.01400,0.00000,0.99990,1.000,1.000
4.7796,-0.01400,0.00000,0.99990,1.000,1.000
4.7821,-0.01400,0.00000,0.99990,1.000,1.000
4.7843,-0.01400,0.00000,0.99990,1.000,1.000
4.7863,-0.01400,0.00000,0.99990,1.000,1.000
4.7883,-0.01400,0.00000,0.99990,1.000,1.000
4.7905,-0.01400,0.00000,0.99990,1.000,1.000
4.7929,-0.01400,0.00000,0.99990,1.000,1.000
4.7950,-0.01400,0.00000,0.99990,1.000,1.000
4.7990,-0.01400,0.00000,0.99990,1.000,1.000
4.8016,-0.01400,0.00000,0.99990,1.000,1.000
4.8053,-0.01400,0.00000,0.99990,1.000,1.000
4.8085,-0.01400,0.00000,0.99990,1.000,1.000
4.8110,-0.01400,0.00000,0.99990,1.000,1.000
4.8132,-0.01400,0.00000,0.99990,1.000,1.000
4.8161,-0.01400,0.00000,0.99990,1.000,1.000
4.8182,-0.01400,0.00000,0.99990,1.000,1.000
4.8204,-0.01400,0.00000,0.99990,1.000,1.000
4.8226,-0.01400,0.00000,0.99990,1.000,1.000
4.8245,-0.01400,0.00000,0.99990,1.000,1.000
4.8267,-0.01400,0.00000,0.99990,1.000,1.000
4.8289,-0.01400,0.00000,0.99990,1.000,1.000
4.8310,-0.01400,0.00000,0.99990,1.000,1.000
4.8332,-0.01400,0.00000,0.99990,1.000,1.000
4.8363,-0.01400,0.00000,0.99990,1.000,1.000
4.8393,-0.01400,0.00000,0.99990,1.000,1.000
4.8423,-0.01400,0.00000,0.99990,1.000,1.000
4.8453,-0.01400,0.00000,0.99990,1.000,1.000
4.8476,-0.01400,0.00000,0.99990,1.000,1.000
4.8501,-0.01400,0.00000,0.99990,1.000,1.000
4.8526,-0.01400,0.00000,0.99990,1.000,1.000
4.8547,-0.01400,0.00000,0.99990,1.000,1.000
4.8572,-0.01400,0.00000,0.99990,1.000,1.000
4.8598,-0.01400,0.00000,0.99990,1.000,1.000
4.8623,-0.01400,0.00000,0.99990,1.000,1.000
4.8645,-0.01400,0.00000,0.99990,1.000,1.000
4.8667,-0.01400,0.00000,0.99990,1.000,1.000
4.8690,-0.01400,0.00000,0.99990,1.000,1.000
4.8713,-0.01400,0.00000,0.99990,1.000,1.000
4.8748,-0.01400,0.00000,0.99990,1.000,1.000
4.8783,-0.01400,0.00000,0.99990,1.000,1.000
4.8807,-0.01400,0.00000,0.99990,1.000,1.000
4.8834,-0.01400,0.00000,0.99990,1.000,1.000
4.8859,-0.01400,0.00000,0.99990,1.000,1.000
4.8888,-0.01400,0.00000,0.99990,1.000,1.000
4.8913,-0.01400,0.00000,0.99990,1.000,1.000
4.8942,-0.01400,0.00000,0.99990,1.000,1.000
4.8966,-0.01400,0.00000,0.99990,1.000,1.000
4.8987,-0.01400,0.00000,0.99990,1.000,1.000
4.9011,-0.01400,0.00000,0.99990,1.000,1.000
4.9031,-0.01400,0.00000,0.99990,1.000,1.000
4.9054,-0.01400,0.00000,0.99990,1.000,1.000
4.9078,-0.01400,0.00000,0.99990,1.000,1.000
4.9102,-0.01400,0.00000,0.99990,1.000,1.000
4.9135,-0.01400,0.00000,0.99990,1.000,1.000
4.9165,-0.01400,0.00000,0.99990,1.000,1.000
4.9195,-0.01400,0.00000,0.99990,1.000,1.000
4.9224,-0.01400,0.00000,0.99990,1.000,1.000
4.9251,-0.01400,0.00000,0.99990,1.000,1.000
4.9282,-0.01400,0.00000,0.99990,1.000,1.000
4.9312,-0.01400,0.00000,0.99990,1.000,1.000
4.9336,-0.01400,0.00000,0.99990,1.000,1.000
4.9366,-0.01400,0.00000,0.99990,1.000,1.000
4.9393,-0.01400,0.00000,0.99990,1.000,1.000
4.9423,-0.01400,0.00000,0.99990,1.000,1.000
4.9449,-0.01400,0.00000,0.99990,1.000,1.000
4.9478,-0.01400,0.00000,0.99990,1.000,1.000
4.9513,-0.01400,0.00000,0.99990,1.000,1.000
4.9543,-0.01400,0.00000,0.99990,1.000,1.000
4.9578,-0.01400,0.00000,0.99990,1.000,1.000
4.9611,-0.01400,0.00000,0.99990,1.000,1.000
4.9637,-0.01400,0.00000,0.99990,1.000,1.000
4.9662,-0.01400,0.00000,0.99990,1.000,1.000
4.9688,-0.01400,0.00000,0.99990,1.000,1.000
4.9712,-0.01400,0.00000,0.99990,1.000,1.000
4.9737,-0.01400,0.00000,0.99990,1.000,1.000
4.9766,-0.01400,0.00000,0.99990,1.000,1.000
4.9792,-0.01400,0.00000,0.99990,1.000,1.000
4.9818,-0.01400,0.00000,0.99990,1.000,1.000
4.9850,-0.01400,0.00000,0.99990,1.000,1.000
4.9883,-0.01400,0.00000,0.99990,1.000,1.000
4.9921,-0.01400,0.00000,0.99990,1.000,1.000
4.9950,-0.01400,0.00000,0.99990,1.000,1.000
4.9981,-0.01400,0.00000,0.99990,1.000,1.000
5.0009,-0.01400,0.00000,0.99990,1.000,1.000
5.0038,-0.01400,0.00000,0.99990,1.000,1.000
5.0061,-0.01400,0.00000,0.99990,1.000,1.000
5.0085,-0.01400,0.00000,0.99990,1.000,1.000
5.0108,-0.01400,0.00000,0.99990,1.000,1.000
5.0129,-0.01400,0.00000,0.99990,1.000,1.000
5.0154,-0.01400,0.00000,0.99990,1.000,1.000
5.0179,-0.01400,0.00000,0.99990,1.000,1.000
5.0201,-0.01400,0.00000,0.99990,1.000,1.000
5.0223,-0.01400,0.00000,0.99990,1.000,1.000
5.0247,-0.01400,0.00000,0.99990,1.000,1.000
5.0274,-0.01400,0.00000,0.99990,1.000,1.000
5.0299,-0.01400,0.00000,0.99990,1.000,1.000
5.0323,-0.01400,0.00000,0.99990,1.000,1.000
5.0351,-0.01400,0.00000,0.99990,1.000,1.000
5.0375,-0.01400,0.00000,0.99990,1.000,1.000
5.0401,-0.01400,0.00000,0.99990,1.000,1.000
5.0422,-0.01400,0.00000,0.99990,1.000,1.000
5.0448,-0.01400,0.00000,0.99990,1.000,1.000
5.0472,-0.01400,0.00000,0.99990,1.000,1.000
5.0495,-0.01400,0.00000,0.99990,1.000,1.000
5.0518,-0.01400,0.00000,0.99990,1.000,1.000
5.0539,-0.01400,0.00000,0.99990,1.000,1.000
5.0563,-0.01400,0.00000,0.99990,1.000,1.000
5.0585,-0.01400,0.00000,0.99990,1.000,1.000
5.0611,-0.01400,0.00000,0.99990,1.000,1.000
5.0642,-0.01400,0.00000,0.99990,1.000,1.000
5.0672,-0.01400,0.00000,0.99990,1.000,1.000
5.0703,-0.01400,0.00000,0.99990,1.000,1.000
5.0733,-0.01400,0.00000,0.99990,1.000,1.000
5.0765,-0.01400,0.00000,0.99990,1.000,1.000
5.0792,-0.01400,0.00000,0.99990,1.000,1.000
5.0819,-0.01400,0.00000,0.99990,1.000,1.000
5.0844,-0.01400,0.00000,0.99990,1.000,1.000
5.0869,-0.01400,0.00000,0.99990,1.000,1.000
5.0891,-0.01400,0.00000,0.99990,1.000,1.000
5.0912,-0.01400,0.00000,0.99990,1.000,1.000
5.0939,-0.01400,0.00000,0.99990,1.000,1.000
5.0966,-0.01400,0.00000,0.99990,1.000,1.000
5.0995,-0.01400,0.00000,0.99990,1.000,1.000
5.1023,-0.01400,0.00000,0.99990,1.000,1.000
5.1053,-0.01400,0.00000,0.99990,1.000,1.000
5.1086,-0.01400,0.00000,0.99990,1.000,1.000
5.1114,-0.01400,0.00000,0.99990,1.000,1.000
5.1138,-0.01400,0.00000,0.99990,1.000,1.000
5.1163,-0.01400,0.00000,0.99990,1.000,1.000
5.1186,-0.01400,0.00000,0.99990,1.000,1.000
5.1206,-0.01400,0.00000,0.99990,1.000,1.000
5.1233,-0.01400,0.00000,0.99990,1.000,1.000
5.1256,-0.01400,0.00000,0.99990,1.000,1.000
5.1276,-0.01400,0.00000,0.99990,1.000,1.000
5.1300,-0.01400,0.00000,0.99990,1.000,1.000
5.1324,-0.01400,0.00000,0.99990,1.000,1.000
5.1346,-0.01400,0.00000,0.99990,1.000,1.000
5.1374,-0.01400,0.00000,0.99990,1.000,1.000
5.1412,-0.01400,0.00000,0.99990,1.000,1.000
5.1444,-0.01400,0.00000,0.99990,1.000,1.000
5.1471,-0.01400,0.00000,0.99990,1.000,1.000
5.1498,-0.01400,0.00000,0.99990,1.000,1.000
5.1525,-0.01400,0.00000,0.99990,1.000,1.000
5.1554,-0.01400,0.00000,0.99990,1.000,1.000
5.1581,-0.01400,0.00000,0.99990,1.000,1.000
5.1611,-0.01400,0.00000,0.99990,1.000,1.000
5.1634,-0.01400,0.00000,0.99990,1.000,1.000
5.1656,-0.01400,0.00000,0.99990,1.000,1.000
5.1679,-0.01400,0.00000,0.99990,1.000,1.000
5.1703,-0.01400,0.00000,0.99990,1.000,1.000
5.1734,-0.01400,0.00000,0.99990,1.000,1.000
5.1772,-0.01400,0.00000,0.99990,1.000,1.000
5.1804,-0.01400,0.00000,0.99990,1.000,1.000
5.1832,-0.01400,0.00000,0.99990,1.000,1.000
5.1859,-0.01400,0.00000,0.99990,1.000,1.000
5.1884,-0.01400,0.00000,0.99990,1.000,1.000
5.1910,-0.01400,0.00000,0.99990,1.000,1.000
5.1933,-0.01400,0.00000,0.99990,1.000,1.000
5.1959,-0.01400,0.00000,0.99990,1.000,1.000
5.1981,-0.01400,0.00000,0.99990,1.000,1.000
5.2006,-0.01400,0.00000,0.99990,1.000,1.000
5.2032,-0.01400,0.00000,0.99990,1.000,1.000
5.2056,-0.01400,0.00000,0.99990,1.000,1.000
5.2084,-0.01400,0.00000,0.99990,1.000,1.000
5.2115,-0.01400,0.00000,0.99990,1.000,1.000
5.2144,-0.01400,0.00000,0.99990,1.000,1.000
5.2177,-0.01400,0.00000,0.99990,1.000,1.000
5.2206,-0.01400,0.00000,0.99990,1.000,1.000
5.2231,-0.01400,0.00000,0.99990,1.000,1.000
5.2255,-0.01400,0.00000,0.99990,1.000,1.000
5.2281,-0.01400,0.00000,0.99990,1.000,1.000
5.2303,-0.01400,0.00000,0.99990,1.000,1.000
5.2332,-0.01400,0.00000,0.99990,1.000,1.000
5.2355,-0.01400,0.00000,0.99990,1.000,1.000
5.2380,-0.01400,0.00000,0.99990,1.000,1.000
5.2405,-0.01400,0.00000,0.99990,1.000,1.000
5.2432,-0.01400,0.00000,0.99990,1.000,1.000
5.2463,-0.01400,0.00000,0.99990,1.000,1.000
5.2493,-0.01400,0.00000,0.99990,1.000,1.000
5.2521,-0.01400,0.00000,0.99990,1.000,1.000
5.2549,-0.01400,0.00000,0.99990,1.000,1.000
5.2583,-0.01400,0.00000,0.99990,1.000,1.000
5.2608,-0.01400,0.00000,0.99990,1.000,1.000
5.2636,-0.01400,0.00000,0.99990,1.000,1.000
5.2663,-0.01400,0.00000,0.99990,1.000,1.000
5.2694,-0.01400,0.00000,0.99990,1.000,1.000
5.2722,-0.01400,0.00000,0.99990,1.000,1.000
5.2755,-0.01400,0.00000,0.99990,1.000,1.000
5.2787,-0.01400,0.00000,0.99990,1.000,1.000
5.2821,-0.01400,0.00000,0.99990,1.000,1.000
5.2849,-0.01400,0.00000,0.99990,1.000,1.000
5.2875,-0.01400,0.00000,0.99990,1.000,1.000
5.2906,-0.01400,0.00000,0.99990,1.000,1.000
5.2935,-0.01400,0.00000,0.99990,1.000,1.000
5.2967,-0.01400,0.00000,0.99990,1.000,1.000
5.2993,-0.01400,0.00000,0.99990,1.000,1.000
5.3020,-0.01400,0.00000,0.99990,1.000,1.000
5.3047,-0.01400,0.00000,0.99990,1.000,1.000
5.3072,-0.01400,0.00000,0.99990,1.000,1.000
5.3097,-0.01400,0.00000,0.99990,1.000,1.000
5.3125,-0.01400,0.00000,0.99990,1.000,1.000
5.3151,-0.01400,0.00000,0.99990,1.000,1.000
5.3186,-0.01400,0.00000,0.99990,1.000,1.000
5.3213,-0.01400,0.00000,0.99990,1.000,1.000
5.3238,-0.01400,0.00000,0.99990,1.000,1.000
5.3264,-0.01400,0.00000,0.99990,1.000,1.000
5.3289,-0.01400,0.00000,0.99990,1.000,1.000
5.3316,-0.01400,0.00000,0.99990,1.000,1.000
5.3341,-0.01400,0.00000,0.99990,1.000,1.000
5.3371,-0.01400,0.00000,0.99990,1.000,1.000
5.3397,-0.01400,0.00000,0.99990,1.000,1.000
5.3423,-0.01400,0.00000,0.99990,1.000,1.000
5.3447,-0.01400,0.00000,0.99990,1.000,1.000
5.3473,-0.01400,0.00000,0.99990,1.000,1.000
5.3500,-0.01400,0.00000,0.99990,1.000,1.000
5.3531,-0.01400,0.00000,0.99990,1.000,1.000
5.3564,-0.01400,0.00000,0.99990,1.000,1.000
5.3590,-0.01400,0.00000,0.99990,1.000,1.000
5.3620,-0.01400,0.00000,0.99990,1.000,1.000
5.3645,-0.01400,0.00000,0.99990,1.000,1.000
5.3671,-0.01400,0.00000,0.99990,1.000,1.000
5.3694,-0.01400,0.00000,0.99990,1.000,1.000
5.3718,-0.01400,0.00000,0.99990,1.000,1.000
5.3741,-0.01400,0.00000,0.99990,1.000,1.000
5.3769,-0.01400,0.00000,0.99990,1.000,1.000
5.3796,-0.01400,0.00000,0.99990,1.000,1.000
5.3820,-0.01400,0.00000,0.99990,1.000,1.000
5.3846,-0.01400,0.00000,0.99990,1.000,1.000
5.3878,-0.01400,0.00000,0.99990,1.000,1.000
5.3908,-0.01400,0.00000,0.99990,1.000,1.000
5.3941,-0.01400,0.00000,0.99990,1.000,1.000
5.3974,-0.01400,0.00000,0.99990,1.000,1.000
5.3998,-0.01400,0.00000,0.99990,1.000,1.000
5.4023,-0.01400,0.00000,0.99990,1.000,1.000
5.4048,-0.01400,0.00000,0.99990,1.000,1.000
5.4069,-0.01400,0.00000,0.99990,1.000,1.000
5.4098,-0.01400,0.00000,0.99990,1.000,1.000
5.4122,-0.01400,0.00000,0.99990,1.000,1.000
5.4147,-0.01400,0.00000,0.99990,1.000,1.000
5.4174,-0.01400,0.00000,0.99990,1.000,1.000
5.4197,-0.01400,0.00000,0.99990,1.000,1.000
5.4227,-0.01400,0.00000,0.99990,1.000,1.000
5.4257,-0.01400,0.00000,0.99990,1.000,1.000
5.4284,-0.01400,0.00000,0.99990,1.000,1.000
5.4317,-0.01400,0.00000,0.99990,1.000,1.000
5.4348,-0.01400,0.00000,0.99990,1.000,1.000
5.4383,-0.01400,0.00000,0.99990,1.000,1.000
5.4412,-0.01400,0.00000,0.99990,1.000,1.000
5.4440,-0.01400,0.00000,0.99990,1.000,1.000
5.4468,-0.01400,0.00000,0.99990,1.000,1.000
5.4494,-0.01400,0.00000,0.99990,1.000,1.000
5.4520,-0.01400,0.00000,0.99990,1.000,1.000
5.4547,-0.01400,0.00000,0.99990,1.000,1.000
5.4581,-0.01400,0.00000,0.99990,1.000,1.000
5.4611,-0.01400,0.00000,0.99990,1.000,1.000
5.4639,-0.01400,0.00000,0.99990,1.000,1.000
5.4668,-0.01400,0.00000,0.99990,1.000,1.000
5.4698,-0.01400,0.00000,0.99990,1.000,1.000
5.4723,-0.01400,0.00000,0.99990,1.000,1.000
5.4746,-0.01400,0.00000,0.99990,1.000,1.000
5.4771,-0.01400,0.00000,0.99990,1.000,1.000
5.4793,-0.01400,0.00000,0.99990,1.000,1.000
5.4819,-0.01400,0.00000,0.99990,1.000,1.000
5.4843,-0.01400,0.00000,0.99990,1.000,1.000
5.4869,-0.01400,0.00000,0.99990,1.000,1.000
5.4893,-0.01400,0.00000,0.99990,1.000,1.000
5.4914,-0.01400,0.00000,0.99990,1.000,1.000
5.4942,-0.01400,0.00000,0.99990,1.000,1.000
5.4974,-0.01400,0.00000,0.99990,1.000,1.000
5.5001,-0.01400,0.00000,0.99990,1.000,1.000
5.5026,-0.01400,0.00000,0.99990,1.000,1.000
5.5054,-0.01400,0.00000,0.99990,1.000,1.000
5.5078,-0.01400,0.00000,0.99990,1.000,1.000
5.5101,-0.01400,0.00000,0.99990,1.000,1.000
5.5129,-0.01400,0.00000,0.99990,1.000,1.000
5.5156,-0.01400,0.00000,0.99990,1.000,1.000
5.5187,-0.01400,0.00000,0.99990,1.000,1.000
5.5208,-0.01400,0.00000,0.99990,1.000,1.000
5.5234,-0.01400,0.00000,0.99990,1.000,1.000
5.5258,-0.01400,0.00000,0.99990,1.000,1.000
5.5285,-0.01400,0.00000,0.99990,1.000,1.000
5.5317,-0.01400,0.00000,0.99990,1.000,1.000
5.5347,-0.01400,0.00000,0.99990,1.000,1.000
5.5381,-0.01400,0.00000,0.99990,1.000,1.000
5.5408,-0.01400,0.00000,0.99990,1.000,1.000
5.5438,-0.01400,0.00000,0.99990,1.000,1.000
5.5463,-0.01400,0.00000,0.99990,1.000,1.000
5.5489,-0.01400,0.00000,0.99990,1.000,1.000
5.5515,-0.01400,0.00000,0.99990,1.000,1.000
5.5540,-0.01400,0.00000,0.99990,1.000,1.000
5.5562,-0.01400,0.00000,0.99990,1.000,1.000
5.5585,-0.01400,0.00000,0.99990,1.000,1.000
5.5610,-0.01400,0.00000,0.99990,1.000,1.000
5.5636,-0.01400,0.00000,0.99990,1.000,1.000
5.5665,-0.01400,0.00000,0.99990,1.000,1.000
5.5691,-0.01400,0.00000,0.99990,1.000,1.000
5.5719,-0.01400,0.00000,0.99990,1.000,1.000
5.5750,-0.01400,0.00000,0.99990,1.000,1.000
5.5778,-0.01400,0.00000,0.99990,1.000,1.000
5.5807,-0.01400,0.00000,0.99990,1.000,1.000
5.5832,-0.01400,0.00000,0.99990,1.000,1.000
5.5857,-0.01400,0.00000,0.99990,1.000,1.000
5.5881,-0.01400,0.00000,0.99990,1.000,1.000
5.5905,-0.01400,0.00000,0.99990,1.000,1.000
5.5926,-0.01400,0.00000,0.99990,1.000,1.000
5.5949,-0.01400,0.00000,0.99990,1.000,1.000
5.5974,-0.01400,0.00000,0.99990,1.000,1.000
5.6000,-0.01400,0.00000,0.99990,1.000,1.000
5.6032,-0.01400,0.00000,0.99990,1.000,1.000
5.6058,-0.01400,0.00000,0.99990,1.000,1.000
5.6082,-0.01400,0.00000,0.99990,1.000,1.000
5.6107,-0.01400,0.00000,0.99990,1.000,1.000
5.6139,-0.01400,0.00000,0.99990,1.000,1.000
5.6176,-0.01400,0.00000,0.99990,1.000,1.000
5.6200,-0.01400,0.00000,0.99990,1.000,1.000
5.6227,-0.01400,0.00000,0.99990,1.000,1.000
5.6252,-0.01400,0.00000,0.99990,1.000,1.000
5.6277,-0.01400,0.00000,0.99990,1.000,1.000
5.6306,-0.01400,0.00000,0.99990,1.000,1.000
5.6335,-0.01400,0.00000,0.99990,1.000,1.000
5.6373,-0.01400,0.00000,0.99990,1.000,1.000
5.6401,-0.01400,0.00000,0.99990,1.000,1.000
5.6432,-0.01400,0.00000,0.99990,1.000,1.000
5.6465,-0.01400,0.00000,0.99990,1.000,1.000
5.6494,-0.01400,0.00000,0.99990,1.000,1.000
5.6523,-0.01400,0.00000,0.99990,1.000,1.000
5.6547,-0.01400,0.00000,0.99990,1.000,1.000
5.6579,-0.01400,0.00000,0.99990,1.000,1.000
5.6603,-0.01400,0.00000,0.99990,1.000,1.000
5.6628,-0.01400,0.00000,0.99990,1.000,1.000
5.6651,-0.01400,0.00000,0.99990,1.000,1.000
5.6676,-0.01400,0.00000,0.99990,1.000,1.000
5.6707,-0.01400,0.00000,0.99990,1.000,1.000
5.6733,-0.01400,0.00000,0.99990,1.000,1.000
5.6762,-0.01400,0.00000,0.99990,1.000,1.000
5.6791,-0.01400,0.00000,0.99990,1.000,1.000
5.6819,-0.01400,0.00000,0.99990,1.000,1.000
5.6845,-0.01400,0.00000,0.99990,1.000,1.000
5.6873,-0.01400,0.00000,0.99990,1.000,1.000
5.6902,-0.01400,0.00000,0.99990,1.000,1.000
5.6931,-0.01400,0.00000,0.99990,1.000,1.000
5.6955,-0.01400,0.00000,0.99990,1.000,1.000
5.6982,-0.01400,0.00000,0.99990,1.000,1.000
5.7005,-0.01400,0.00000,0.99990,1.000,1.000
5.7027,-0.01400,0.00000,0.99990,1.000,1.000
5.7056,-0.01400,0.00000,0.99990,1.000,1.000
5.7087,-0.01400,0.00000,0.99990,1.000,1.000
5.7114,-0.01400,0.00000,0.99990,1.000,1.000
5.7142,-0.01400,0.00000,0.99990,1.000,1.000
5.7169,-0.01400,0.00000,0.99990,1.000,1.000
5.7194,-0.01400,0.00000,0.99990,1.000,1.000
5.7219,-0.01400,0.00000,0.99990,1.000,1.000
5.7246,-0.01400,0.00000,0.99990,1.000,1.000
5.7272,-0.01400,0.00000,0.99990,1.000,1.000
5.7297,-0.01400,0.00000,0.99990,1.000,1.000
5.7319,-0.01400,0.00000,0.99990,1.000,1.000
5.7339,-0.01400,0.00000,0.99990,1.000,1.000
5.7365,-0.01400,0.00000,0.99990,1.000,1.000
5.7390,-0.01400,0.00000,0.99990,1.000,1.000
5.7419,-0.01400,0.00000,0.99990,1.000,1.000
5.7447,-0.01400,0.00000,0.99990,1.000,1.000
5.7475,-0.01400,0.00000,0.99990,1.000,1.000
5.7507,-0.01400,0.00000,0.99990,1.000,1.000
5.7536,-0.01400,0.00000,0.99990,1.000,1.000
5.7566,-0.01400,0.00000,0.99990,1.000,1.000
5.7592,-0.01400,0.00000,0.99990,1.000,1.000
5.7616,-0.01400,0.00000,0.99990,1.000,1.000
5.7636,-0.01400,0.00000,0.99990,1.000,1.000
5.7660,-0.01400,0.00000,0.99990,1.000,1.000
5.7683,-0.01400,0.00000,0.99990,1.000,1.000
5.7706,-0.01400,0.00000,0.99990,1.000,1.000
5.7730,-0.01400,0.00000,0.99990,1.000,1.000
5.7760,-0.01400,0.00000,0.99990,1.000,1.000
5.7792,-0.01400,0.00000,0.99990,1.000,1.000
5.7819,-0.01400,0.00000,0.99990,1.000,1.000
5.7846,-0.01400,0.00000,0.99990,1.000,1.000
5.7874,-0.01400,0.00000,0.99990,1.000,1.000
5.7900,-0.01400,0.00000,0.99990,1.000,1.000
5.7925,-0.01400,0.00000,0.99990,1.000,1.000
5.7946,-0.01400,0.00000,0.99990,1.000,1.000
5.7973,-0.01400,0.00000,0.99990,1.000,1.000
5.7997,-0.01400,0.00000,0.99990,1.000,1.000
5.8020,-0.01400,0.00000,0.99990,1.000,1.000
5.8043,-0.01400,0.00000,0.99990,1.000,1.000
5.8066,-0.01400,0.00000,0.99990,1.000,1.000
5.8091,-0.01400,0.00000,0.99990,1.000,1.000
5.8120,-0.01400,0.00000,0.99990,1.000,1.000
5.8152,-0.01400,0.00000,0.99990,1.000,1.000
5.8186,-0.01400,0.00000,0.99990,1.000,1.000
5.8215,-0.01400,0.00000,0.99990,1.000,1.000
5.8240,-0.01400,0.00000,0.99990,1.000,1.000
5.8265,-0.01400,0.00000,0.99990,1.000,1.000
5.8290,-0.01400,0.00000,0.99990,1.000,1.000
5.8316,-0.01400,0.00000,0.99990,1.000,1.000
5.8340,-0.01400,0.00000,0.99990,1.000,1.000
5.8366,-0.01400,0.00000,0.99990,1.000,1.000
5.8392,-0.01400,0.00000,0.99990,1.000,1.000
5.8414,-0.01400,0.00000,0.99990,1.000,1.000
5.8435,-0.01400,0.00000,0.99990,1.000,1.000
5.8469,-0.01400,0.00000,0.99990,1.000,1.000
5.8494,-0.01400,0.00000,0.99990,1.000,1.000
5.8522,-0.01400,0.00000,0.99990,1.000,1.000
5.8552,-0.01400,0.00000,0.99990,1.000,1.000
5.8586,-0.01400,0.00000,0.99990,1.000,1.000
5.8611,-0.01400,0.00000,0.99990,1.000,1.000
5.8639,-0.01400,0.00000,0.99990,1.000,1.000
5.8662,-0.01400,0.00000,0.99990,1.000,1.000
5.8686,-0.01400,0.00000,0.99990,1.000,1.000
5.8709,-0.01400,0.00000,0.99990,1.000,1.000
5.8731,-0.01400,0.00000,0.99990,1.000,1.000
5.8755,-0.01400,0.00000,0.99990,1.000,1.000
5.8780,-0.01400,0.00000,0.99990,1.000,1.000
5.8813,-0.01400,0.00000,0.99990,1.000,1.000
5.8840,-0.01400,0.00000,0.99990,1.000,1.000
5.8866,-0.01400,0.00000,0.99990,1.000,1.000
5.8895,-0.01400,0.00000,0.99990,1.000,1.000
5.8924,-0.01400,0.00000,0.99990,1.000,1.000
5.8949,-0.01400,0.00000,0.99990,1.000,1.000
5.8972,-0.01400,0.00000,0.99990,1.000,1.000
5.8994,-0.01400,0.00000,0.99990,1.000,1.000
5.9016,-0.01400,0.00000,0.99990,1.000,1.000
5.9040,-0.01400,0.00000,0.99990,1.000,1.000
5.9063,-0.01400,0.00000,0.99990,1.000,1.000
5.9084,-0.01400,0.00000,0.99990,1.000,1.000
5.9108,-0.01400,0.00000,0.99990,1.000,1.000
5.9129,-0.01400,0.00000,0.99990,1.000,1.000
5.9149,-0.01400,0.00000,0.99990,1.000,1.000
5.9178,-0.01400,0.00000,0.99990,1.000,1.000
5.9204,-0.01400,0.00000,0.99990,1.000,1.000
5.9229,-0.01400,0.00000,0.99990,1.000,1.000
5.9260,-0.01400,0.00000,0.99990,1.000,1.000
5.9290,-0.01400,0.00000,0.99990,1.000,1.000
5.9317,-0.01400,0.00000,0.99990,1.000,1.000
5.9340,-0.01400,0.00000,0.99990,1.000,1.000
5.9366,-0.01400,0.00000,0.99990,1.000,1.000
5.9389,-0.01400,0.00000,0.99990,1.000,1.000
5.9416,-0.01400,0.00000,0.99990,1.000,1.000
5.9439,-0.01400,0.00000,0.99990,1.000,1.000
5.9462,-0.01400,0.00000,0.99990,1.000,1.000
5.9486,-0.01400,0.00000,0.99990,1.000,1.000
5.9511,-0.01400,0.00000,0.99990,1.000,1.000
5.9541,-0.01400,0.00000,0.99990,1.000,1.000
5.9573,-0.01400,0.00000,0.99990,1.000,1.000
5.9601,-0.01400,0.00000,0.99990,1.000,1.000
5.9628,-0.01400,0.00000,0.99990,1.000,1.000
5.9651,-0.01400,0.00000,0.99990,1.000,1.000
5.9674,-0.01400,0.00000,0.99990,1.000,1.000
5.9694,-0.01400,0.00000,0.99990,1.000,1.000
5.9728,-0.01400,0.00000,0.99990,1.000,1.000
5.9760,-0.01400,0.00000,0.99990,1.000,1.000
5.9786,-0.01400,0.00000,0.99990,1.000,1.000
5.9811,-0.01400,0.00000,0.99990,1.000,1.000
5.9833,-0.01400,0.00000,0.99990,1.000,1.000
5.9857,-0.01400,0.00000,0.99990,1.000,1.000
5.9887,-0.01400,0.00000,0.99990,1.000,1.000
5.9916,-0.01400,0.00000,0.99990,1.000,1.000
5.9942,-0.01400,0.00000,0.99990,1.000,1.000
5.9968,-0.01400,0.00000,0.99990,1.000,1.000
5.9996,-0.01400,0.00000,0.99990,1.000,1.000
6.0025,-0.01400,0.00000,0.99990,1.000,1.000
6.0052,-0.01400,0.00000,0.99990,1.000,1.000
6.0082,-0.01400,0.00000,0.99990,1.000,1.000
6.0110,-0.01400,0.00000,0.99990,1.000,1.000
6.0134,-0.01400,0.00000,0.99990,1.000,1.000
6.0161,-0.01400,0.00000,0.99990,1.000,1.000
6.0185,-0.01400,0.00000,0.99990,1.000,1.000
6.0210,-0.01400,0.00000,0.99990,1.000,1.000
6.0236,-0.01400,0.00000,0.99990,1.000,1.000
6.0265,-0.01400,0.00000,0.99990,1.000,1.000
6.0296,-0.01400,0.00000,0.99990,1.000,1.000
6.0320,-0.01400,0.00000,0.99990,1.000,1.000
6.0347,-0.01400,0.00000,0.99990,1.000,1.000
6.0374,-0.01400,0.00000,0.99990,1.000,1.000
6.0402,-0.01400,0.00000,0.99990,1.000,1.000
6.0427,-0.01400,0.00000,0.99990,1.000,1.000
6.0454,-0.01400,0.00000,0.99990,1.000,1.000
6.0478,-0.01400,0.00000,0.99990,1.000,1.000
6.0505,-0.01400,0.00000,0.99990,1.000,1.000
6.0532,-0.01400,0.00000,0.99990,1.000,1.000
6.0555,-0.01400,0.00000,0.99990,1.000,1.000
6.0589,-0.01400,0.00000,0.99990,1.000,1.000
6.0616,-0.01400,0.00000,0.99990,1.000,1.000
6.0643,-0.01400,0.00000,0.99990,1.000,1.000
6.0675,-0.01400,0.00000,0.99990,1.000,1.000
6.0705,-0.01400,0.00000,0.99990,1.000,1.000
6.0730,-0.01400,0.00000,0.99990,1.000,1.000
6.0753,-0.01400,0.00000,0.99990,1.000,1.000
6.0782,-0.01400,0.00000,0.99990,1.000,1.000
6.0810,-0.01400,0.00000,0.99990,1.000,1.000
6.0834,-0.01400,0.00000,0.99990,1.000,1.000
6.0857,-0.01400,0.00000,0.99990,1.000,1.000
6.0880,-0.01400,0.00000,0.99990,1.000,1.000
6.0902,-0.01400,0.00000,0.99990,1.000,1.000
6.0927,-0.01400,0.00000,0.99990,1.000,1.000
6.0961,-0.01400,0.00000,0.99990,1.000,1.000
6.0990,-0.01400,0.00000,0.99990,1.000,1.000
6.1015,-0.01400,0.00000,0.99990,1.000,1.000
6.1038,-0.01400,0.00000,0.99990,1.000,1.000
6.1062,-0.01400,0.00000,0.99990,1.000,1.000
6.1089,-0.01400,0.00000,0.99990,1.000,1.000
6.1119,-0.01400,0.00000,0.99990,1.000,1.000
6.1147,-0.01400,0.00000,0.99990,1.000,1.000
6.1173,-0.01400,0.00000,0.99990,1.000,1.000
6.1197,-0.01400,0.00000,0.99990,1.000,1.000
6.1221,-0.01400,0.00000,0.99990,1.000,1.000
6.1246,-0.01400,0.00000,0.99990,1.000,1.000
6.1268,-0.01400,0.00000,0.99990,1.000,1.000
6.1300,-0.01400,0.00000,0.99990,1.000,1.000
6.1329,-0.01400,0.00000,0.99990,1.000,1.000
6.1356,-0.01400,0.00000,0.99990,1.000,1.000
6.1389,-0.01400,0.00000,0.99990,1.000,1.000
6.1413,-0.01400,0.00000,0.99990,1.000,1.000
6.1439,-0.01400,0.00000,0.99990,1.000,1.000
6.1464,-0.01400,0.00000,0.99990,1.000,1.000
6.1489,-0.01400,0.00000,0.99990,1.000,1.000
6.1514,-0.01400,0.00000,0.99990,1.000,1.000
6.1537,-0.01400,0.00000,0.99990,1.000,1.000
6.1562,-0.01400,0.00000,0.99990,1.000,1.000
6.1585,-0.01400,0.00000,0.99990,1.000,1.000
6.1609,-0.01400,0.00000,0.99990,1.000,1.000
6.1638,-0.01400,0.00000,0.99990,1.000,1.000
6.1676,-0.01400,0.00000,0.99990,1.000,1.000
6.1705,-0.01400,0.00000,0.99990,1.000,1.000
6.1737,-0.01400,0.00000,0.99990,1.000,1.000
6.1771,-0.01400,0.00000,0.99990,1.000,1.000
6.1798,-0.01400,0.00000,0.99990,1.000,1.000
6.1819,-0.01400,0.00000,0.99990,1.000,1.000
6.1845,-0.01400,0.00000,0.99990,1.000,1.000
6.1870,-0.01400,0.00000,0.99990,1.000,1.000
6.1894,-0.01400,0.00000,0.99990,1.000,1.000
6.1918,-0.01400,0.00000,0.99990,1.000,1.000
6.1940,-0.01400,0.00000,0.99990,1.000,1.000
6.1968,-0.01400,0.00000,0.99990,1.000,1.000
6.1992,-0.01400,0.00000,0.99990,1.000,1.000
6.2031,-0.01400,0.00000,0.99990,1.000,1.000
6.2063,-0.01400,0.00000,0.99990,1.000,1.000
6.2096,-0.01400,0.00000,0.99990,1.000,1.000
6.2132,-0.01400,0.00000,0.99990,1.000,1.000
6.2182,-0.01400,0.00000,0.99990,1.000,1.000
6.2216,-0.01400,0.00000,0.99990,1.000,1.000
6.2242,-0.01400,0.00000,0.99990,1.000,1.000
6.2265,-0.01400,0.00000,0.99990,1.000,1.000
6.2286,-0.01400,0.00000,0.99990,1.000,1.000
6.2312,-0.01400,0.00000,0.99990,1.000,1.000
6.2337,-0.01400,0.00000,0.99990,1.000,1.000
6.2367,-0.01400,0.00000,0.99990,1.000,1.000
6.2396,-0.01400,0.00000,0.99990,1.000,1.000
6.2421,-0.01400,0.00000,0.99990,1.000,1.000
6.2444,-0.01400,0.00000,0.99990,1.000,1.000
6.2472,-0.01400,0.00000,0.99990,1.000,1.000
6.2504,-0.01400,0.00000,0.99990,1.000,1.000
6.2531,-0.01400,0.00000,0.99990,1.000,1.000
6.2559,-0.01400,0.00000,0.99990,1.000,1.000
6.2584,-0.01400,0.00000,0.99990,1.000,1.000
6.2605,-0.01400,0.00000,0.99990,1.000,1.000
6.2632,-0.01400,0.00000,0.99990,1.000,1.000
6.2655,-0.01400,0.00000,0.99990,1.000,1.000
6.2680,-0.01400,0.00000,0.99990,1.000,1.000
6.2704,-0.01400,0.00000,0.99990,1.000,1.000
6.2732,-0.01400,0.00000,0.99990,1.000,1.000
6.2762,-0.01400,0.00000,0.99990,1.000,1.000
6.2790,-0.01400,0.00000,0.99990,1.000,1.000
6.2819,-0.01400,0.00000,0.99990,1.000,1.000
6.2844,-0.01400,0.00000,0.99990,1.000,1.000
6.2871,-0.01400,0.00000,0.99990,1.000,1.000
6.2898,-0.01400,0.00000,0.99990,1.000,1.000
6.2923,-0.01400,0.00000,0.99990,1.000,1.000
6.2947,-0.01400,0.00000,0.99990,1.000,1.000
6.2973,-0.01400,0.00000,0.99990,1.000,1.000
6.2999,-0.01400,0.00000,0.99990,1.000,1.000
6.3021,-0.01400,0.00000,0.99990,1.000,1.000
6.3046,-0.01400,0.00000,0.99990,1.000,1.000
6.3073,-0.01400,0.00000,0.99990,1.000,1.000
6.3103,-0.01400,0.00000,0.99990,1.000,1.000
6.3135,-0.01400,0.00000,0.99990,1.000,1.000
6.3168,-0.01400,0.00000,0.99990,1.000,1.000
6.3195,-0.01400,0.00000,0.99990,1.000,1.000
6.3219,-0.01400,0.00000,0.99990,1.000,1.000
6.3243,-0.01400,0.00000,0.99990,1.000,1.000
6.3268,-0.01400,0.00000,0.99990,1.000,1.000
6.3293,-0.01400,0.00000,0.99990,1.000,1.000
6.3320,-0.01400,0.00000,0.99990,1.000,1.000
6.3346,-0.01400,0.00000,0.99990,1.000,1.000
6.3374,-0.01400,0.00000,0.99990,1.000,1.000
6.3398,-0.01400,0.00000,0.99990,1.000,1.000
6.3422,-0.01400,0.00000,0.99990,1.000,1.000
6.3445,-0.01400,0.00000,0.99990,1.000,1.000
6.3480,-0.01400,0.00000,0.99990,1.000,1.000
6.3511,-0.01400,0.00000,0.99990,1.000,1.000
6.3539,-0.01400,0.00000,0.99990,1.000,1.000
6.3569,-0.01400,0.00000,0.99990,1.000,1.000
6.3595,-0.01400,0.00000,0.99990,1.000,1.000
6.3621,-0.01400,0.00000,0.99990,1.000,1.000
6.3641,-0.01400,0.00000,0.99990,1.000,1.000
6.3664,-0.01400,0.00000,0.99990,1.000,1.000
6.3695,-0.01400,0.00000,0.99990,1.000,1.000
6.3723,-0.01400,0.00000,0.99990,1.000,1.000
6.3750,-0.01400,0.00000,0.99990,1.000,1.000
6.3784,-0.01400,0.00000,0.99990,1.000,1.000
6.3811,-0.01400,0.00000,0.99990,1.000,1.000
6.3842,-0.01400,0.00000,0.99990,1.000,1.000
6.3879,-0.01400,0.00000,0.99990,1.000,1.000
6.3910,-0.01400,0.00000,0.99990,1.000,1.000
6.3941,-0.01400,0.00000,0.99990,1.000,1.000
6.3974,-0.01400,0.00000,0.99990,1.000,1.000
6.4003,-0.01400,0.00000,0.99990,1.000,1.000
6.4031,-0.01400,0.00000,0.99990,1.000,1.000
6.4056,-0.01400,0.00000,0.99990,1.000,1.000
6.4082,-0.01400,0.00000,0.99990,1.000,1.000
6.4111,-0.01400,0.00000,0.99990,1.000,1.000
6.4137,-0.01400,0.00000,0.99990,1.000,1.000
6.4164,-0.01400,0.00000,0.99990,1.000,1.000
6.4188,-0.01400,0.00000,0.99990,1.000,1.000
6.4218,-0.01400,0.00000,0.99990,1.000,1.000
6.4251,-0.01400,0.00000,0.99990,1.000,1.000
6.4282,-0.01400,0.00000,0.99990,1.000,1.000
6.4316,-0.01400,0.00000,0.99990,1.000,1.000
6.4349,-0.01400,0.00000,0.99990,1.000,1.000
6.4380,-0.01400,0.00000,0.99990,1.000,1.000
6.4411,-0.01400,0.00000,0.99990,1.000,1.000
6.4436,-0.01400,0.00000,0.99990,1.000,1.000
6.4460,-0.01400,0.00000,0.99990,1.000,1.000
6.4484,-0.01400,0.00000,0.99990,1.000,1.000
6.4509,-0.01400,0.00000,0.99990,1.000,1.000
6.4532,-0.01400,0.00000,0.99990,1.000,1.000
6.4565,-0.01400,0.00000,0.99990,1.000,1.000
6.4596,-0.01400,0.00000,0.99990,1.000,1.000
6.4621,-0.01400,0.00000,0.99990,1.000,1.000
6.4645,-0.01400,0.00000,0.99990,1.000,1.000
6.4669,-0.01400,0.00000,0.99990,1.000,1.000
6.4692,-0.01400,0.00000,0.99990,1.000,1.000
6.4714,-0.01400,0.00000,0.99990,1.000,1.000
6.4736,-0.01400,0.00000,0.99990,1.000,1.000
6.4763,-0.01400,0.00000,0.99990,1.000,1.000
6.4784,-0.01400,0.00000,0.99990,1.000,1.000
6.4809,-0.01400,0.00000,0.99990,1.000,1.000
6.4832,-0.01400,0.00000,0.99990,1.000,1.000
6.4854,-0.01400,0.00000,0.99990,1.000,1.000
6.4879,-0.01400,0.00000,0.99990,1.000,1.000
6.4903,-0.01400,0.00000,0.99990,1.000,1.000
6.4925,-0.01400,0.00000,0.99990,1.000,1.000
6.4951,-0.01400,0.00000,0.99990,1.000,1.000
6.4983,-0.01400,0.00000,0.99990,1.000,1.000
6.5012,-0.01400,0.00000,0.99990,1.000,1.000
6.5043,-0.01400,0.00000,0.99990,1.000,1.000
6.5071,-0.01400,0.00000,0.99990,1.000,1.000
6.5093,-0.01400,0.00000,0.99990,1.000,1.000
6.5122,-0.01400,0.00000,0.99990,1.000,1.000
6.5146,-0.01400,0.00000,0.99990,1.000,1.000
6.5172,-0.01400,0.00000,0.99990,1.000,1.000
6.5198,-0.01400,0.00000,0.99990,1.000,1.000
6.5223,-0.01400,0.00000,0.99990,1.000,1.000
6.5247,-0.01400,0.00000,0.99990,1.000,1.000
6.5269,-0.01400,0.00000,0.99990,1.000,1.000
6.5296,-0.01400,0.00000,0.99990,1.000,1.000
6.5319,-0.01400,0.00000,0.99990,1.000,1.000
6.5351,-0.01400,0.00000,0.99990,1.000,1.000
6.5384,-0.01400,0.00000,0.99990,1.000,1.000
6.5413,-0.01400,0.00000,0.99990,1.000,1.000
6.5443,-0.01400,0.00000,0.99990,1.000,1.000
6.5471,-0.01400,0.00000,0.99990,1.000,1.000
6.5499,-0.01400,0.00000,0.99990,1.000,1.000
6.5528,-0.01400,0.00000,0.99990,1.000,1.000
6.5573,-0.01400,0.00000,0.99990,1.000,1.000
6.5605,-0.01400,0.00000,0.99990,1.000,1.000
6.5630,-0.01400,0.00000,0.99990,1.000,1.000
6.5655,-0.01400,0.00000,0.99990,1.000,1.000
6.5681,-0.01400,0.00000,0.99990,1.000,1.000
6.5706,-0.01400,0.00000,0.99990,1.000,1.000
6.5736,-0.01400,0.00000,0.99990,1.000,1.000
6.5771,-0.01400,0.00000,0.99990,1.000,1.000
6.5806,-0.01400,0.00000,0.99990,1.000,1.000
6.5836,-0.01400,0.00000,0.99990,1.000,1.000
6.5862,-0.01400,0.00000,0.99990,1.000,1.000
6.5890,-0.01400,0.00000,0.99990,1.000,1.000
6.5918,-0.01400,0.00000,0.99990,1.000,1.000
6.5941,-0.01400,0.00000,0.99990,1.000,1.000
6.5969,-0.01400,0.00000,0.99990,1.000,1.000
6.5994,-0.01400,0.00000,0.99990,1.000,1.000
6.6018,-0.01400,0.00000,0.99990,1.000,1.000
6.6041,-0.01400,0.00000,0.99990,1.000,1.000
6.6062,-0.01400,0.00000,0.99990,1.000,1.000
6.6087,-0.01400,0.00000,0.99990,1.000,1.000
6.6110,-0.01400,0.00000,0.99990,1.000,1.000
6.6142,-0.01400,0.00000,0.99990,1.000,1.000
6.6171,-0.01400,0.00000,0.99990,1.000,1.000
6.6197,-0.01400,0.00000,0.99990,1.000,1.000
6.6226,-0.01400,0.00000,0.99990,1.000,1.000
6.6254,-0.01400,0.00000,0.99990,1.000,1.000
6.6281,-0.01400,0.00000,0.99990,1.000,1.000
6.6307,-0.01400,0.00000,0.99990,1.000,1.000
6.6330,-0.01400,0.00000,0.99990,1.000,1.000
6.6352,-0.01400,0.00000,0.99990,1.000,1.000
6.6378,-0.01400,0.00000,0.99990,1.000,1.000
6.6403,-0.01400,0.00000,0.99990,1.000,1.000
6.6425,-0.01400,0.00000,0.99990,1.000,1.000
6.6448,-0.01400,0.00000,0.99990,1.000,1.000
6.6472,-0.01400,0.00000,0.99990,1.000,1.000
6.6502,-0.01400,0.00000,0.99990,1.000,1.000
6.6530,-0.01400,0.00000,0.99990,1.000,1.000
6.6561,-0.01400,0.00000,0.99990,1.000,1.000
6.6597,-0.01400,0.00000,0.99990,1.000,1.000
6.6627,-0.01400,0.00000,0.99990,1.000,1.000
6.6652,-0.01400,0.00000,0.99990,1.000,1.000
6.6678,-0.01400,0.00000,0.99990,1.000,1.000
6.6703,-0.01400,0.00000,0.99990,1.000,1.000
6.6725,-0.01400,0.00000,0.99990,1.000,1.000
6.6751,-0.01400,0.00000,0.99990,1.000,1.000
6.6779,-0.01400,0.00000,0.99990,1.000,1.000
6.6804,-0.01400,0.00000,0.99990,1.000,1.000
6.6830,-0.01400,0.00000,0.99990,1.000,1.000
6.6854,-0.01400,0.00000,0.99990,1.000,1.000
6.6885,-0.01400,0.00000,0.99990,1.000,1.000
6.6924,-0.01400,0.00000,0.99990,1.000,1.000
6.6967,-0.01400,0.00000,0.99990,1.000,1.000
6.6994,-0.01400,0.00000,0.99990,1.000,1.000
6.7017,-0.01400,0.00000,0.99990,1.000,1.000
6.7040,-0.01400,0.00000,0.99990,1.000,1.000
6.7067,-0.01400,0.00000,0.99990,1.000,1.000
6.7091,-0.01400,0.00000,0.99990,1.000,1.000
6.7123,-0.01400,0.00000,0.99990,1.000,1.000
6.7150,-0.01400,0.00000,0.99990,1.000,1.000
6.7178,-0.01400,0.00000,0.99990,1.000,1.000
6.7204,-0.01400,0.00000,0.99990,1.000,1.000
6.7230,-0.01400,0.00000,0.99990,1.000,1.000
6.7257,-0.01400,0.00000,0.99990,1.000,1.000
6.7295,-0.01400,0.00000,0.99990,1.000,1.000
6.7324,-0.01400,0.00000,0.99990,1.000,1.000
6.7355,-0.01400,0.00000,0.99990,1.000,1.000
6.7391,-0.01400,0.00000,0.99990,1.000,1.000
6.7418,-0.01400,0.00000,0.99990,1.000,1.000
6.7445,-0.01400,0.00000,0.99990,1.000,1.000
6.7470,-0.01400,0.00000,0.99990,1.000,1.000
6.7502,-0.01400,0.00000,0.99990,1.000,1.000
6.7529,-0.01400,0.00000,0.99990,1.000,1.000
6.7562,-0.01400,0.00000,0.99990,1.000,1.000
6.7590,-0.01400,0.00000,0.99990,1.000,1.000
6.7620,-0.01400,0.00000,0.99990,1.000,1.000
6.7653,-0.01400,0.00000,0.99990,1.000,1.000
6.7682,-0.01400,0.00000,0.99990,1.000,1.000
6.7708,-0.01400,0.00000,0.99990,1.000,1.000
6.7739,-0.01400,0.00000,0.99990,1.000,1.000
6.7773,-0.01400,0.00000,0.99990,1.000,1.000
6.7800,-0.01400,0.00000,0.99990,1.000,1.000
6.7824,-0.01400,0.00000,0.99990,1.000,1.000
6.7852,-0.01400,0.00000,0.99990,1.000,1.000
6.7878,-0.01400,0.00000,0.99990,1.000,1.000
6.7904,-0.01400,0.00000,0.99990,1.000,1.000
6.7926,-0.01400,0.00000,0.99990,1.000,1.000
6.7948,-0.01400,0.00000,0.99990,1.000,1.000
6.7977,-0.01400,0.00000,0.99990,1.000,1.000
6.8005,-0.01400,0.00000,0.99990,1.000,1.000
6.8034,-0.01400,0.00000,0.99990,1.000,1.000
6.8061,-0.01400,0.00000,0.99990,1.000,1.000
6.8091,-0.01400,0.00000,0.99990,1.000,1.000
6.8121,-0.01400,0.00000,0.99990,1.000,1.000
6.8149,-0.01400,0.00000,0.99990,1.000,1.000
6.8177,-0.01400,0.00000,0.99990,1.000,1.000
6.8202,-0.01400,0.00000,0.99990,1.000,1.000
6.8229,-0.01400,0.00000,0.99990,1.000,1.000
6.8252,-0.01400,0.00000,0.99990,1.000,1.000
6.8277,-0.01400,0.00000,0.99990,1.000,1.000
6.8303,-0.01400,0.00000,0.99990,1.000,1.000
6.8331,-0.01400,0.00000,0.99990,1.000,1.000
6.8359,-0.01400,0.00000,0.99990,1.000,1.000
6.8389,-0.01400,0.00000,0.99990,1.000,1.000
6.8419,-0.01400,0.00000,0.99990,1.000,1.000
6.8448,-0.01400,0.00000,0.99990,1.000,1.000
6.8484,-0.01400,0.00000,0.99990,1.000,1.000
6.8510,-0.01400,0.00000,0.99990,1.000,1.000
6.8534,-0.01400,0.00000,0.99990,1.000,1.000
6.8563,-0.01400,0.00000,0.99990,1.000,1.000
6.8591,-0.01400,0.00000,0.99990,1.000,1.000
6.8615,-0.01400,0.00000,0.99990,1.000,1.000
6.8643,-0.01400,0.00000,0.99990,1.000,1.000
6.8667,-0.01400,0.00000,0.99990,1.000,1.000
6.8694,-0.01400,0.00000,0.99990,1.000,1.000
6.8718,-0.01400,0.00000,0.99990,1.000,1.000
6.8744,-0.01400,0.00000,0.99990,1.000,1.000
6.8778,-0.01400,0.00000,0.99990,1.000,1.000
6.8812,-0.01400,0.00000,0.99990,1.000,1.000
6.8846,-0.01400,0.00000,0.99990,1.000,1.000
6.8876,-0.01400,0.00000,0.99990,1.000,1.000
6.8901,-0.01400,0.00000,0.99990,1.000,1.000
6.8927,-0.01400,0.00000,0.99990,1.000,1.000
6.8961,-0.01400,0.00000,0.99990,1.000,1.000
6.8990,-0.01400,0.00000,0.99990,1.000,1.000
6.9017,-0.01400,0.00000,0.99990,1.000,1.000
6.9044,-0.01400,0.00000,0.99990,1.000,1.000
6.9074,-0.01400,0.00000,0.99990,1.000,1.000
6.9105,-0.01400,0.00000,0.99990,1.000,1.000
6.9141,-0.01400,0.00000,0.99990,1.000,1.000
6.9179,-0.01400,0.00000,0.99990,1.000,1.000
6.9212,-0.01400,0.00000,0.99990,1.000,1.000
6.9241,-0.01400,0.00000,0.99990,1.000,1.000
6.9265,-0.01400,0.00000,0.99990,1.000,1.000
6.9290,-0.01400,0.00000,0.99990,1.000,1.000
6.9317,-0.01400,0.00000,0.99990,1.000,1.000
6.9338,-0.01400,0.00000,0.99990,1.000,1.000
6.9368,-0.01400,0.00000,0.99990,1.000,1.000
6.9392,-0.01400,0.00000,0.99990,1.000,1.000
6.9415,-0.01400,0.00000,0.99990,1.000,1.000
6.9439,-0.01400,0.00000,0.99990,1.000,1.000
6.9460,-0.01400,0.00000,0.99990,1.000,1.000
6.9485,-0.01400,0.00000,0.99990,1.000,1.000
6.9517,-0.01400,0.00000,0.99990,1.000,1.000
6.9549,-0.01400,0.00000,0.99990,1.000,1.000
6.9587,-0.01400,0.00000,0.99990,1.000,1.000
6.9613,-0.01400,0.00000,0.99990,1.000,1.000
6.9637,-0.01400,0.00000,0.99990,1.000,1.000
6.9667,-0.01400,0.00000,0.99990,1.000,1.000
6.9690,-0.01400,0.00000,0.99990,1.000,1.000
6.9711,-0.01400,0.00000,0.99990,1.000,1.000
6.9735,-0.01400,0.00000,0.99990,1.000,1.000
6.9762,-0.01400,0.00000,0.99990,1.000,1.000
6.9786,-0.01400,0.00000,0.99990,1.000,1.000
6.9811,-0.01400,0.00000,0.99990,1.000,1.000
6.9835,-0.01400,0.00000,0.99990,1.000,1.000
6.9859,-0.01400,0.00000,0.99990,1.000,1.000
6.9884,-0.01400,0.00000,0.99990,1.000,1.000
6.9916,-0.01400,0.00000,0.99990,1.000,1.000
6.9941,-0.01400,0.00000,0.99990,1.000,1.000
6.9968,-0.01400,0.00000,0.99990,1.000,1.000
6.9995,-0.01400,0.00000,0.99990,1.000,1.000
7.0024,-0.01400,0.00000,0.99990,1.000,1.000
7.0053,-0.01400,0.00000,0.99990,1.000,1.000
7.0081,-0.01400,0.00000,0.99990,1.000,1.000
7.0108,-0.01400,0.00000,0.99990,1.000,1.000
7.0132,-0.01400,0.00000,0.99990,1.000,1.000
7.0159,-0.01400,0.00000,0.99990,1.000,1.000
7.0182,-0.01400,0.00000,0.99990,1.000,1.000
7.0210,-0.01400,0.00000,0.99990,1.000,1.000
7.0233,-0.01400,0.00000,0.99990,1.000,1.000
7.0258,-0.01400,0.00000,0.99990,1.000,1.000
7.0287,-0.01400,0.00000,0.99990,1.000,1.000
7.0314,-0.01400,0.00000,0.99990,1.000,1.000
7.0342,-0.01400,0.00000,0.99990,1.000,1.000
7.0381,-0.01400,0.00000,0.99990,1.000,1.000
7.0407,-0.01400,0.00000,0.99990,1.000,1.000
7.0435,-0.01400,0.00000,0.99990,1.000,1.000
7.0464,-0.01400,0.00000,0.99990,1.000,1.000
7.0490,-0.01400,0.00000,0.99990,1.000,1.000
7.0520,-0.01400,0.00000,0.99990,1.000,1.000
7.0546,-0.01400,0.00000,0.99990,1.000,1.000
7.0577,-0.01400,0.00000,0.99990,1.000,1.000
7.0603,-0.01400,0.00000,0.99990,1.000,1.000
7.0631,-0.01400,0.00000,0.99990,1.000,1.000
7.0662,-0.01400,0.00000,0.99990,1.000,1.000
7.0692,-0.01400,0.00000,0.99990,1.000,1.000
7.0726,-0.01400,0.00000,0.99990,1.000,1.000
7.0757,-0.01400,0.00000,0.99990,1.000,1.000
7.0787,-0.01400,0.00000,0.99990,1.000,1.000
7.0820,-0.01400,0.00000,0.99990,1.000,1.000
7.0849,-0.01400,0.00000,0.99990,1.000,1.000
7.0879,-0.01400,0.00000,0.99990,1.000,1.000
7.0903,-0.01400,0.00000,0.99990,1.000,1.000
7.0928,-0.01400,0.00000,0.99990,1.000,1.000
7.0954,-0.01400,0.00000,0.99990,1.000,1.000
7.0989,-0.01400,0.00000,0.99990,1.000,1.000
7.1023,-0.01400,0.00000,0.99990,1.000,1.000
7.1053,-0.01400,0.00000,0.99990,1.000,1.000
7.1084,-0.01400,0.00000,0.99990,1.000,1.000
7.1110,-0.01400,0.00000,0.99990,1.000,1.000
7.1137,-0.01400,0.00000,0.99990,1.000,1.000
7.1167,-0.01400,0.00000,0.99990,1.000,1.000
7.1192,-0.01400,0.00000,0.99990,1.000,1.000
7.1219,-0.01400,0.00000,0.99990,1.000,1.000
7.1244,-0.01400,0.00000,0.99990,1.000,1.000
7.1268,-0.01400,0.00000,0.99990,1.000,1.000
7.1294,-0.01400,0.00000,0.99990,1.000,1.000
7.1319,-0.01400,0.00000,0.99990,1.000,1.000
7.1345,-0.01400,0.00000,0.99990,1.000,1.000
7.1378,-0.01400,0.00000,0.99990,1.000,1.000
7.1405,-0.01400,0.00000,0.99990,1.000,1.000
7.1435,-0.01400,0.00000,0.99990,1.000,1.000
7.1465,-0.01400,0.00000,0.99990,1.000,1.000
7.1495,-0.01400,0.00000,0.99990,1.000,1.000
7.1522,-0.01400,0.00000,0.99990,1.000,1.000
7.1547,-0.01400,0.00000,0.99990,1.000,1.000
7.1571,-0.01400,0.00000,0.99990,1.000,1.000
7.1598,-0.01400,0.00000,0.99990,1.000,1.000
7.1623,-0.01400,0.00000,0.99990,1.000,1.000
7.1644,-0.01400,0.00000,0.99990,1.000,1.000
7.1668,-0.01400,0.00000,0.99990,1.000,1.000
7.1692,-0.01400,0.00000,0.99990,1.000,1.000
7.1722,-0.01400,0.00000,0.99990,1.000,1.000
7.1754,-0.01400,0.00000,0.99990,1.000,1.000
7.1791,-0.01400,0.00000,0.99990,1.000,1.000
7.1819,-0.01400,0.00000,0.99990,1.000,1.000
7.1844,-0.01400,0.00000,0.99990,1.000,1.000
7.1868,-0.01400,0.00000,0.99990,1.000,1.000
7.1890,-0.01400,0.00000,0.99990,1.000,1.000
7.1916,-0.01400,0.00000,0.99990,1.000,1.000
7.1938,-0.01400,0.00000,0.99990,1.000,1.000
7.1966,-0.01400,0.00000,0.99990,1.000,1.000
7.1991,-0.01400,0.00000,0.99990,1.000,1.000
7.2015,-0.01400,0.00000,0.99990,1.000,1.000
7.2039,-0.01400,0.00000,0.99990,1.000,1.000
7.2060,-0.01400,0.00000,0.99990,1.000,1.000
7.2092,-0.01400,0.00000,0.99990,1.000,1.000
7.2126,-0.01400,0.00000,0.99990,1.000,1.000
7.2164,-0.01400,0.00000,0.99990,1.000,1.000
7.2198,-0.01400,0.00000,0.99990,1.000,1.000
7.2226,-0.01400,0.00000,0.99990,1.000,1.000
7.2251,-0.01400,0.00000,0.99990,1.000,1.000
7.2277,-0.01400,0.00000,0.99990,1.000,1.000
7.2300,-0.01400,0.00000,0.99990,1.000,1.000
7.2326,-0.01400,0.00000,0.99990,1.000,1.000
7.2351,-0.01400,0.00000,0.99990,1.000,1.000
7.2377,-0.01400,0.00000,0.99990,1.000,1.000
7.2405,-0.01400,0.00000,0.99990,1.000,1.000
7.2431,-0.01400,0.00000,0.99990,1.000,1.000
7.2459,-0.01400,0.00000,0.99990,1.000,1.000
7.2491,-0.01400,0.00000,0.99990,1.000,1.000
7.2519,-0.01400,0.00000,0.99990,1.000,1.000
7.2547,-0.01400,0.00000,0.99990,1.000,1.000
7.2576,-0.01400,0.00000,0.99990,1.000,1.000
7.2606,-0.01400,0.00000,0.99990,1.000,1.000
7.2635,-0.01400,0.00000,0.99990,1.000,1.000
7.2662,-0.01400,0.00000,0.99990,1.000,1.000
7.2687,-0.01400,0.00000,0.99990,1.000,1.000
7.2712,-0.01400,0.00000,0.99990,1.000,1.000
7.2735,-0.01400,0.00000,0.99990,1.000,1.000
7.2763,-0.01400,0.00000,0.99990,1.000,1.000
7.2789,-0.01400,0.00000,0.99990,1.000,1.000
7.2814,-0.01400,0.00000,0.99990,1.000,1.000
7.2843,-0.01400,0.00000,0.99990,1.000,1.000
7.2873,-0.01400,0.00000,0.99990,1.000,1.000
7.2902,-0.01400,0.00000,0.99990,1.000,1.000
7.2925,-0.01400,0.00000,0.99990,1.000,1.000
7.2949,-0.01400,0.00000,0.99990,1.000,1.000
7.2974,-0.01400,0.00000,0.99990,1.000,1.000
7.3004,-0.01400,0.00000,0.99990,1.000,1.000
7.3028,-0.01400,0.00000,0.99990,1.000,1.000
7.3053,-0.01400,0.00000,0.99990,1.000,1.000
7.3076,-0.01400,0.00000,0.99990,1.000,1.000
7.3101,-0.01400,0.00000,0.99990,1.000,1.000
7.3130,-0.01400,0.00000,0.99990,1.000,1.000
7.3162,-0.01400,0.00000,0.99990,1.000,1.000
7.3193,-0.01400,0.00000,0.99990,1.000,1.000
7.3219,-0.01400,0.00000,0.99990,1.000,1.000
7.3246,-0.01400,0.00000,0.99990,1.000,1.000
7.3282,-0.01400,0.00000,0.99990,1.000,1.000
7.3309,-0.01400,0.00000,0.99990,1.000,1.000
7.3333,-0.01400,0.00000,0.99990,1.000,1.000
7.3361,-0.01400,0.00000,0.99990,1.000,1.000
7.3387,-0.01400,0.00000,0.99990,1.000,1.000
7.3413,-0.01400,0.00000,0.99990,1.000,1.000
7.3436,-0.01400,0.00000,0.99990,1.000,1.000
7.3457,-0.01400,0.00000,0.99990,1.000,1.000
7.3480,-0.01400,0.00000,0.99990,1.000,1.000
7.3505,-0.01400,0.00000,0.99990,1.000,1.000
7.3533,-0.01400,0.00000,0.99990,1.000,1.000
7.3569,-0.01400,0.00000,0.99990,1.000,1.000
7.3601,-0.01400,0.00000,0.99990,1.000,1.000
7.3633,-0.01400,0.00000,0.99990,1.000,1.000
7.3665,-0.01400,0.00000,0.99990,1.000,1.000
7.3694,-0.01400,0.00000,0.99990,1.000,1.000
7.3721,-0.01400,0.00000,0.99990,1.000,1.000
7.3746,-0.01400,0.00000,0.99990,1.000,1.000
7.3770,-0.01400,0.00000,0.99990,1.000,1.000
7.3796,-0.01400,0.00000,0.99990,1.000,1.000
7.3820,-0.01400,0.00000,0.99990,1.000,1.000
7.3843,-0.01400,0.00000,0.99990,1.000,1.000
7.3866,-0.01400,0.00000,0.99990,1.000,1.000
7.3894,-0.01400,0.00000,0.99990,1.000,1.000
7.3919,-0.01400,0.00000,0.99990,1.000,1.000
7.3952,-0.01400,0.00000,0.99990,1.000,1.000
7.3989,-0.01400,0.00000,0.99990,1.000,1.000
7.4017,-0.01400,0.00000,0.99990,1.000,1.000
7.4044,-0.01400,0.00000,0.99990,1.000,1.000
7.4068,-0.01400,0.00000,0.99990,1.000,1.000
7.4093,-0.01400,0.00000,0.99990,1.000,1.000
7.4114,-0.01400,0.00000,0.99990,1.000,1.000
7.4136,-0.01400,0.00000,0.99990,1.000,1.000
7.4163,-0.01400,0.00000,0.99990,1.000,1.000
7.4186,-0.01400,0.00000,0.99990,1.000,1.000
7.4211,-0.01400,0.00000,0.99990,1.000,1.000
7.4233,-0.01400,0.00000,0.99990,1.000,1.000
7.4262,-0.01400,0.00000,0.99990,1.000,1.000
7.4303,-0.01400,0.00000,0.99990,1.000,1.000
7.4336,-0.01400,0.00000,0.99990,1.000,1.000
7.4372,-0.01400,0.00000,0.99990,1.000,1.000
7.4403,-0.01400,0.00000,0.99990,1.000,1.000
7.4430,-0.01400,0.00000,0.99990,1.000,1.000
7.4461,-0.01400,0.00000,0.99990,1.000,1.000
7.4487,-0.01400,0.00000,0.99990,1.000,1.000
7.4515,-0.01400,0.00000,0.99990,1.000,1.000
7.4538,-0.01400,0.00000,0.99990,1.000,1.000
7.4564,-0.01400,0.00000,0.99990,1.000,1.000
7.4586,-0.01400,0.00000,0.99990,1.000,1.000
7.4621,-0.01400,0.00000,0.99990,1.000,1.000
7.4657,-0.01400,0.00000,0.99990,1.000,1.000
7.4691,-0.01400,0.00000,0.99990,1.000,1.000
7.4726,-0.01400,0.00000,0.99990,1.000,1.000
7.4756,-0.01400,0.00000,0.99990,1.000,1.000
7.4788,-0.01400,0.00000,0.99990,1.000,1.000
7.4823,-0.01400,0.00000,0.99990,1.000,1.000
7.4850,-0.01400,0.00000,0.99990,1.000,1.000
7.4876,-0.01400,0.00000,0.99990,1.000,1.000
7.4900,-0.01400,0.00000,0.99990,1.000,1.000
7.4928,-0.01400,0.00000,0.99990,1.000,1.000
7.4966,-0.01400,0.00000,0.99990,1.000,1.000
7.4995,-0.01400,0.00000,0.99990,1.000,1.000
7.5025,-0.01400,0.00000,0.99990,1.000,1.000
7.5053,-0.01400,0.00000,0.99990,1.000,1.000
7.5079,-0.01400,0.00000,0.99990,1.000,1.000
7.5102,-0.01400,0.00000,0.99990,1.000,1.000
7.5127,-0.01400,0.00000,0.99990,1.000,1.000
7.5149,-0.01400,0.00000,0.99990,1.000,1.000
7.5179,-0.01400,0.00000,0.99990,1.000,1.000
7.5201,-0.01400,0.00000,0.99990,1.000,1.000
7.5227,-0.01400,0.00000,0.99990,1.000,1.000
7.5249,-0.01400,0.00000,0.99990,1.000,1.000
7.5270,-0.01400,0.00000,0.99990,1.000,1.000
7.5295,-0.01400,0.00000,0.99990,1.000,1.000
7.5330,-0.01400,0.00000,0.99990,1.000,1.000
7.5366,-0.01400,0.00000,0.99990,1.000,1.000
7.5399,-0.01400,0.00000,0.99990,1.000,1.000
7.5432,-0.01400,0.00000,0.99990,1.000,1.000
7.5456,-0.01400,0.00000,0.99990,1.000,1.000
7.5482,-0.01400,0.00000,0.99990,1.000,1.000
7.5506,-0.01400,0.00000,0.99990,1.000,1.000
7.5530,-0.01400,0.00000,0.99990,1.000,1.000
7.5554,-0.01400,0.00000,0.99990,1.000,1.000
7.5581,-0.01400,0.00000,0.99990,1.000,1.000
7.5605,-0.01400,0.00000,0.99990,1.000,1.000
7.5628,-0.01400,0.00000,0.99990,1.000,1.000
7.5654,-0.01400,0.00000,0.99990,1.000,1.000
7.5689,-0.01400,0.00000,0.99990,1.000,1.000
7.5725,-0.01400,0.00000,0.99990,1.000,1.000
7.5755,-0.01400,0.00000,0.99990,1.000,1.000
7.5788,-0.01400,0.00000,0.99990,1.000,1.000
7.5814,-0.01400,0.00000,0.99990,1.000,1.000
7.5845,-0.01400,0.00000,0.99990,1.000,1.000
7.5872,-0.01400,0.00000,0.99990,1.000,1.000
7.5900,-0.01400,0.00000,0.99990,1.000,1.000
7.5925,-0.01400,0.00000,0.99990,1.000,1.000
7.5948,-0.01400,0.00000,0.99990,1.000,1.000
7.5975,-0.01400,0.00000,0.99990,1.000,1.000
7.5999,-0.01400,0.00000,0.99990,1.000,1.000
7.6024,-0.01400,0.00000,0.99990,1.000,1.000
7.6053,-0.01400,0.00000,0.99990,1.000,1.000
7.6083,-0.01400,0.00000,0.99990,1.000,1.000
7.6113,-0.01400,0.00000,0.99990,1.000,1.000
7.6141,-0.01400,0.00000,0.99990,1.000,1.000
7.6169,-0.01400,0.00000,0.99990,1.000,1.000
7.6195,-0.01400,0.00000,0.99990,1.000,1.000
7.6220,-0.01400,0.00000,0.99990,1.000,1.000
7.6242,-0.01400,0.00000,0.99990,1.000,1.000
7.6265,-0.01400,0.00000,0.99990,1.000,1.000
7.6287,-0.01400,0.00000,0.99990,1.000,1.000
7.6308,-0.01400,0.00000,0.99990,1.000,1.000
7.6333,-0.01400,0.00000,0.99990,1.000,1.000
7.6359,-0.01400,0.00000,0.99990,1.000,1.000
7.6386,-0.01400,0.00000,0.99990,1.000,1.000
7.6414,-0.01400,0.00000,0.99990,1.000,1.000
7.6445,-0.01400,0.00000,0.99990,1.000,1.000
7.6479,-0.01400,0.00000,0.99990,1.000,1.000
7.6507,-0.01400,0.00000,0.99990,1.000,1.000
7.6530,-0.01400,0.00000,0.99990,1.000,1.000
7.6554,-0.01400,0.00000,0.99990,1.000,1.000
7.6582,-0.01400,0.00000,0.99990,1.000,1.000
7.6605,-0.01400,0.00000,0.99990,1.000,1.000
7.6633,-0.01400,0.00000,0.99990,1.000,1.000
7.6659,-0.01400,0.00000,0.99990,1.000,1.000
7.6689,-0.01400,0.00000,0.99990,1.000,1.000
7.6715,-0.01400,0.00000,0.99990,1.000,1.000
7.6746,-0.01400,0.00000,0.99990,1.000,1.000
7.6788,-0.01400,0.00000,0.99990,1.000,1.000
7.6817,-0.01400,0.00000,0.99990,1.000,1.000
7.6846,-0.01400,0.00000,0.99990,1.000,1.000
7.6872,-0.01400,0.00000,0.99990,1.000,1.000
7.6898,-0.01400,0.00000,0.99990,1.000,1.000
7.6922,-0.01400,0.00000,0.99990,1.000,1.000
7.6952,-0.01400,0.00000,0.99990,1.000,1.000
7.6983,-0.01400,0.00000,0.99990,1.000,1.000
7.7014,-0.01400,0.00000,0.99990,1.000,1.000
7.7041,-0.01400,0.00000,0.99990,1.000,1.000
7.7069,-0.01400,0.00000,0.99990,1.000,1.000
7.7099,-0.01400,0.00000,0.99990,1.000,1.000
7.7130,-0.01400,0.00000,0.99990,1.000,1.000
7.7162,-0.01400,0.00000,0.99990,1.000,1.000
7.7190,-0.01400,0.00000,0.99990,1.000,1.000
7.7218,-0.01400,0.00000,0.99990,1.000,1.000
7.7246,-0.01400,0.00000,0.99990,1.000,1.000
7.7270,-0.01400,0.00000,0.99990,1.000,1.000
7.7301,-0.01400,0.00000,0.99990,1.000,1.000
7.7329,-0.01400,0.00000,0.99990,1.000,1.000
7.7356,-0.01400,0.00000,0.99990,1.000,1.000
7.7388,-0.01400,0.00000,0.99990,1.000,1.000
7.7415,-0.01400,0.00000,0.99990,1.000,1.000
7.7442,-0.01400,0.00000,0.99990,1.000,1.000
7.7472,-0.01400,0.00000,0.99990,1.000,1.000
7.7506,-0.01400,0.00000,0.99990,1.000,1.000
7.7535,-0.01400,0.00000,0.99990,1.000,1.000
7.7567,-0.01400,0.00000,0.99990,1.000,1.000
7.7592,-0.01400,0.00000,0.99990,1.000,1.000
7.7621,-0.01400,0.00000,0.99990,1.000,1.000
7.7644,-0.01400,0.00000,0.99990,1.000,1.000
7.7671,-0.01400,0.00000,0.99990,1.000,1.000
7.7697,-0.01400,0.00000,0.99990,1.000,1.000
7.7723,-0.01400,0.00000,0.99990,1.000,1.000
7.7747,-0.01400,0.00000,0.99990,1.000,1.000
7.7776,-0.01400,0.00000,0.99990,1.000,1.000
7.7800,-0.01400,0.00000,0.99990,1.000,1.000
7.7829,-0.01400,0.00000,0.99990,1.000,1.000
7.7861,-0.01400,0.00000,0.99990,1.000,1.000
7.7890,-0.01400,0.00000,0.99990,1.000,1.000
7.7917,-0.01400,0.00000,0.99990,1.000,1.000
7.7938,-0.01400,0.00000,0.99990,1.000,1.000
7.7965,-0.01400,0.00000,0.99990,1.000,1.000
7.7991,-0.01400,0.00000,0.99990,1.000,1.000
7.8015,-0.01400,0.00000,0.99990,1.000,1.000
7.8043,-0.01400,0.00000,0.99990,1.000,1.000
7.8070,-0.01400,0.00000,0.99990,1.000,1.000
7.8095,-0.01400,0.00000,0.99990,1.000,1.000
7.8119,-0.01400,0.00000,0.99990,1.000,1.000
7.8143,-0.01400,0.00000,0.99990,1.000,1.000
7.8168,-0.01400,0.00000,0.99990,1.000,1.000
7.8202,-0.01400,0.00000,0.99990,1.000,1.000
7.8233,-0.01400,0.00000,0.99990,1.000,1.000
7.8260,-0.01400,0.00000,0.99990,1.000,1.000
7.8284,-0.01400,0.00000,0.99990,1.000,1.000
7.8306,-0.01400,0.00000,0.99990,1.000,1.000
7.8331,-0.01400,0.00000,0.99990,1.000,1.000
7.8361,-0.01400,0.00000,0.99990,1.000,1.000
7.8389,-0.01400,0.00000,0.99990,1.000,1.000
7.8413,-0.01400,0.00000,0.99990,1.000,1.000
7.8440,-0.01400,0.00000,0.99990,1.000,1.000
7.8466,-0.01400,0.00000,0.99990,1.000,1.000
7.8490,-0.01400,0.00000,0.99990,1.000,1.000
7.8515,-0.01400,0.00000,0.99990,1.000,1.000
7.8541,-0.01400,0.00000,0.99990,1.000,1.000
7.8573,-0.01400,0.00000,0.99990,1.000,1.000
7.8604,-0.01400,0.00000,0.99990,1.000,1.000
7.8633,-0.01400,0.00000,0.99990,1.000,1.000
7.8660,-0.01400,0.00000,0.99990,1.000,1.000
7.8687,-0.01400,0.00000,0.99990,1.000,1.000
7.8717,-0.01400,0.00000,0.99990,1.000,1.000
7.8742,-0.01400,0.00000,0.99990,1.000,1.000
7.8773,-0.01400,0.00000,0.99990,1.000,1.000
7.8797,-0.01400,0.00000,0.99990,1.000,1.000
7.8821,-0.01400,0.00000,0.99990,1.000,1.000
7.8844,-0.01400,0.00000,0.99990,1.000,1.000
7.8868,-0.01400,0.00000,0.99990,1.000,1.000
7.8893,-0.01400,0.00000,0.99990,1.000,1.000
7.8919,-0.01400,0.00000,0.99990,1.000,1.000
7.8949,-0.01400,0.00000,0.99990,1.000,1.000
7.8978,-0.01400,0.00000,0.99990,1.000,1.000
7.9004,-0.01400,0.00000,0.99990,1.000,1.000
7.9032,-0.01400,0.00000,0.99990,1.000,1.000
7.9061,-0.01400,0.00000,0.99990,1.000,1.000
7.9086,-0.01400,0.00000,0.99990,1.000,1.000
7.9110,-0.01400,0.00000,0.99990,1.000,1.000
7.9134,-0.01400,0.00000,0.99990,1.000,1.000
7.9162,-0.01400,0.00000,0.99990,1.000,1.000
7.9187,-0.01400,0.00000,0.99990,1.000,1.000
7.9208,-0.01400,0.00000,0.99990,1.000,1.000
7.9233,-0.01400,0.00000,0.99990,1.000,1.000
7.9258,-0.01400,0.00000,0.99990,1.000,1.000
7.9286,-0.01400,0.00000,0.99990,1.000,1.000
7.9321,-0.01400,0.00000,0.99990,1.000,1.000
7.9351,-0.01400,0.00000,0.99990,1.000,1.000
7.9382,-0.01400,0.00000,0.99990,1.000,1.000
7.9408,-0.01400,0.00000,0.99990,1.000,1.000
7.9435,-0.01400,0.00000,0.99990,1.000,1.000
7.9458,-0.01400,0.00000,0.99990,1.000,1.000
7.9486,-0.01400,0.00000,0.99990,1.000,1.000
7.9510,-0.01400,0.00000,0.99990,1.000,1.000
7.9532,-0.01400,0.00000,0.99990,1.000,1.000
7.9559,-0.01400,0.00000,0.99990,1.000,1.000
7.9584,-0.01400,0.00000,0.99990,1.000,1.000
7.9611,-0.01400,0.00000,0.99990,1.000,1.000
7.9638,-0.01400,0.00000,0.99990,1.000,1.000
7.9672,-0.01400,0.00000,0.99990,1.000,1.000
7.9698,-0.01400,0.00000,0.99990,1.000,1.000
7.9724,-0.01400,0.00000,0.99990,1.000,1.000
7.9753,-0.01400,0.00000,0.99990,1.000,1.000
7.9790,-0.01400,0.00000,0.99990,1.000,1.000
7.9817,-0.01400,0.00000,0.99990,1.000,1.000
7.9848,-0.01400,0.00000,0.99990,1.000,1.000
7.9873,-0.01400,0.00000,0.99990,1.000,1.000
7.9899,-0.01400,0.00000,0.99990,1.000,1.000
7.9927,-0.01400,0.00000,0.99990,1.000,1.000
