timestamp,gaze_x,gaze_y,gaze_z,pupil,openness
0.0002,-0.96975,-0.09150,-0.22629,1.000,1.000
0.0139,-0.96925,-0.09319,-0.22774,1.000,1.000
0.0284,-0.96878,-0.09490,-0.22905,1.000,1.000
0.0415,-0.96855,-0.09639,-0.22939,1.000,1.000
0.0557,-0.96838,-0.09688,-0.22992,1.000,1.000
0.0695,-0.96834,-0.09694,-0.23003,1.000,1.000
0.0836,-0.96833,-0.09695,-0.23010,1.000,1.000
0.0983,-0.96826,-0.09679,-0.23044,1.000,1.000
0.1139,-0.96802,-0.09653,-0.23154,1.000,1.000
0.1256,-0.96771,-0.09630,-0.23296,1.000,1.000
0.1390,-0.96736,-0.09597,-0.23455,1.000,1.000
0.1537,-0.96688,-0.09532,-0.23675,1.000,1.000
0.1668,-0.96631,-0.09491,-0.23922,1.000,1.000
0.1805,-0.96564,-0.09499,-0.24191,1.000,1.000
0.1951,-0.96489,-0.09477,-0.24495,1.000,1.000
0.2090,-0.96413,-0.09427,-0.24813,1.000,1.000
0.2228,-0.96338,-0.09344,-0.25135,1.000,1.000
0.2369,-0.96262,-0.09244,-0.25459,1.000,1.000
0.2509,-0.96174,-0.09172,-0.25815,1.000,1.000
0.2647,-0.96059,-0.09175,-0.26240,1.000,1.000
0.2799,-0.95937,-0.09237,-0.26661,1.000,1.000
0.2929,-0.95801,-0.09276,-0.27132,1.000,1.000
0.3063,-0.95635,-0.09192,-0.27738,1.000,1.000
0.3201,-0.95448,-0.09139,-0.28393,1.000,1.000
0.3342,-0.95226,-0.09055,-0.29155,1.000,1.000
0.3480,-0.94955,-0.08929,-0.30063,1.000,1.000
0.3616,-0.94587,-0.08732,-0.31258,1.000,1.000
0.3762,-0.93977,-0.08476,-0.33112,1.000,1.000
0.3902,-0.93212,-0.08461,-0.35214,1.000,1.000
0.4041,-0.92352,-0.08649,-0.37366,1.000,1.000
0.4184,-0.91470,-0.08936,-0.39412,1.000,1.000
0.4320,-0.90482,-0.09070,-0.41603,1.000,1.000
0.4455,-0.89386,-0.09029,-0.43916,1.000,1.000
0.4592,-0.88161,-0.09041,-0.46323,1.000,1.000
0.4740,-0.86863,-0.09193,-0.48686,1.000,1.000
0.4879,-0.85590,-0.09352,-0.50861,1.000,1.000
0.5017,-0.84241,-0.09587,-0.53024,1.000,1.000
0.5154,-0.82904,-0.09732,-0.55065,1.000,1.000
0.5297,-0.81527,-0.09815,-0.57070,1.000,1.000
0.5425,-0.80198,-0.09927,-0.58904,1.000,1.000
0.5574,-0.78886,-0.10080,-0.60625,1.000,1.000
0.5706,-0.77565,-0.10285,-0.62272,1.000,1.000
0.5841,-0.76213,-0.10525,-0.63881,1.000,1.000
0.5990,-0.74915,-0.10710,-0.65368,1.000,1.000
0.6128,-0.73656,-0.10816,-0.66767,1.000,1.000
0.6277,-0.72476,-0.11024,-0.68013,1.000,1.000
0.6417,-0.71396,-0.11166,-0.69123,1.000,1.000
0.6561,-0.70432,-0.11300,-0.70083,1.000,1.000
0.6693,-0.69597,-0.11412,-0.70894,1.000,1.000
0.6829,-0.68866,-0.11518,-0.71587,1.000,1.000
0.6963,-0.68215,-0.11578,-0.72199,1.000,1.000
0.7114,-0.67668,-0.11676,-0.72696,1.000,1.000
0.7248,-0.67248,-0.11730,-0.73076,1.000,1.000
0.7384,-0.66761,-0.11866,-0.73500,1.000,1.000
0.7524,-0.66400,-0.11990,-0.73805,1.000,1.000
0.7661,-0.66104,-0.12092,-0.74054,1.000,1.000
0.7795,-0.65878,-0.12200,-0.74238,1.000,1.000
0.7936,-0.65703,-0.12205,-0.74392,1.000,1.000
0.8075,-0.65553,-0.12204,-0.74524,1.000,1.000
0.8213,-0.65444,-0.12206,-0.74620,1.000,1.000
0.8354,-0.65391,-0.12218,-0.74664,1.000,1.000
0.8506,-0.65342,-0.12196,-0.74710,1.000,1.000
0.8629,-0.65304,-0.12185,-0.74746,1.000,1.000
0.8772,-0.65315,-0.12140,-0.74744,1.000,1.000
0.8913,-0.65336,-0.12093,-0.74732,1.000,1.000
0.9051,-0.65349,-0.12022,-0.74732,1.000,1.000
0.9201,-0.65334,-0.11959,-0.74756,1.000,1.000
0.9338,-0.65290,-0.11901,-0.74803,1.000,1.000
0.9473,-0.65250,-0.11807,-0.74853,1.000,1.000
0.9608,-0.65170,-0.11750,-0.74932,1.000,1.000
0.9758,-0.65093,-0.11681,-0.75010,1.000,1.000
0.9899,-0.65001,-0.11615,-0.75100,1.000,1.000
1.0030,-0.64883,-0.11553,-0.75211,1.000,1.000
1.0172,-0.64729,-0.11519,-0.75349,1.000,1.000
1.0312,-0.64527,-0.11430,-0.75536,1.000,1.000
1.0440,-0.64216,-0.11387,-0.75807,1.000,1.000
1.0585,-0.63827,-0.11317,-0.76145,1.000,1.000
1.0724,-0.63370,-0.11247,-0.76536,1.000,1.000
1.0858,-0.62767,-0.11244,-0.77032,1.000,1.000
1.0999,-0.61965,-0.11228,-0.77680,1.000,1.000
1.1137,-0.60971,-0.11261,-0.78459,1.000,1.000
1.1282,-0.59950,-0.11339,-0.79231,1.000,1.000
1.1423,-0.58948,-0.11406,-0.79969,1.000,1.000
1.1567,-0.58034,-0.11433,-0.80631,1.000,1.000
1.1699,-0.56954,-0.11401,-0.81402,1.000,1.000
1.1835,-0.55827,-0.11410,-0.82178,1.000,1.000
1.1992,-0.54573,-0.11443,-0.83011,1.000,1.000
1.2126,-0.53307,-0.11473,-0.83826,1.000,1.000
1.2264,-0.51984,-0.11397,-0.84663,1.000,1.000
1.2395,-0.50601,-0.11377,-0.85499,1.000,1.000
1.2539,-0.49171,-0.11304,-0.86339,1.000,1.000
1.2728,-0.47545,-0.11231,-0.87254,1.000,1.000
1.2826,-0.46029,-0.11182,-0.88070,1.000,1.000
1.2983,-0.44360,-0.11089,-0.88934,1.000,1.000
1.3103,-0.42767,-0.11037,-0.89717,1.000,1.000
1.3226,-0.41094,-0.11039,-0.90496,1.000,1.000
1.3370,-0.39348,-0.11184,-0.91250,1.000,1.000
1.3517,-0.37625,-0.11246,-0.91967,1.000,1.000
1.3644,-0.35920,-0.11426,-0.92624,1.000,1.000
1.3780,-0.34124,-0.11551,-0.93285,1.000,1.000
1.3925,-0.32280,-0.11569,-0.93937,1.000,1.000
1.4062,-0.30331,-0.11549,-0.94587,1.000,1.000
1.4202,-0.28448,-0.11556,-0.95169,1.000,1.000
1.4341,-0.26462,-0.11628,-0.95732,1.000,1.000
1.4480,-0.24449,-0.11906,-0.96232,1.000,1.000
1.4616,-0.22362,-0.12230,-0.96697,1.000,1.000
1.4758,-0.20245,-0.12449,-0.97135,1.000,1.000
1.4899,-0.18202,-0.12523,-0.97529,1.000,1.000
1.5036,-0.16184,-0.12556,-0.97880,1.000,1.000
1.5181,-0.14202,-0.12477,-0.98197,1.000,1.000
1.5322,-0.12283,-0.12536,-0.98448,1.000,1.000
1.5461,-0.10429,-0.12713,-0.98639,1.000,1.000
1.5596,-0.08730,-0.13088,-0.98755,1.000,1.000
1.5740,-0.07252,-0.13302,-0.98846,1.000,1.000
1.5873,-0.05950,-0.13252,-0.98939,1.000,1.000
1.6021,-0.04910,-0.12932,-0.99039,1.000,1.000
1.6160,-0.04241,-0.12302,-0.99150,1.000,1.000
1.6295,-0.04145,-0.11342,-0.99268,1.000,1.000
1.6428,-0.04474,-0.10075,-0.99391,1.000,1.000
1.6572,-0.06089,-0.08338,-0.99466,1.000,1.000
1.6710,-0.08263,-0.06480,-0.99447,1.000,1.000
1.6840,-0.11648,-0.04451,-0.99220,1.000,1.000
1.6992,-0.15188,-0.02565,-0.98807,1.000,1.000
1.7133,-0.19504,-0.00561,-0.98078,1.000,1.000
1.7267,-0.23484,0.01386,-0.97193,1.000,1.000
1.7409,-0.28956,0.03090,-0.95666,1.000,1.000
1.7554,-0.34287,0.04601,-0.93826,1.000,1.000
1.7690,-0.39854,0.05960,-0.91521,1.000,1.000
1.7817,-0.45946,0.07212,-0.88526,1.000,1.000
1.7959,-0.52094,0.08419,-0.84943,1.000,1.000
1.8097,-0.58325,0.09500,-0.80672,1.000,1.000
1.8235,-0.64395,0.10429,-0.75792,1.000,1.000
1.8376,-0.70025,0.11194,-0.70507,1.000,1.000
1.8536,-0.75159,0.11685,-0.64920,1.000,1.000
1.8650,-0.79557,0.12135,-0.59358,1.000,1.000
1.8795,-0.83348,0.12108,-0.53911,1.000,1.000
1.8935,-0.86481,0.12132,-0.48723,1.000,1.000
1.9074,-0.89094,0.12354,-0.43699,1.000,1.000
1.9210,-0.91360,0.12365,-0.38736,1.000,1.000
1.9352,-0.93081,0.12766,-0.34248,1.000,1.000
1.9492,-0.94364,0.13171,-0.30364,1.000,1.000
1.9631,-0.95479,0.13018,-0.26726,1.000,1.000
1.9772,-0.96477,0.11956,-0.23437,1.000,1.000
1.9912,-0.97423,0.10231,-0.20100,1.000,1.000
2.0051,-0.98246,0.08278,-0.16707,1.000,1.000
2.0192,-0.98896,0.05881,-0.13602,1.000,1.000
2.0333,-0.99418,0.03374,-0.10230,1.000,1.000
2.0472,-0.99761,0.00750,-0.06868,1.000,1.000
2.0605,-0.99928,-0.01669,-0.03416,1.000,1.000
2.0750,-0.99903,-0.04389,-0.00296,1.000,1.000
2.0883,-0.99739,-0.06682,0.02751,1.000,1.000
2.1024,-0.99457,-0.08783,0.05577,1.000,1.000
2.1167,-0.99060,-0.10897,0.08264,1.000,1.000
2.1307,-0.98534,-0.13239,0.10759,1.000,1.000
2.1442,-0.97886,-0.15661,0.13157,1.000,1.000
2.1581,-0.97191,-0.17783,0.15414,1.000,1.000
2.1721,-0.96479,-0.19556,0.17587,1.000,1.000
2.1862,-0.95722,-0.21371,0.19509,1.000,1.000
2.1996,-0.94814,-0.23734,0.21144,1.000,1.000
2.2141,-0.93992,-0.25402,0.22808,1.000,1.000
2.2281,-0.93233,-0.26903,0.24164,1.000,1.000
2.2414,-0.92458,-0.28378,0.25423,1.000,1.000
2.2561,-0.91767,-0.29803,0.26281,1.000,1.000
2.2694,-0.90787,-0.31966,0.27128,1.000,1.000
2.2833,-0.90058,-0.33322,0.27915,1.000,1.000
2.2976,-0.89686,-0.33763,0.28574,1.000,1.000
2.3116,-0.89439,-0.33850,0.29237,1.000,1.000
2.3249,-0.89050,-0.34170,0.30042,1.000,1.000
2.3395,-0.88705,-0.34553,0.30618,1.000,1.000
2.3531,-0.88236,-0.35075,0.31373,1.000,1.000
2.3672,-0.87712,-0.35587,0.32252,1.000,1.000
2.3805,-0.87213,-0.35983,0.33154,1.000,1.000
2.3947,-0.86772,-0.36140,0.34126,1.000,1.000
2.4084,-0.86265,-0.36320,0.35203,1.000,1.000
2.4223,-0.85718,-0.36341,0.36494,1.000,1.000
2.4366,-0.85046,-0.36473,0.37907,1.000,1.000
2.4505,-0.84415,-0.36173,0.39568,1.000,1.000
2.4642,-0.83882,-0.35524,0.41253,1.000,1.000
2.4782,-0.83285,-0.34558,0.43237,1.000,1.000
2.4925,-0.82481,-0.33455,0.45582,1.000,1.000
2.5062,-0.81466,-0.32273,0.48184,1.000,1.000
2.5196,-0.80261,-0.31022,0.50949,1.000,1.000
2.5340,-0.78712,-0.29543,0.54145,1.000,1.000
2.5480,-0.76975,-0.27804,0.57461,1.000,1.000
2.5616,-0.74866,-0.26316,0.60848,1.000,1.000
2.5759,-0.72542,-0.24903,0.64167,1.000,1.000
2.5900,-0.70053,-0.23381,0.67423,1.000,1.000
2.6035,-0.67351,-0.21764,0.70641,1.000,1.000
2.6173,-0.64350,-0.20216,0.73827,1.000,1.000
2.6315,-0.61129,-0.18911,0.76848,1.000,1.000
2.6450,-0.57878,-0.17656,0.79614,1.000,1.000
2.6594,-0.54612,-0.16564,0.82117,1.000,1.000
2.6738,-0.51259,-0.15680,0.84420,1.000,1.000
2.6871,-0.47869,-0.14934,0.86519,1.000,1.000
2.7007,-0.44357,-0.14204,0.88491,1.000,1.000
2.7149,-0.40726,-0.13402,0.90342,1.000,1.000
2.7288,-0.37069,-0.12724,0.92000,1.000,1.000
2.7423,-0.33204,-0.11727,0.93595,1.000,1.000
2.7562,-0.29348,-0.11033,0.94958,1.000,1.000
2.7701,-0.25425,-0.10344,0.96159,1.000,1.000
2.7835,-0.21664,-0.09517,0.97160,1.000,1.000
2.7977,-0.18123,-0.08749,0.97954,1.000,1.000
2.8112,-0.14687,-0.08053,0.98587,1.000,1.000
2.8251,-0.11558,-0.07481,0.99048,1.000,1.000
2.8396,-0.08707,-0.07226,0.99358,1.000,1.000
2.8531,-0.06132,-0.06961,0.99569,1.000,1.000
2.8669,-0.03957,-0.06902,0.99683,1.000,1.000
2.8808,-0.02316,-0.06954,0.99731,1.000,1.000
2.8957,-0.00922,-0.07057,0.99746,1.000,1.000
2.9085,0.00023,-0.07324,0.99731,1.000,1.000
2.9222,0.00927,-0.07580,0.99708,1.000,1.000
2.9365,0.01586,-0.07927,0.99673,1.000,1.000
2.9502,0.02237,-0.08241,0.99635,1.000,1.000
2.9643,0.02680,-0.08498,0.99602,1.000,1.000
2.9782,0.02978,-0.08691,0.99577,1.000,1.000
2.9922,0.03231,-0.08933,0.99548,1.000,1.000
3.0062,0.03220,-0.09178,0.99526,1.000,1.000
3.0202,0.03042,-0.09175,0.99532,1.000,1.000
3.0340,0.02497,-0.09132,0.99551,1.000,1.000
3.0480,0.01815,-0.09098,0.99569,1.000,1.000
3.0619,0.00984,-0.09083,0.99582,1.000,1.000
3.0759,0.00079,-0.08838,0.99609,1.000,1.000
3.0897,-0.00863,-0.08623,0.99624,1.000,1.000
3.1034,-0.01755,-0.08379,0.99633,1.000,1.000
3.1176,-0.02761,-0.08049,0.99637,1.000,1.000
3.1317,-0.03641,-0.07712,0.99636,1.000,1.000
3.1456,-0.04452,-0.07375,0.99628,1.000,1.000
3.1589,-0.05107,-0.07014,0.99623,1.000,1.000
3.1732,-0.05820,-0.06783,0.99600,1.000,1.000
3.1871,-0.06544,-0.06640,0.99564,1.000,1.000
3.2011,-0.07342,-0.06523,0.99517,1.000,1.000
3.2151,-0.08207,-0.06373,0.99459,1.000,1.000
3.2291,-0.09017,-0.06258,0.99396,1.000,1.000
3.2426,-0.09838,-0.06200,0.99322,1.000,1.000
3.2571,-0.10645,-0.06270,0.99234,1.000,1.000
3.2709,-0.11354,-0.06443,0.99144,1.000,1.000
3.2843,-0.11914,-0.06665,0.99064,1.000,1.000
3.2986,-0.12276,-0.07007,0.98996,1.000,1.000
3.3128,-0.12667,-0.07289,0.98926,1.000,1.000
3.3263,-0.12927,-0.07503,0.98877,1.000,1.000
3.3402,-0.13240,-0.07377,0.98845,1.000,1.000
3.3543,-0.13490,-0.07072,0.98833,1.000,1.000
3.3684,-0.13629,-0.06755,0.98836,1.000,1.000
3.3820,-0.13739,-0.06756,0.98821,1.000,1.000
3.3963,-0.13802,-0.07004,0.98795,1.000,1.000
3.4102,-0.13852,-0.07374,0.98761,1.000,1.000
3.4240,-0.13880,-0.07578,0.98742,1.000,1.000
3.4381,-0.13918,-0.07710,0.98726,1.000,1.000
3.4518,-0.13877,-0.07899,0.98717,1.000,1.000
3.4655,-0.13816,-0.08351,0.98688,1.000,1.000
3.4791,-0.13732,-0.08917,0.98651,1.000,1.000
3.4937,-0.13610,-0.09457,0.98617,1.000,1.000
3.5072,-0.13496,-0.09816,0.98598,1.000,1.000
3.5208,-0.13388,-0.10021,0.98592,1.000,1.000
3.5351,-0.13358,-0.10126,0.98585,1.000,1.000
3.5494,-0.13325,-0.10077,0.98595,1.000,1.000
3.5629,-0.13356,-0.09918,0.98607,1.000,1.000
3.5772,-0.13548,-0.09355,0.98635,1.000,1.000
3.5913,-0.13850,-0.08820,0.98643,1.000,1.000
3.6050,-0.14162,-0.08641,0.98614,1.000,1.000
3.6189,-0.14520,-0.08880,0.98541,1.000,1.000
3.6327,-0.14969,-0.09376,0.98428,1.000,1.000
3.6466,-0.15745,-0.09724,0.98273,1.000,1.000
3.6604,-0.16794,-0.09537,0.98117,1.000,1.000
3.6750,-0.18058,-0.08984,0.97945,1.000,1.000
3.6882,-0.19322,-0.08422,0.97753,1.000,1.000
3.7023,-0.20912,-0.07608,0.97493,1.000,1.000
3.7161,-0.22688,-0.06634,0.97166,1.000,1.000
3.7303,-0.24942,-0.05100,0.96705,1.000,1.000
3.7437,-0.27455,-0.03628,0.96089,1.000,1.000
3.7579,-0.29993,-0.02379,0.95367,1.000,1.000
3.7718,-0.32823,-0.01332,0.94450,1.000,1.000
3.7857,-0.36062,-0.00350,0.93271,1.000,1.000
3.7991,-0.39834,0.00863,0.91720,1.000,1.000
3.8136,-0.44018,0.02227,0.89763,1.000,1.000
3.8275,-0.48128,0.03755,0.87576,1.000,1.000
3.8411,-0.51984,0.05413,0.85255,1.000,1.000
3.8550,-0.55631,0.07391,0.82768,1.000,1.000
3.8688,-0.58951,0.09247,0.80245,1.000,1.000
3.8828,-0.61995,0.10759,0.77723,1.000,1.000
3.8972,-0.65025,0.12035,0.75013,1.000,1.000
3.9128,-0.68028,0.13402,0.72059,1.000,1.000
3.9250,-0.70870,0.15141,0.68907,1.000,1.000
3.9390,-0.73567,0.17191,0.65516,1.000,1.000
3.9533,-0.75897,0.18643,0.62387,1.000,1.000
3.9675,-0.78071,0.19504,0.59368,1.000,1.000
3.9805,-0.79941,0.20152,0.56598,1.000,1.000
3.9947,-0.81553,0.20539,0.54104,1.000,1.000
4.0088,-0.82889,0.20674,0.51981,1.000,1.000
4.0228,-0.83988,0.20524,0.50247,1.000,1.000
4.0371,-0.84947,0.20494,0.48620,1.000,1.000
4.0509,-0.85621,0.19936,0.47661,1.000,1.000
4.0645,-0.86102,0.19163,0.47109,1.000,1.000
4.0789,-0.86393,0.18176,0.46968,1.000,1.000
4.0928,-0.86395,0.17096,0.47366,1.000,1.000
4.1066,-0.85983,0.16118,0.48447,1.000,1.000
4.1203,-0.85209,0.15186,0.50087,1.000,1.000
4.1346,-0.84411,0.14220,0.51696,1.000,1.000
4.1486,-0.83185,0.12914,0.53977,1.000,1.000
4.1622,-0.81891,0.11443,0.56239,1.000,1.000
4.1767,-0.80335,0.09858,0.58730,1.000,1.000
4.1910,-0.78506,0.08120,0.61408,1.000,1.000
4.2043,-0.76665,0.06358,0.63891,1.000,1.000
4.2182,-0.74651,0.04659,0.66374,1.000,1.000
4.2321,-0.72573,0.02969,0.68734,1.000,1.000
4.2460,-0.70425,0.01233,0.70985,1.000,1.000
4.2602,-0.68269,-0.00410,0.73070,1.000,1.000
4.2742,-0.66001,-0.01903,0.75102,1.000,1.000
4.2879,-0.63781,-0.03310,0.76948,1.000,1.000
4.3019,-0.61631,-0.04672,0.78612,1.000,1.000
4.3158,-0.59633,-0.06150,0.80038,1.000,1.000
4.3298,-0.57767,-0.07506,0.81282,1.000,1.000
4.3434,-0.55985,-0.08749,0.82397,1.000,1.000
4.3577,-0.54560,-0.09642,0.83248,1.000,1.000
4.3720,-0.53435,-0.10473,0.83875,1.000,1.000
4.3858,-0.52472,-0.11273,0.84378,1.000,1.000
4.3989,-0.52021,-0.12101,0.84542,1.000,1.000
4.4131,-0.51761,-0.12967,0.84573,1.000,1.000
4.4276,-0.51682,-0.13805,0.84489,1.000,1.000
4.4410,-0.51956,-0.14237,0.84249,1.000,1.000
4.4551,-0.52633,-0.14482,0.83786,1.000,1.000
4.4688,-0.53375,-0.14702,0.83277,1.000,1.000
4.4825,-0.54583,-0.14550,0.82517,1.000,1.000
4.4967,-0.56372,-0.13912,0.81417,1.000,1.000
4.5112,-0.58175,-0.13155,0.80266,1.000,1.000
4.5247,-0.60095,-0.12270,0.78981,1.000,1.000
4.5386,-0.62338,-0.11045,0.77408,1.000,1.000
4.5525,-0.64796,-0.09624,0.75557,1.000,1.000
4.5663,-0.67451,-0.08259,0.73364,1.000,1.000
4.5797,-0.70111,-0.06972,0.70964,1.000,1.000
4.5941,-0.73151,-0.05640,0.67949,1.000,1.000
4.6079,-0.76273,-0.04212,0.64534,1.000,1.000
4.6218,-0.79305,-0.02716,0.60855,1.000,1.000
4.6360,-0.82286,-0.01276,0.56810,1.000,1.000
4.6500,-0.84957,-0.00008,0.52748,1.000,1.000
4.6635,-0.87443,0.01222,0.48499,1.000,1.000
4.6779,-0.89682,0.02391,0.44175,1.000,1.000
4.6919,-0.91824,0.03586,0.39441,1.000,1.000
4.7057,-0.93702,0.04932,0.34578,1.000,1.000
4.7194,-0.95379,0.06318,0.29375,1.000,1.000
4.7335,-0.96826,0.07238,0.23923,1.000,1.000
4.7475,-0.97990,0.07770,0.18376,1.000,1.000
4.7611,-0.98847,0.08106,0.12788,1.000,1.000
4.7754,-0.99454,0.07936,0.06772,1.000,1.000
4.7893,-0.99692,0.07817,0.00629,1.000,1.000
4.8031,-0.99582,0.07439,-0.05292,1.000,1.000
4.8170,-0.99169,0.06645,-0.11021,1.000,1.000
4.8310,-0.98506,0.05442,-0.16336,1.000,1.000
4.8444,-0.97595,0.04064,-0.21416,1.000,1.000
4.8588,-0.96505,0.02436,-0.26092,1.000,1.000
4.8727,-0.95195,0.01013,-0.30608,1.000,1.000
4.8867,-0.93753,-0.00202,-0.34789,1.000,1.000
4.9005,-0.92113,-0.01291,-0.38905,1.000,1.000
4.9150,-0.90372,-0.02578,-0.42734,1.000,1.000
4.9292,-0.88494,-0.03934,-0.46405,1.000,1.000
4.9424,-0.86652,-0.05281,-0.49633,1.000,1.000
4.9564,-0.85026,-0.06467,-0.52237,1.000,1.000
4.9704,-0.83599,-0.07706,-0.54330,1.000,1.000
4.9839,-0.82400,-0.08873,-0.55960,1.000,1.000
4.9978,-0.81152,-0.10263,-0.57525,1.000,1.000
5.0121,-0.80177,-0.11028,-0.58737,1.000,1.000
5.0260,-0.79076,-0.11838,-0.60058,1.000,1.000
5.0398,-0.77993,-0.12709,-0.61283,1.000,1.000
5.0536,-0.76921,-0.13576,-0.62441,1.000,1.000
5.0678,-0.76021,-0.14388,-0.63355,1.000,1.000
5.0813,-0.75059,-0.15069,-0.64335,1.000,1.000
5.0959,-0.74130,-0.15629,-0.65272,1.000,1.000
5.1098,-0.73206,-0.16349,-0.66133,1.000,1.000
5.1230,-0.72364,-0.16945,-0.66905,1.000,1.000
5.1374,-0.71591,-0.17532,-0.67582,1.000,1.000
5.1516,-0.70951,-0.17961,-0.68142,1.000,1.000
5.1657,-0.70255,-0.18253,-0.68782,1.000,1.000
5.1790,-0.69527,-0.18606,-0.69425,1.000,1.000
5.1934,-0.68846,-0.18791,-0.70050,1.000,1.000
5.2073,-0.68184,-0.18760,-0.70704,1.000,1.000
5.2209,-0.67567,-0.18342,-0.71402,1.000,1.000
5.2350,-0.66955,-0.17721,-0.72132,1.000,1.000
5.2491,-0.66312,-0.17004,-0.72895,1.000,1.000
5.2624,-0.65690,-0.16392,-0.73595,1.000,1.000
5.2765,-0.65152,-0.15664,-0.74228,1.000,1.000
5.2907,-0.64728,-0.14778,-0.74779,1.000,1.000
5.3044,-0.64301,-0.13635,-0.75363,1.000,1.000
5.3184,-0.63952,-0.12254,-0.75894,1.000,1.000
5.3324,-0.63503,-0.10853,-0.76482,1.000,1.000
5.3464,-0.62871,-0.09447,-0.77188,1.000,1.000
5.3601,-0.62128,-0.07931,-0.77957,1.000,1.000
5.3742,-0.61414,-0.06665,-0.78638,1.000,1.000
5.3880,-0.60806,-0.05543,-0.79196,1.000,1.000
5.4018,-0.60227,-0.04288,-0.79714,1.000,1.000
5.4160,-0.59712,-0.03051,-0.80157,1.000,1.000
5.4300,-0.59211,-0.01816,-0.80565,1.000,1.000
5.4433,-0.58767,-0.00690,-0.80907,1.000,1.000
5.4577,-0.58387,0.00286,-0.81184,1.000,1.000
5.4715,-0.58091,0.01134,-0.81389,1.000,1.000
5.4851,-0.57899,0.02007,-0.81509,1.000,1.000
5.4995,-0.57782,0.03018,-0.81561,1.000,1.000
5.5133,-0.57832,0.03945,-0.81486,1.000,1.000
5.5275,-0.57851,0.04986,-0.81415,1.000,1.000
5.5408,-0.57972,0.05804,-0.81274,1.000,1.000
5.5550,-0.58111,0.06432,-0.81128,1.000,1.000
5.5690,-0.58238,0.07185,-0.80974,1.000,1.000
5.5828,-0.58414,0.07973,-0.80773,1.000,1.000
5.5969,-0.58633,0.08806,-0.80527,1.000,1.000
5.6108,-0.58850,0.09438,-0.80297,1.000,1.000
5.6247,-0.59087,0.09903,-0.80066,1.000,1.000
5.6391,-0.59212,0.10560,-0.79890,1.000,1.000
5.6525,-0.59321,0.11344,-0.79701,1.000,1.000
5.6665,-0.59460,0.12177,-0.79475,1.000,1.000
5.6804,-0.59730,0.13091,-0.79126,1.000,1.000
5.6945,-0.60000,0.13917,-0.78780,1.000,1.000
5.7082,-0.60274,0.14504,-0.78464,1.000,1.000
5.7219,-0.60545,0.15068,-0.78149,1.000,1.000
5.7360,-0.60777,0.15540,-0.77876,1.000,1.000
5.7502,-0.60990,0.16046,-0.77607,1.000,1.000
5.7635,-0.61092,0.16385,-0.77455,1.000,1.000
5.7777,-0.61186,0.16730,-0.77307,1.000,1.000
5.7918,-0.61189,0.17005,-0.77245,1.000,1.000
5.8060,-0.61075,0.17180,-0.77296,1.000,1.000
5.8198,-0.60846,0.17448,-0.77417,1.000,1.000
5.8335,-0.60557,0.17644,-0.77599,1.000,1.000
5.8475,-0.60164,0.17647,-0.77903,1.000,1.000
5.8614,-0.59808,0.17573,-0.78193,1.000,1.000
5.8753,-0.59412,0.17448,-0.78523,1.000,1.000
5.8892,-0.58991,0.17321,-0.78867,1.000,1.000
5.9030,-0.58557,0.17157,-0.79226,1.000,1.000
5.9171,-0.58141,0.16873,-0.79592,1.000,1.000
5.9312,-0.57751,0.16532,-0.79947,1.000,1.000
5.9449,-0.57428,0.16168,-0.80253,1.000,1.000
5.9589,-0.57135,0.15915,-0.80513,1.000,1.000
5.9730,-0.56873,0.15759,-0.80728,1.000,1.000
5.9870,-0.56648,0.15576,-0.80922,1.000,1.000
6.0005,-0.56511,0.15478,-0.81037,1.000,1.000
6.0146,-0.56352,0.15448,-0.81153,1.000,1.000
6.0289,-0.56212,0.15503,-0.81240,1.000,1.000
6.0423,-0.56091,0.15514,-0.81321,1.000,1.000
6.0566,-0.56047,0.15510,-0.81352,1.000,1.000
6.0702,-0.56056,0.15413,-0.81364,1.000,1.000
6.0839,-0.56098,0.15270,-0.81363,1.000,1.000
6.0981,-0.56179,0.15157,-0.81327,1.000,1.000
6.1127,-0.56200,0.15259,-0.81294,1.000,1.000
6.1261,-0.56172,0.15389,-0.81289,1.000,1.000
6.1393,-0.56167,0.15412,-0.81288,1.000,1.000
6.1535,-0.56197,0.15391,-0.81271,1.000,1.000
6.1675,-0.56306,0.15252,-0.81222,1.000,1.000
6.1811,-0.56442,0.15147,-0.81147,1.000,1.000
6.1954,-0.56595,0.15061,-0.81056,1.000,1.000
6.2093,-0.56764,0.14908,-0.80967,1.000,1.000
6.2230,-0.56968,0.14735,-0.80855,1.000,1.000
6.2376,-0.57229,0.14529,-0.80708,1.000,1.000
6.2512,-0.57563,0.14250,-0.80520,1.000,1.000
6.2648,-0.57970,0.13922,-0.80285,1.000,1.000
6.2793,-0.58485,0.13498,-0.79983,1.000,1.000
6.2932,-0.59080,0.12851,-0.79652,1.000,1.000
6.3067,-0.59721,0.12111,-0.79289,1.000,1.000
6.3202,-0.60453,0.11204,-0.78866,1.000,1.000
6.3350,-0.61306,0.10153,-0.78348,1.000,1.000
6.3489,-0.62064,0.09248,-0.77863,1.000,1.000
6.3621,-0.62838,0.08260,-0.77351,1.000,1.000
6.3764,-0.63672,0.07151,-0.76777,1.000,1.000
6.3903,-0.64524,0.05928,-0.76168,1.000,1.000
6.4042,-0.65391,0.05125,-0.75483,1.000,1.000
6.4183,-0.66209,0.04514,-0.74806,1.000,1.000
6.4320,-0.67078,0.03803,-0.74068,1.000,1.000
6.4460,-0.67977,0.02746,-0.73291,1.000,1.000
6.4598,-0.68930,0.01514,-0.72432,1.000,1.000
6.4740,-0.69931,0.00072,-0.71482,1.000,1.000
6.4875,-0.71002,-0.01265,-0.70407,1.000,1.000
6.5014,-0.72102,-0.02501,-0.69247,1.000,1.000
6.5156,-0.73244,-0.03823,-0.67976,1.000,1.000
6.5296,-0.74424,-0.05035,-0.66601,1.000,1.000
6.5430,-0.75533,-0.06116,-0.65248,1.000,1.000
6.5574,-0.76615,-0.07055,-0.63878,1.000,1.000
6.5714,-0.77710,-0.07837,-0.62448,1.000,1.000
6.5849,-0.78799,-0.08520,-0.60977,1.000,1.000
6.5993,-0.79871,-0.09277,-0.59453,1.000,1.000
6.6131,-0.80856,-0.10010,-0.57983,1.000,1.000
6.6269,-0.81702,-0.10421,-0.56711,1.000,1.000
6.6406,-0.82463,-0.10682,-0.55549,1.000,1.000
6.6550,-0.83040,-0.10860,-0.54647,1.000,1.000
6.6690,-0.83566,-0.11216,-0.53767,1.000,1.000
6.6824,-0.84065,-0.11667,-0.52887,1.000,1.000
6.6970,-0.84493,-0.12168,-0.52085,1.000,1.000
6.7111,-0.84824,-0.12645,-0.51430,1.000,1.000
6.7240,-0.85136,-0.13058,-0.50808,1.000,1.000
6.7382,-0.85422,-0.13460,-0.50220,1.000,1.000
6.7523,-0.85646,-0.13801,-0.49743,1.000,1.000
6.7663,-0.85921,-0.14056,-0.49194,1.000,1.000
6.7798,-0.86157,-0.14255,-0.48722,1.000,1.000
6.7942,-0.86314,-0.14417,-0.48394,1.000,1.000
6.8078,-0.86422,-0.14599,-0.48146,1.000,1.000
6.8219,-0.86455,-0.14748,-0.48042,1.000,1.000
6.8359,-0.86389,-0.14948,-0.48098,1.000,1.000
6.8497,-0.86287,-0.15251,-0.48186,1.000,1.000
6.8634,-0.86219,-0.15373,-0.48269,1.000,1.000
6.8775,-0.86147,-0.15636,-0.48313,1.000,1.000
6.8916,-0.85897,-0.15918,-0.48665,1.000,1.000
6.9049,-0.85628,-0.16032,-0.49101,1.000,1.000
6.9192,-0.85359,-0.15793,-0.49643,1.000,1.000
6.9335,-0.85037,-0.15803,-0.50190,1.000,1.000
6.9475,-0.84683,-0.16046,-0.50708,1.000,1.000
6.9606,-0.84326,-0.16315,-0.51214,1.000,1.000
6.9750,-0.83909,-0.16443,-0.51854,1.000,1.000
6.9893,-0.83485,-0.16353,-0.52563,1.000,1.000
7.0026,-0.83046,-0.16207,-0.53298,1.000,1.000
7.0164,-0.82533,-0.16188,-0.54094,1.000,1.000
7.0305,-0.81920,-0.16194,-0.55017,1.000,1.000
7.0440,-0.81209,-0.16340,-0.56019,1.000,1.000
7.0583,-0.80512,-0.16587,-0.56945,1.000,1.000
7.0724,-0.79828,-0.16771,-0.57847,1.000,1.000
7.0862,-0.79229,-0.16982,-0.58603,1.000,1.000
7.0998,-0.78644,-0.17235,-0.59313,1.000,1.000
7.1144,-0.78103,-0.17602,-0.59917,1.000,1.000
7.1285,-0.77548,-0.17919,-0.60541,1.000,1.000
7.1421,-0.77047,-0.18141,-0.61111,1.000,1.000
7.1559,-0.76616,-0.18235,-0.61624,1.000,1.000
7.1703,-0.76226,-0.18249,-0.62101,1.000,1.000
7.1838,-0.75893,-0.18355,-0.62477,1.000,1.000
7.1980,-0.75576,-0.18535,-0.62808,1.000,1.000
7.2118,-0.75303,-0.18751,-0.63070,1.000,1.000
7.2257,-0.75093,-0.19003,-0.63245,1.000,1.000
7.2393,-0.74923,-0.19283,-0.63361,1.000,1.000
7.2535,-0.74862,-0.19439,-0.63386,1.000,1.000
7.2674,-0.74808,-0.19393,-0.63464,1.000,1.000
7.2811,-0.74736,-0.19237,-0.63596,1.000,1.000
7.2953,-0.74614,-0.19206,-0.63749,1.000,1.000
7.3094,-0.74428,-0.19323,-0.63930,1.000,1.000
7.3230,-0.74204,-0.19574,-0.64114,1.000,1.000
7.3371,-0.73942,-0.19886,-0.64321,1.000,1.000
7.3512,-0.73625,-0.20109,-0.64614,1.000,1.000
7.3648,-0.73279,-0.20347,-0.64932,1.000,1.000
7.3787,-0.72878,-0.20625,-0.65295,1.000,1.000
7.3925,-0.72403,-0.21122,-0.65663,1.000,1.000
7.4068,-0.71815,-0.21803,-0.66085,1.000,1.000
7.4206,-0.71208,-0.22491,-0.66510,1.000,1.000
7.4344,-0.70537,-0.23399,-0.66911,1.000,1.000
7.4484,-0.69964,-0.23879,-0.67341,1.000,1.000
7.4624,-0.69381,-0.24339,-0.67778,1.000,1.000
7.4762,-0.68859,-0.24737,-0.68166,1.000,1.000
7.4902,-0.68347,-0.25183,-0.68516,1.000,1.000
7.5038,-0.67814,-0.25738,-0.68839,1.000,1.000
7.5180,-0.67314,-0.26225,-0.69146,1.000,1.000
7.5325,-0.66912,-0.26712,-0.69349,1.000,1.000
7.5462,-0.66641,-0.27143,-0.69442,1.000,1.000
7.5595,-0.66422,-0.27461,-0.69527,1.000,1.000
7.5742,-0.66348,-0.27590,-0.69546,1.000,1.000
7.5878,-0.66307,-0.27688,-0.69547,1.000,1.000
7.6016,-0.66298,-0.27793,-0.69514,1.000,1.000
7.6157,-0.66357,-0.27837,-0.69440,1.000,1.000
7.6297,-0.66522,-0.27769,-0.69309,1.000,1.000
7.6436,-0.66783,-0.27540,-0.69149,1.000,1.000
7.6575,-0.67032,-0.27366,-0.68977,1.000,1.000
7.6710,-0.67297,-0.27256,-0.68762,1.000,1.000
7.6849,-0.67567,-0.27226,-0.68508,1.000,1.000
7.6991,-0.67799,-0.27222,-0.68280,1.000,1.000
7.7133,-0.67955,-0.27046,-0.68195,1.000,1.000
7.7268,-0.68013,-0.26729,-0.68262,1.000,1.000
7.7404,-0.68000,-0.26121,-0.68510,1.000,1.000
7.7546,-0.67934,-0.25307,-0.68881,1.000,1.000
7.7685,-0.67878,-0.24421,-0.69254,1.000,1.000
7.7827,-0.67741,-0.23052,-0.69855,1.000,1.000
7.7969,-0.67455,-0.21049,-0.70758,1.000,1.000
7.8107,-0.66935,-0.18694,-0.71905,1.000,1.000
7.8246,-0.66269,-0.16633,-0.73019,1.000,1.000
7.8384,-0.65291,-0.14857,-0.74272,1.000,1.000
7.8524,-0.64072,-0.13216,-0.75631,1.000,1.000
7.8663,-0.62611,-0.11680,-0.77094,1.000,1.000
7.8800,-0.60832,-0.10326,-0.78694,1.000,1.000
7.8943,-0.58923,-0.08863,-0.80309,1.000,1.000
7.9085,-0.56622,-0.07558,-0.82078,1.000,1.000
7.9215,-0.54167,-0.06390,-0.83816,1.000,1.000
7.9360,-0.51261,-0.05519,-0.85685,1.000,1.000
7.9497,-0.48192,-0.04786,-0.87491,1.000,1.000
7.9637,-0.45047,-0.04114,-0.89184,1.000,1.000
7.9775,-0.41900,-0.03634,-0.90726,1.000,1.000
7.9915,-0.38869,-0.03312,-0.92077,1.000,1.000
8.0062,-0.35892,-0.03172,-0.93283,1.000,1.000
8.0191,-0.33057,-0.03100,-0.94327,1.000,1.000
8.0335,-0.30384,-0.03337,-0.95214,1.000,1.000
8.0472,-0.27794,-0.03663,-0.95990,1.000,1.000
8.0609,-0.25086,-0.04070,-0.96717,1.000,1.000
8.0748,-0.22435,-0.04598,-0.97342,1.000,1.000
8.0891,-0.20135,-0.05288,-0.97809,1.000,1.000
8.1026,-0.18004,-0.06072,-0.98178,1.000,1.000
8.1168,-0.16173,-0.07007,-0.98434,1.000,1.000
8.1305,-0.14390,-0.08181,-0.98620,1.000,1.000
8.1443,-0.12607,-0.09632,-0.98734,1.000,1.000
8.1584,-0.11102,-0.11235,-0.98745,1.000,1.000
8.1722,-0.09688,-0.13151,-0.98657,1.000,1.000
8.1861,-0.08620,-0.15321,-0.98443,1.000,1.000
8.1997,-0.07891,-0.17654,-0.98112,1.000,1.000
8.2139,-0.07662,-0.20142,-0.97650,1.000,1.000
8.2280,-0.07539,-0.22377,-0.97172,1.000,1.000
8.2415,-0.07732,-0.24554,-0.96630,1.000,1.000
8.2561,-0.08140,-0.26736,-0.96015,1.000,1.000
8.2700,-0.08870,-0.29166,-0.95240,1.000,1.000
8.2837,-0.09983,-0.31609,-0.94346,1.000,1.000
8.2977,-0.11543,-0.33463,-0.93525,1.000,1.000
8.3116,-0.13491,-0.35027,-0.92688,1.000,1.000
8.3257,-0.15716,-0.36481,-0.91772,1.000,1.000
8.3396,-0.18319,-0.37874,-0.90719,1.000,1.000
8.3536,-0.21159,-0.39368,-0.89456,1.000,1.000
8.3673,-0.24128,-0.40458,-0.88210,1.000,1.000
8.3810,-0.27303,-0.41241,-0.86912,1.000,1.000
8.3954,-0.30463,-0.42009,-0.85482,1.000,1.000
8.4094,-0.33400,-0.42919,-0.83919,1.000,1.000
8.4228,-0.36332,-0.43843,-0.82206,1.000,1.000
8.4370,-0.39027,-0.44690,-0.80497,1.000,1.000
8.4513,-0.41460,-0.45395,-0.78869,1.000,1.000
8.4647,-0.43735,-0.46008,-0.77269,1.000,1.000
8.4787,-0.45918,-0.46698,-0.75570,1.000,1.000
8.4926,-0.47930,-0.47595,-0.73739,1.000,1.000
8.5063,-0.49821,-0.48597,-0.71807,1.000,1.000
8.5203,-0.51458,-0.49290,-0.70161,1.000,1.000
8.5348,-0.52885,-0.49530,-0.68920,1.000,1.000
8.5484,-0.54118,-0.49800,-0.67759,1.000,1.000
8.5618,-0.55303,-0.50226,-0.66476,1.000,1.000
8.5762,-0.56383,-0.50980,-0.64977,1.000,1.000
8.5901,-0.57316,-0.51945,-0.63377,1.000,1.000
8.6040,-0.58186,-0.52767,-0.61887,1.000,1.000
8.6180,-0.59030,-0.53375,-0.60552,1.000,1.000
8.6320,-0.59901,-0.53878,-0.59238,1.000,1.000
8.6459,-0.60734,-0.54337,-0.57956,1.000,1.000
8.6592,-0.61524,-0.54886,-0.56589,1.000,1.000
8.6734,-0.62301,-0.55456,-0.55166,1.000,1.000
8.6874,-0.63019,-0.55893,-0.53895,1.000,1.000
8.7013,-0.63790,-0.56229,-0.52622,1.000,1.000
8.7160,-0.64587,-0.56417,-0.51436,1.000,1.000
8.7291,-0.65384,-0.56654,-0.50152,1.000,1.000
8.7430,-0.66281,-0.56826,-0.48761,1.000,1.000
8.7571,-0.67245,-0.56740,-0.47525,1.000,1.000
8.7713,-0.68197,-0.56470,-0.46479,1.000,1.000
8.7846,-0.69112,-0.56149,-0.45507,1.000,1.000
8.7985,-0.70009,-0.55873,-0.44463,1.000,1.000
8.8129,-0.70863,-0.55590,-0.43453,1.000,1.000
8.8266,-0.71726,-0.55263,-0.42443,1.000,1.000
8.8401,-0.72521,-0.54970,-0.41461,1.000,1.000
8.8542,-0.73326,-0.54608,-0.40512,1.000,1.000
8.8683,-0.74175,-0.54207,-0.39492,1.000,1.000
8.8822,-0.75047,-0.53836,-0.38337,1.000,1.000
8.8959,-0.75990,-0.53379,-0.37097,1.000,1.000
8.9102,-0.76840,-0.52994,-0.35879,1.000,1.000
8.9240,-0.77630,-0.52728,-0.34545,1.000,1.000
8.9377,-0.78405,-0.52494,-0.33123,1.000,1.000
8.9515,-0.79266,-0.52217,-0.31470,1.000,1.000
8.9655,-0.80135,-0.51881,-0.29777,1.000,1.000
8.9793,-0.81017,-0.51448,-0.28095,1.000,1.000
8.9935,-0.81778,-0.51071,-0.26537,1.000,1.000
9.0073,-0.82450,-0.50776,-0.24977,1.000,1.000
9.0209,-0.83159,-0.50386,-0.23364,1.000,1.000
9.0353,-0.83994,-0.49816,-0.21528,1.000,1.000
9.0493,-0.84752,-0.49287,-0.19698,1.000,1.000
9.0629,-0.85370,-0.48913,-0.17876,1.000,1.000
9.0767,-0.85881,-0.48626,-0.16122,1.000,1.000
9.0909,-0.86386,-0.48259,-0.14442,1.000,1.000
9.1042,-0.86876,-0.47844,-0.12788,1.000,1.000
9.1185,-0.87350,-0.47368,-0.11237,1.000,1.000
9.1323,-0.87764,-0.46928,-0.09761,1.000,1.000
9.1467,-0.88229,-0.46335,-0.08290,1.000,1.000
9.1601,-0.88730,-0.45609,-0.06849,1.000,1.000
9.1745,-0.89337,-0.44596,-0.05492,1.000,1.000
9.1881,-0.89950,-0.43474,-0.04349,1.000,1.000
9.2018,-0.90548,-0.42310,-0.03312,1.000,1.000
9.2160,-0.91221,-0.40908,-0.02304,1.000,1.000
9.2301,-0.92070,-0.38996,-0.01563,1.000,1.000
9.2438,-0.92953,-0.36867,-0.00794,1.000,1.000
9.2575,-0.93739,-0.34828,-0.00029,1.000,1.000
9.2717,-0.94472,-0.32780,0.00741,1.000,1.000
9.2860,-0.95242,-0.30454,0.01243,1.000,1.000
9.2992,-0.95979,-0.28020,0.01733,1.000,1.000
9.3133,-0.96691,-0.25418,0.02173,1.000,1.000
9.3275,-0.97354,-0.22694,0.02700,1.000,1.000
9.3409,-0.97932,-0.19968,0.03266,1.000,1.000
9.3554,-0.98480,-0.16963,0.03735,1.000,1.000
9.3693,-0.98955,-0.13813,0.04128,1.000,1.000
9.3828,-0.99366,-0.10351,0.04390,1.000,1.000
9.3973,-0.99676,-0.06527,0.04707,1.000,1.000
9.4114,-0.99839,-0.02413,0.05133,1.000,1.000
9.4246,-0.99840,0.00980,0.05577,1.000,1.000
9.4388,-0.99748,0.03911,0.05917,1.000,1.000
9.4527,-0.99601,0.06597,0.06017,1.000,1.000
9.4671,-0.99414,0.08982,0.06015,1.000,1.000
9.4805,-0.99203,0.11147,0.05878,1.000,1.000
9.4942,-0.98947,0.13304,0.05694,1.000,1.000
9.5084,-0.98579,0.15911,0.05385,1.000,1.000
9.5222,-0.98127,0.18610,0.04976,1.000,1.000
9.5367,-0.97752,0.20613,0.04440,1.000,1.000
9.5504,-0.97470,0.22012,0.03879,1.000,1.000
9.5642,-0.97230,0.23147,0.03235,1.000,1.000
9.5782,-0.97008,0.24134,0.02659,1.000,1.000
9.5922,-0.96893,0.24651,0.01994,1.000,1.000
9.6059,-0.96764,0.25192,0.01443,1.000,1.000
9.6195,-0.96682,0.25537,0.00750,1.000,1.000
9.6339,-0.96513,0.26178,0.00023,1.000,1.000
9.6481,-0.96357,0.26736,-0.00691,1.000,1.000
9.6616,-0.96163,0.27405,-0.01287,1.000,1.000
9.6756,-0.96046,0.27783,-0.01815,1.000,1.000
9.6893,-0.95939,0.28112,-0.02317,1.000,1.000
9.7032,-0.95806,0.28518,-0.02817,1.000,1.000
9.7175,-0.95686,0.28879,-0.03208,1.000,1.000
9.7315,-0.95656,0.28932,-0.03582,1.000,1.000
9.7451,-0.95676,0.28830,-0.03873,1.000,1.000
9.7595,-0.95816,0.28314,-0.04191,1.000,1.000
9.7733,-0.96031,0.27547,-0.04389,1.000,1.000
9.7869,-0.96277,0.26635,-0.04628,1.000,1.000
9.8005,-0.96600,0.25388,-0.04877,1.000,1.000
9.8148,-0.96943,0.24003,-0.05098,1.000,1.000
9.8288,-0.97340,0.22360,-0.04999,1.000,1.000
9.8427,-0.97758,0.20566,-0.04524,1.000,1.000
9.8564,-0.98184,0.18559,-0.03925,1.000,1.000
9.8704,-0.98628,0.16243,-0.02960,1.000,1.000
9.8844,-0.99033,0.13758,-0.01773,1.000,1.000
9.8987,-0.99360,0.11298,-0.00001,1.000,1.000
9.9124,-0.99578,0.08941,0.02072,1.000,1.000
9.9264,-0.99671,0.06387,0.04999,1.000,1.000
9.9400,-0.99600,0.03964,0.08003,1.000,1.000
9.9542,-0.99296,0.01791,0.11709,1.000,1.000
9.9678,-0.98751,-0.00014,0.15755,1.000,1.000
9.9816,-0.97992,-0.01833,0.19856,1.000,1.000
9.9958,-0.96967,-0.03700,0.24159,1.000,1.000
10.0100,-0.95741,-0.05879,0.28269,1.000,1.000
10.0234,-0.94393,-0.08112,0.32004,1.000,1.000
10.0406,-0.92901,-0.10187,0.35576,1.000,1.000
10.0517,-0.91380,-0.11988,0.38807,1.000,1.000
10.0657,-0.89739,-0.13770,0.41920,1.000,1.000
10.0792,-0.88485,-0.15206,0.44037,1.000,1.000
10.0934,-0.87307,-0.16649,0.45828,1.000,1.000
10.1071,-0.86333,-0.17965,0.47158,1.000,1.000
10.1210,-0.85624,-0.18942,0.48060,1.000,1.000
10.1350,-0.85185,-0.19747,0.48513,1.000,1.000
10.1489,-0.84768,-0.20744,0.48827,1.000,1.000
10.1629,-0.84652,-0.21633,0.48641,1.000,1.000
10.1766,-0.84651,-0.22472,0.48262,1.000,1.000
10.1906,-0.84831,-0.23094,0.47649,1.000,1.000
10.2039,-0.85101,-0.23571,0.46929,1.000,1.000
10.2181,-0.85328,-0.24007,0.46290,1.000,1.000
10.2323,-0.85779,-0.24273,0.45307,1.000,1.000
10.2466,-0.86152,-0.24506,0.44466,1.000,1.000
10.2598,-0.86680,-0.24480,0.43444,1.000,1.000
10.2739,-0.87341,-0.24133,0.42297,1.000,1.000
10.2880,-0.88057,-0.23729,0.41024,1.000,1.000
10.3018,-0.88769,-0.23475,0.39610,1.000,1.000
10.3158,-0.89518,-0.23305,0.37993,1.000,1.000
10.3296,-0.90315,-0.22960,0.36277,1.000,1.000
10.3432,-0.91097,-0.22565,0.34528,1.000,1.000
10.3576,-0.91874,-0.22288,0.32594,1.000,1.000
10.3716,-0.92621,-0.22011,0.30608,1.000,1.000
10.3855,-0.93329,-0.21891,0.28470,1.000,1.000
10.3991,-0.93972,-0.21875,0.26280,1.000,1.000
10.4132,-0.94601,-0.21799,0.23990,1.000,1.000
10.4272,-0.95228,-0.21644,0.21522,1.000,1.000
10.4406,-0.95800,-0.21440,0.19044,1.000,1.000
10.4548,-0.96310,-0.21244,0.16527,1.000,1.000
10.4688,-0.96754,-0.21037,0.14004,1.000,1.000
10.4826,-0.97103,-0.20898,0.11585,1.000,1.000
10.4969,-0.97356,-0.20897,0.09224,1.000,1.000
10.5105,-0.97522,-0.20988,0.06999,1.000,1.000
10.5245,-0.97626,-0.21066,0.05033,1.000,1.000
10.5386,-0.97668,-0.21232,0.03177,1.000,1.000
10.5529,-0.97657,-0.21464,0.01562,1.000,1.000
10.5666,-0.97618,-0.21698,0.00008,1.000,1.000
10.5800,-0.97522,-0.22059,-0.01708,1.000,1.000
10.5943,-0.97371,-0.22531,-0.03358,1.000,1.000
10.6085,-0.97225,-0.22883,-0.04869,1.000,1.000
10.6219,-0.97081,-0.23148,-0.06287,1.000,1.000
10.6363,-0.96938,-0.23366,-0.07549,1.000,1.000
10.6503,-0.96704,-0.23917,-0.08740,1.000,1.000
10.6640,-0.96420,-0.24557,-0.10010,1.000,1.000
10.6779,-0.96091,-0.25276,-0.11295,1.000,1.000
10.6920,-0.95765,-0.25962,-0.12450,1.000,1.000
10.7059,-0.95488,-0.26469,-0.13472,1.000,1.000
10.7196,-0.95197,-0.27000,-0.14441,1.000,1.000
10.7338,-0.94819,-0.27791,-0.15396,1.000,1.000
10.7474,-0.94380,-0.28692,-0.16408,1.000,1.000
10.7609,-0.93875,-0.29716,-0.17446,1.000,1.000
10.7753,-0.93310,-0.30926,-0.18351,1.000,1.000
10.7893,-0.92725,-0.32160,-0.19177,1.000,1.000
10.8028,-0.92106,-0.33408,-0.20008,1.000,1.000
10.8172,-0.91458,-0.34584,-0.20961,1.000,1.000
10.8317,-0.90773,-0.35739,-0.21978,1.000,1.000
10.8445,-0.90006,-0.36981,-0.23051,1.000,1.000
10.8593,-0.89218,-0.38134,-0.24207,1.000,1.000
10.8731,-0.88210,-0.39762,-0.25258,1.000,1.000
10.8869,-0.87270,-0.41179,-0.26233,1.000,1.000
10.9005,-0.86457,-0.42295,-0.27136,1.000,1.000
10.9145,-0.85829,-0.42996,-0.28013,1.000,1.000
10.9286,-0.85353,-0.43363,-0.28887,1.000,1.000
10.9419,-0.84784,-0.43857,-0.29803,1.000,1.000
10.9562,-0.84236,-0.44300,-0.30688,1.000,1.000
10.9701,-0.83792,-0.44449,-0.31673,1.000,1.000
10.9837,-0.83408,-0.44529,-0.32562,1.000,1.000
10.9980,-0.83226,-0.44333,-0.33287,1.000,1.000
11.0123,-0.83022,-0.44283,-0.33857,1.000,1.000
11.0263,-0.82737,-0.44367,-0.34442,1.000,1.000
11.0396,-0.82408,-0.44554,-0.34985,1.000,1.000
11.0537,-0.82077,-0.44713,-0.35555,1.000,1.000
11.0677,-0.81800,-0.44842,-0.36026,1.000,1.000
11.0826,-0.81560,-0.44903,-0.36492,1.000,1.000
11.0954,-0.81375,-0.44886,-0.36924,1.000,1.000
11.1094,-0.81199,-0.44872,-0.37326,1.000,1.000
11.1227,-0.81000,-0.44911,-0.37709,1.000,1.000
11.1373,-0.80780,-0.45000,-0.38073,1.000,1.000
11.1507,-0.80535,-0.45091,-0.38482,1.000,1.000
11.1643,-0.80345,-0.45117,-0.38848,1.000,1.000
11.1786,-0.80209,-0.45112,-0.39132,1.000,1.000
11.1928,-0.80123,-0.45078,-0.39348,1.000,1.000
11.2077,-0.80058,-0.45020,-0.39547,1.000,1.000
11.2201,-0.80011,-0.44926,-0.39747,1.000,1.000
11.2349,-0.79981,-0.44872,-0.39868,1.000,1.000
11.2487,-0.79936,-0.44902,-0.39926,1.000,1.000
11.2624,-0.79904,-0.44953,-0.39933,1.000,1.000
11.2765,-0.79928,-0.44948,-0.39890,1.000,1.000
11.2903,-0.79942,-0.44980,-0.39826,1.000,1.000
11.3039,-0.79945,-0.45087,-0.39698,1.000,1.000
11.3181,-0.79944,-0.45238,-0.39528,1.000,1.000
11.3318,-0.80005,-0.45337,-0.39290,1.000,1.000
11.3457,-0.80071,-0.45434,-0.39044,1.000,1.000
11.3594,-0.80174,-0.45462,-0.38800,1.000,1.000
11.3738,-0.80344,-0.45453,-0.38456,1.000,1.000
11.3877,-0.80516,-0.45505,-0.38032,1.000,1.000
11.4013,-0.80627,-0.45684,-0.37579,1.000,1.000
11.4155,-0.80702,-0.45958,-0.37082,1.000,1.000
11.4296,0.80807,-0.46109,0.36664,1.000,1.000
11.4431,0.80934,-0.46200,0.36268,1.000,1.000
11.4570,0.81068,-0.46220,0.35940,1.000,1.000
11.4712,0.81182,-0.46273,0.35614,1.000,1.000
11.4846,0.81243,-0.46375,0.35341,1.000,1.000
11.4987,0.81271,-0.46512,0.35094,1.000,1.000
11.5125,0.81319,-0.46539,0.34947,1.000,1.000
11.5266,0.81371,-0.46515,0.34859,1.000,1.000
11.5403,0.81415,-0.46470,0.34817,1.000,1.000
11.5544,0.81479,-0.46194,0.35032,1.000,1.000
11.5685,0.81535,-0.45884,0.35308,1.000,1.000
11.5819,0.81509,-0.45758,0.35532,1.000,1.000
11.5959,0.81365,-0.45851,0.35741,1.000,1.000
11.6102,0.81219,-0.45963,0.35927,1.000,1.000
11.6239,0.81081,-0.45959,0.36245,1.000,1.000
11.6379,0.81001,-0.45711,0.36734,1.000,1.000
11.6519,0.80903,-0.45488,0.37224,1.000,1.000
11.6659,0.80761,-0.45378,0.37663,1.000,1.000
11.6799,0.80584,-0.45327,0.38101,1.000,1.000
11.6938,0.80439,-0.45191,0.38567,1.000,1.000
11.7076,0.80328,-0.44957,0.39067,1.000,1.000
11.7214,0.80242,-0.44682,0.39558,1.000,1.000
11.7352,0.80131,-0.44431,0.40061,1.000,1.000
11.7490,0.79983,-0.44169,0.40643,1.000,1.000
11.7628,0.79774,-0.43907,0.41332,1.000,1.000
11.7771,0.79617,-0.43543,0.42013,1.000,1.000
11.7917,0.79484,-0.43119,0.42698,1.000,1.000
11.8045,0.79396,-0.42678,0.43300,1.000,1.000
11.8187,0.79304,-0.42228,0.43905,1.000,1.000
11.8325,0.79188,-0.41692,0.44620,1.000,1.000
11.8466,0.79049,-0.41022,0.45481,1.000,1.000
11.8603,0.78900,-0.40203,0.46460,1.000,1.000
11.8747,0.78662,-0.39217,0.47690,1.000,1.000
11.8884,0.78368,-0.38123,0.49042,1.000,1.000
11.9025,0.77891,-0.36467,0.51021,1.000,1.000
11.9167,0.77103,-0.34537,0.53500,1.000,1.000
11.9304,0.75989,-0.32948,0.56037,1.000,1.000
11.9440,0.74640,-0.31843,0.58437,1.000,1.000
11.9581,0.73232,-0.30754,0.60756,1.000,1.000
11.9722,0.71576,-0.29732,0.63189,1.000,1.000
11.9859,0.69857,-0.28603,0.65589,1.000,1.000
11.9994,0.68124,-0.27474,0.67855,1.000,1.000
12.0140,0.66414,-0.26179,0.70027,1.000,1.000
12.0278,0.64686,-0.24883,0.72087,1.000,1.000
12.0413,0.62949,-0.23824,0.73958,1.000,1.000
12.0556,0.60998,-0.22987,0.75835,1.000,1.000
12.0694,0.58925,-0.22109,0.77711,1.000,1.000
12.0834,0.56858,-0.21183,0.79489,1.000,1.000
12.0973,0.54906,-0.20364,0.81059,1.000,1.000
12.1114,0.53136,-0.19586,0.82420,1.000,1.000
12.1247,0.51291,-0.18980,0.83720,1.000,1.000
12.1394,0.49521,-0.18351,0.84917,1.000,1.000
12.1533,0.47753,-0.17934,0.86012,1.000,1.000
12.1669,0.46239,-0.17493,0.86925,1.000,1.000
12.1806,0.44873,-0.17191,0.87697,1.000,1.000
12.1946,0.43811,-0.16832,0.88302,1.000,1.000
12.2085,0.42804,-0.16414,0.88873,1.000,1.000
12.2221,0.42028,-0.16129,0.89294,1.000,1.000
12.2368,0.41243,-0.15832,0.89713,1.000,1.000
12.2503,0.40494,-0.15445,0.90120,1.000,1.000
12.2643,0.39850,-0.15141,0.90458,1.000,1.000
12.2780,0.39235,-0.14886,0.90769,1.000,1.000
12.2919,0.38660,-0.14740,0.91039,1.000,1.000
12.3060,0.38166,-0.14731,0.91249,1.000,1.000
12.3197,0.37787,-0.14735,0.91406,1.000,1.000
12.3340,0.37426,-0.14667,0.91565,1.000,1.000
12.3479,0.37112,-0.14674,0.91692,1.000,1.000
12.3613,0.36920,-0.14790,0.91751,1.000,1.000
12.3758,0.36732,-0.14952,0.91800,1.000,1.000
12.3898,0.36589,-0.15108,0.91831,1.000,1.000
12.4031,0.36501,-0.15198,0.91851,1.000,1.000
12.4172,0.36464,-0.15235,0.91860,1.000,1.000
12.4314,0.36479,-0.15261,0.91850,1.000,1.000
12.4455,0.36567,-0.15405,0.91791,1.000,1.000
12.4588,0.36664,-0.15622,0.91715,1.000,1.000
12.4736,0.36799,-0.15823,0.91627,1.000,1.000
12.4871,0.36946,-0.16012,0.91535,1.000,1.000
12.5008,0.37122,-0.16256,0.91421,1.000,1.000
12.5147,0.37332,-0.16536,0.91285,1.000,1.000
12.5286,0.37571,-0.16808,0.91137,1.000,1.000
12.5426,0.37872,-0.16977,0.90981,1.000,1.000
12.5567,0.38163,-0.17109,0.90834,1.000,1.000
12.5708,0.38481,-0.17208,0.90681,1.000,1.000
12.5841,0.38749,-0.17327,0.90544,1.000,1.000
12.5984,0.39020,-0.17497,0.90395,1.000,1.000
12.6125,0.39278,-0.17847,0.90215,1.000,1.000
12.6264,0.39519,-0.18242,0.90031,1.000,1.000
12.6400,0.39776,-0.18678,0.89828,1.000,1.000
12.6540,0.40031,-0.18967,0.89654,1.000,1.000
12.6681,0.40252,-0.19240,0.89497,1.000,1.000
12.6820,0.40458,-0.19676,0.89309,1.000,1.000
12.6961,0.40631,-0.19879,0.89185,1.000,1.000
12.7100,0.40733,-0.20360,0.89030,1.000,1.000
12.7236,0.40950,-0.20435,0.88913,1.000,1.000
12.7379,0.41072,-0.20779,0.88777,1.000,1.000
12.7516,0.41389,-0.20835,0.88616,1.000,1.000
12.7651,0.41705,-0.21156,0.88392,1.000,1.000
12.7793,0.41998,-0.21391,0.88196,1.000,1.000
12.7937,0.42226,-0.21601,0.88036,1.000,1.000
12.8075,0.42432,-0.21875,0.87869,1.000,1.000
12.8209,0.42656,-0.22173,0.87686,1.000,1.000
12.8356,0.42856,-0.22565,0.87488,1.000,1.000
12.8494,0.43107,-0.22912,0.87274,1.000,1.000
12.8628,0.43357,-0.23108,0.87099,1.000,1.000
12.8768,0.43580,-0.23135,0.86980,1.000,1.000
12.8911,0.43800,-0.23242,0.86841,1.000,1.000
12.9045,0.44027,-0.23572,0.86637,1.000,1.000
12.9194,0.44245,-0.24005,0.86407,1.000,1.000
12.9326,0.44496,-0.24641,0.86098,1.000,1.000
12.9467,0.44798,-0.25126,0.85801,1.000,1.000
12.9604,0.45123,-0.25503,0.85519,1.000,1.000
12.9748,0.45473,-0.25897,0.85215,1.000,1.000
12.9889,0.45817,-0.26385,0.84880,1.000,1.000
13.0022,0.46178,-0.26918,0.84517,1.000,1.000
13.0161,0.46613,-0.27665,0.84035,1.000,1.000
13.0308,0.46987,-0.28280,0.83621,1.000,1.000
13.0440,0.47387,-0.28798,0.83218,1.000,1.000
13.0580,0.47750,-0.29461,0.82777,1.000,1.000
13.0718,0.48133,-0.30210,0.82284,1.000,1.000
13.0856,0.48487,-0.30955,0.81797,1.000,1.000
13.0995,0.48713,-0.31509,0.81451,1.000,1.000
13.1137,0.48891,-0.31963,0.81167,1.000,1.000
13.1278,0.49001,-0.32500,0.80886,1.000,1.000
13.1416,0.49120,-0.33062,0.80586,1.000,1.000
13.1558,0.49198,-0.33704,0.80272,1.000,1.000
13.1694,0.49340,-0.34204,0.79973,1.000,1.000
13.1829,0.49465,-0.34573,0.79737,1.000,1.000
13.1973,0.49524,-0.34960,0.79531,1.000,1.000
13.2112,0.49557,-0.35299,0.79361,1.000,1.000
13.2248,0.49666,-0.35651,0.79134,1.000,1.000
13.2388,0.49746,-0.36107,0.78878,1.000,1.000
13.2532,0.49816,-0.36465,0.78668,1.000,1.000
13.2671,0.49835,-0.36736,0.78530,1.000,1.000
13.2809,0.49811,-0.36959,0.78440,1.000,1.000
13.2945,0.49800,-0.37195,0.78336,1.000,1.000
13.3086,0.49728,-0.37418,0.78276,1.000,1.000
13.3226,0.49615,-0.37602,0.78259,1.000,1.000
13.3367,0.49447,-0.37714,0.78311,1.000,1.000
13.3506,0.49272,-0.37788,0.78385,1.000,1.000
13.3645,0.49068,-0.37841,0.78488,1.000,1.000
13.3784,0.48873,-0.37851,0.78605,1.000,1.000
13.3925,0.48749,-0.38037,0.78592,1.000,1.000
13.4062,0.48693,-0.38282,0.78508,1.000,1.000
13.4198,0.48610,-0.38647,0.78380,1.000,1.000
13.4338,0.48532,-0.38944,0.78282,1.000,1.000
13.4478,0.48439,-0.39165,0.78229,1.000,1.000
13.4620,0.48390,-0.39367,0.78158,1.000,1.000
13.4758,0.48392,-0.39514,0.78082,1.000,1.000
13.4896,0.48482,-0.39649,0.77958,1.000,1.000
13.5034,0.48621,-0.39796,0.77797,1.000,1.000
13.5176,0.48781,-0.39943,0.77621,1.000,1.000
13.5312,0.48949,-0.40048,0.77461,1.000,1.000
13.5456,0.49062,-0.40198,0.77311,1.000,1.000
13.5588,0.49104,-0.40387,0.77187,1.000,1.000
13.5734,0.49128,-0.40800,0.76953,1.000,1.000
13.5874,0.49103,-0.41260,0.76724,1.000,1.000
13.6008,0.49075,-0.41591,0.76563,1.000,1.000
13.6148,0.48993,-0.41708,0.76551,1.000,1.000
13.6287,0.48831,-0.41749,0.76633,1.000,1.000
13.6425,0.48576,-0.41764,0.76786,1.000,1.000
13.6566,0.48216,-0.41927,0.76924,1.000,1.000
13.6706,0.47864,-0.42194,0.76998,1.000,1.000
13.6842,0.47577,-0.42479,0.77019,1.000,1.000
13.6988,0.47338,-0.42848,0.76962,1.000,1.000
13.7130,0.47072,-0.43158,0.76952,1.000,1.000
13.7265,0.46740,-0.43380,0.77030,1.000,1.000
13.7400,0.46356,-0.43694,0.77084,1.000,1.000
13.7540,0.46009,-0.43949,0.77147,1.000,1.000
13.7680,0.45730,-0.44078,0.77239,1.000,1.000
13.7817,0.45468,-0.44235,0.77304,1.000,1.000
13.7957,0.45203,-0.44554,0.77276,1.000,1.000
13.8098,0.44952,-0.44906,0.77219,1.000,1.000
13.8231,0.44750,-0.45176,0.77179,1.000,1.000
13.8374,0.44552,-0.45601,0.77043,1.000,1.000
13.8517,0.44357,-0.45980,0.76930,1.000,1.000
13.8658,0.44247,-0.46192,0.76867,1.000,1.000
13.8794,0.44214,-0.46290,0.76827,1.000,1.000
13.8933,0.44262,-0.46263,0.76816,1.000,1.000
13.9073,0.44435,-0.46128,0.76797,1.000,1.000
13.9209,0.44658,-0.45920,0.76792,1.000,1.000
13.9351,0.44847,-0.45866,0.76714,1.000,1.000
13.9490,0.44875,-0.46141,0.76533,1.000,1.000
13.9628,0.44865,-0.46388,0.76389,1.000,1.000
13.9769,0.44892,-0.46505,0.76302,1.000,1.000
13.9906,0.45010,-0.46334,0.76337,1.000,1.000
14.0045,0.45089,-0.46409,0.76244,1.000,1.000
14.0184,0.45103,-0.46716,0.76048,1.000,1.000
14.0328,0.45053,-0.47205,0.75775,1.000,1.000
14.0468,0.44945,-0.47738,0.75505,1.000,1.000
14.0604,0.44915,-0.48093,0.75298,1.000,1.000
14.0744,0.44878,-0.48323,0.75172,1.000,1.000
14.0883,0.44860,-0.48464,0.75092,1.000,1.000
14.1018,0.44830,-0.48477,0.75101,1.000,1.000
14.1165,0.44758,-0.48458,0.75157,1.000,1.000
14.1298,0.44708,-0.48468,0.75180,1.000,1.000
14.1438,0.44590,-0.48554,0.75195,1.000,1.000
14.1580,0.44459,-0.48690,0.75184,1.000,1.000
14.1717,0.44323,-0.48888,0.75136,1.000,1.000
14.1857,0.44202,-0.48963,0.75159,1.000,1.000
14.1991,0.44083,-0.49002,0.75203,1.000,1.000
14.2133,0.43888,-0.49102,0.75252,1.000,1.000
14.2274,0.43690,-0.49195,0.75306,1.000,1.000
14.2411,0.43524,-0.49210,0.75392,1.000,1.000
14.2551,0.43404,-0.49198,0.75469,1.000,1.000
14.2690,0.43335,-0.49188,0.75516,1.000,1.000
14.2828,0.43270,-0.49228,0.75527,1.000,1.000
14.2969,0.43229,-0.49280,0.75517,1.000,1.000
14.3106,0.43219,-0.49411,0.75437,1.000,1.000
14.3246,0.43177,-0.49525,0.75386,1.000,1.000
14.3387,0.43093,-0.49638,0.75359,1.000,1.000
14.3527,0.42978,-0.49667,0.75406,1.000,1.000
14.3668,0.42903,-0.49541,0.75532,1.000,1.000
14.3805,0.42862,-0.49389,0.75654,1.000,1.000
14.3945,0.42881,-0.49271,0.75720,1.000,1.000
14.4086,0.42921,-0.49291,0.75685,1.000,1.000
14.4222,0.42908,-0.49381,0.75633,1.000,1.000
14.4371,0.42824,-0.49373,0.75686,1.000,1.000
14.4508,0.42700,-0.49358,0.75766,1.000,1.000
14.4642,0.42572,-0.49318,0.75864,1.000,1.000
14.4784,0.42414,-0.49325,0.75948,1.000,1.000
14.4922,0.42229,-0.49398,0.76004,1.000,1.000
14.5059,0.42051,-0.49505,0.76032,1.000,1.000
14.5195,0.41876,-0.49574,0.76084,1.000,1.000
14.5340,0.41663,-0.49689,0.76126,1.000,1.000
14.5476,0.41468,-0.49788,0.76168,1.000,1.000
14.5613,0.41298,-0.49867,0.76209,1.000,1.000
14.5758,0.41176,-0.49869,0.76273,1.000,1.000
14.5902,0.41045,-0.49794,0.76393,1.000,1.000
14.6032,0.40978,-0.49744,0.76461,1.000,1.000
14.6174,0.40965,-0.49768,0.76452,1.000,1.000
14.6314,0.41006,-0.49780,0.76423,1.000,1.000
14.6455,0.41035,-0.49722,0.76445,1.000,1.000
14.6587,0.41167,-0.49527,0.76501,1.000,1.000
14.6732,0.41097,-0.49507,0.76551,1.000,1.000
14.6873,0.40979,-0.49598,0.76556,1.000,1.000
14.7013,0.40919,-0.49440,0.76689,1.000,1.000
14.7151,0.40838,-0.49449,0.76727,1.000,1.000
14.7288,0.40748,-0.49374,0.76823,1.000,1.000
14.7426,0.40694,-0.49255,0.76928,1.000,1.000
14.7568,0.40708,-0.49150,0.76988,1.000,1.000
14.7708,0.40773,-0.49004,0.77047,1.000,1.000
14.7842,0.40899,-0.48739,0.77148,1.000,1.000
14.7983,0.41007,-0.48534,0.77220,1.000,1.000
14.8125,0.41092,-0.48437,0.77235,1.000,1.000
14.8262,0.41125,-0.48375,0.77257,1.000,1.000
14.8397,0.41148,-0.48262,0.77315,1.000,1.000
14.8539,0.41230,-0.48037,0.77411,1.000,1.000
14.8678,0.41384,-0.47670,0.77556,1.000,1.000
14.8815,0.41639,-0.47299,0.77647,1.000,1.000
14.8956,0.42005,-0.46855,0.77719,1.000,1.000
14.9096,0.42408,-0.46577,0.77667,1.000,1.000
14.9233,0.42811,-0.46337,0.77590,1.000,1.000
14.9375,0.43280,-0.46002,0.77528,1.000,1.000
14.9514,0.43881,-0.45468,0.77506,1.000,1.000
14.9649,0.44839,-0.44511,0.77513,1.000,1.000
14.9793,0.45917,-0.43513,0.77449,1.000,1.000
14.9936,0.47452,-0.42307,0.77191,1.000,1.000
15.0076,0.49478,-0.40970,0.76638,1.000,1.000
15.0211,0.51787,-0.39340,0.75964,1.000,1.000
15.0352,0.54295,-0.37666,0.75055,1.000,1.000
15.0491,0.56905,-0.36106,0.73879,1.000,1.000
15.0627,0.59600,-0.34431,0.72542,1.000,1.000
15.0768,0.62516,-0.32606,0.70913,1.000,1.000
15.0906,0.65529,-0.30756,0.68993,1.000,1.000
15.1044,0.68574,-0.28826,0.66833,1.000,1.000
15.1186,0.71724,-0.26561,0.64422,1.000,1.000
15.1323,0.74775,-0.24173,0.61841,1.000,1.000
15.1464,0.77394,-0.22167,0.59319,1.000,1.000
15.1599,0.79578,-0.20576,0.56955,1.000,1.000
15.1765,0.81379,-0.19216,0.54847,1.000,1.000
15.1878,0.82994,-0.17956,0.52816,1.000,1.000
15.2010,0.84335,-0.16851,0.51026,1.000,1.000
15.2155,0.85279,-0.16003,0.49713,1.000,1.000
15.2292,0.86121,-0.15307,0.48465,1.000,1.000
15.2434,0.86754,-0.14713,0.47511,1.000,1.000
15.2571,0.87358,-0.13999,0.46611,1.000,1.000
15.2715,0.87837,-0.13241,0.45927,1.000,1.000
15.2857,0.88322,-0.12456,0.45211,1.000,1.000
15.2990,0.88891,-0.11560,0.44326,1.000,1.000
15.3129,0.89402,-0.10599,0.43532,1.000,1.000
15.3266,0.89886,-0.09737,0.42728,1.000,1.000
15.3402,0.90345,-0.08886,0.41939,1.000,1.000
15.3551,0.90886,-0.07891,0.40958,1.000,1.000
15.3685,0.91479,-0.06717,0.39830,1.000,1.000
15.3823,0.92084,-0.05588,0.38592,1.000,1.000
15.3963,0.92706,-0.04422,0.37230,1.000,1.000
15.4101,0.93326,-0.03281,0.35769,1.000,1.000
15.4237,0.93898,-0.02322,0.34320,1.000,1.000
15.4380,0.94416,-0.01589,0.32911,1.000,1.000
15.4525,0.94828,-0.00820,0.31732,1.000,1.000
15.4659,0.95234,-0.00008,0.30505,1.000,1.000
15.4796,0.95563,0.00700,0.29448,1.000,1.000
15.4938,0.95822,0.01128,0.28582,1.000,1.000
15.5079,0.96039,0.01283,0.27836,1.000,1.000
15.5216,0.96184,0.01117,0.27338,1.000,1.000
15.5358,0.96253,0.00593,0.27111,1.000,1.000
15.5492,0.96291,-0.00104,0.26982,1.000,1.000
15.5633,0.96157,-0.01347,0.27424,1.000,1.000
15.5773,0.95881,-0.02928,0.28253,1.000,1.000
15.5912,0.95445,-0.04873,0.29435,1.000,1.000
15.6050,0.94685,-0.07607,0.31255,1.000,1.000
15.6191,0.93724,-0.10810,0.33151,1.000,1.000
15.6331,0.92500,-0.14372,0.35174,1.000,1.000
15.6477,0.90886,-0.18442,0.37413,1.000,1.000
15.6609,0.88893,-0.22550,0.39868,1.000,1.000
15.6747,0.86552,-0.26454,0.42532,1.000,1.000
15.6891,0.83967,-0.29939,0.45313,1.000,1.000
15.7029,0.81074,-0.33399,0.48078,1.000,1.000
15.7170,0.78068,-0.36718,0.50568,1.000,1.000
15.7308,0.74942,-0.39922,0.52819,1.000,1.000
15.7445,0.71670,-0.43061,0.54855,1.000,1.000
15.7586,0.68316,-0.46075,0.56657,1.000,1.000
15.7724,0.65051,-0.48827,0.58175,1.000,1.000
15.7863,0.61941,-0.51470,0.59280,1.000,1.000
15.8001,0.59116,-0.53661,0.60215,1.000,1.000
15.8142,0.56307,-0.55719,0.61032,1.000,1.000
15.8283,0.53548,-0.57444,0.61909,1.000,1.000
15.8418,0.50655,-0.59379,0.62515,1.000,1.000
15.8559,0.47966,-0.61307,0.62775,1.000,1.000
15.8698,0.45474,-0.62851,0.63102,1.000,1.000
15.8837,0.43230,-0.63836,0.63687,1.000,1.000
15.8983,0.40990,-0.64834,0.64159,1.000,1.000
15.9120,0.38859,-0.65889,0.64410,1.000,1.000
15.9259,0.36827,-0.67053,0.64403,1.000,1.000
15.9396,0.34957,-0.68584,0.63830,1.000,1.000
15.9539,0.33497,-0.69831,0.63259,1.000,1.000
15.9672,0.32325,-0.70528,0.63094,1.000,1.000
15.9807,0.31195,-0.70984,0.63152,1.000,1.000
15.9950,0.30285,-0.71294,0.63245,1.000,1.000
16.0098,0.29510,-0.71676,0.63180,1.000,1.000
16.0228,0.28939,-0.72067,0.63000,1.000,1.000
16.0373,0.28824,-0.72044,0.63078,1.000,1.000
16.0509,0.29002,-0.71749,0.63332,1.000,1.000
16.0646,0.29176,-0.71565,0.63461,1.000,1.000
16.0789,0.29509,-0.71477,0.63405,1.000,1.000
16.0925,0.30007,-0.71576,0.63059,1.000,1.000
16.1066,0.30630,-0.71646,0.62679,1.000,1.000
16.1208,0.31478,-0.71568,0.62347,1.000,1.000
16.1347,0.32353,-0.71419,0.62069,1.000,1.000
16.1485,0.33259,-0.71293,0.61735,1.000,1.000
16.1620,0.34316,-0.71108,0.61368,1.000,1.000
16.1764,0.35352,-0.70970,0.60938,1.000,1.000
16.1913,0.36406,-0.70871,0.60431,1.000,1.000
16.2036,0.37472,-0.70847,0.59804,1.000,1.000
16.2181,0.38415,-0.70865,0.59182,1.000,1.000
16.2319,0.39353,-0.70883,0.58540,1.000,1.000
16.2456,0.40316,-0.70775,0.58012,1.000,1.000
16.2591,0.41291,-0.70593,0.57547,1.000,1.000
16.2732,0.42267,-0.70456,0.57004,1.000,1.000
16.2873,0.43276,-0.70283,0.56457,1.000,1.000
16.3010,0.44218,-0.70100,0.55953,1.000,1.000
16.3154,0.45086,-0.69889,0.55522,1.000,1.000
16.3290,0.46020,-0.69629,0.55081,1.000,1.000
16.3432,0.46951,-0.69337,0.54663,1.000,1.000
16.3571,0.47878,-0.69053,0.54216,1.000,1.000
16.3715,0.48651,-0.68820,0.53822,1.000,1.000
16.3846,0.49318,-0.68561,0.53546,1.000,1.000
16.3988,0.49864,-0.68404,0.53240,1.000,1.000
16.4128,0.50399,-0.68208,0.52986,1.000,1.000
16.4268,0.50895,-0.67957,0.52835,1.000,1.000
16.4402,0.51326,-0.67729,0.52711,1.000,1.000
16.4544,0.51695,-0.67496,0.52649,1.000,1.000
16.4685,0.51979,-0.67350,0.52557,1.000,1.000
16.4828,0.52260,-0.67190,0.52482,1.000,1.000
16.4967,0.52511,-0.67039,0.52425,1.000,1.000
16.5101,0.52719,-0.66872,0.52430,1.000,1.000
16.5240,0.52886,-0.66755,0.52410,1.000,1.000
16.5384,0.52979,-0.66702,0.52384,1.000,1.000
16.5524,0.53027,-0.66764,0.52256,1.000,1.000
16.5660,0.53112,-0.66838,0.52075,1.000,1.000
16.5794,0.53188,-0.66914,0.51900,1.000,1.000
16.5943,0.53170,-0.67004,0.51801,1.000,1.000
16.6077,0.53135,-0.67106,0.51705,1.000,1.000
16.6215,0.53086,-0.67159,0.51687,1.000,1.000
16.6355,0.53061,-0.67149,0.51725,1.000,1.000
16.6498,0.53052,-0.67094,0.51806,1.000,1.000
16.6636,0.53048,-0.67007,0.51923,1.000,1.000
16.6773,0.53071,-0.66901,0.52036,1.000,1.000
16.6918,0.53097,-0.66823,0.52109,1.000,1.000
16.7061,0.53142,-0.66771,0.52131,1.000,1.000
16.7195,0.53189,-0.66734,0.52129,1.000,1.000
16.7335,0.53259,-0.66678,0.52131,1.000,1.000
16.7475,0.53333,-0.66646,0.52094,1.000,1.000
16.7611,0.53411,-0.66645,0.52017,1.000,1.000
16.7756,0.53490,-0.66729,0.51827,1.000,1.000
16.7895,0.53598,-0.66841,0.51571,1.000,1.000
16.8030,0.53712,-0.66942,0.51320,1.000,1.000
16.8171,0.53838,-0.66932,0.51200,1.000,1.000
16.8310,0.53913,-0.66895,0.51171,1.000,1.000
16.8450,0.53956,-0.66983,0.51010,1.000,1.000
16.8588,0.54021,-0.67079,0.50815,1.000,1.000
16.8726,0.54070,-0.67194,0.50610,1.000,1.000
16.8867,0.54135,-0.67216,0.50512,1.000,1.000
16.9004,0.54213,-0.67175,0.50482,1.000,1.000
16.9141,0.54299,-0.67108,0.50479,1.000,1.000
16.9283,0.54401,-0.66997,0.50516,1.000,1.000
16.9420,0.54524,-0.66912,0.50497,1.000,1.000
16.9563,0.54641,-0.66852,0.50450,1.000,1.000
16.9702,0.54753,-0.66857,0.50321,1.000,1.000
16.9837,0.54851,-0.66920,0.50131,1.000,1.000
16.9981,0.54967,-0.66976,0.49928,1.000,1.000
17.0122,0.55086,-0.67002,0.49762,1.000,1.000
17.0268,0.55238,-0.67037,0.49546,1.000,1.000
17.0397,0.55355,-0.67065,0.49377,1.000,1.000
17.0539,0.55516,-0.67026,0.49248,1.000,1.000
17.0675,0.55661,-0.66987,0.49138,1.000,1.000
17.0813,0.55845,-0.66886,0.49068,1.000,1.000
17.0951,0.56021,-0.66797,0.48988,1.000,1.000
17.1092,0.56188,-0.66754,0.48855,1.000,1.000
17.1229,0.56373,-0.66742,0.48657,1.000,1.000
17.1374,0.56554,-0.66728,0.48467,1.000,1.000
17.1513,0.56743,-0.66697,0.48289,1.000,1.000
17.1648,0.56973,-0.66624,0.48117,1.000,1.000
17.1789,0.57259,-0.66523,0.47919,1.000,1.000
17.1932,0.57530,-0.66440,0.47707,1.000,1.000
17.2085,0.57746,-0.66432,0.47457,1.000,1.000
17.2209,0.57936,-0.66492,0.47140,1.000,1.000
17.2342,0.58099,-0.66633,0.46740,1.000,1.000
17.2483,0.58223,-0.66803,0.46340,1.000,1.000
17.2620,0.58310,-0.66965,0.45996,1.000,1.000
17.2761,0.58349,-0.67153,0.45671,1.000,1.000
17.2901,0.58390,-0.67297,0.45406,1.000,1.000
17.3036,0.58427,-0.67418,0.45180,1.000,1.000
17.3181,0.58466,-0.67489,0.45022,1.000,1.000
17.3318,0.58481,-0.67551,0.44910,1.000,1.000
17.3456,0.58469,-0.67626,0.44812,1.000,1.000
17.3596,0.58430,-0.67714,0.44730,1.000,1.000
17.3738,0.58391,-0.67797,0.44655,1.000,1.000
17.3876,0.58358,-0.67865,0.44595,1.000,1.000
17.4013,0.58362,-0.67874,0.44576,1.000,1.000
17.4157,0.58354,-0.67872,0.44590,1.000,1.000
17.4295,0.58360,-0.67901,0.44537,1.000,1.000
17.4434,0.58334,-0.67927,0.44531,1.000,1.000
17.4571,0.58324,-0.67973,0.44474,1.000,1.000
17.4713,0.58294,-0.68035,0.44420,1.000,1.000
17.4849,0.58325,-0.68021,0.44401,1.000,1.000
17.4994,0.58349,-0.68009,0.44386,1.000,1.000
17.5130,0.58373,-0.68053,0.44288,1.000,1.000
17.5269,0.58411,-0.68157,0.44077,1.000,1.000
17.5412,0.58456,-0.68299,0.43797,1.000,1.000
17.5551,0.58507,-0.68336,0.43670,1.000,1.000
17.5686,0.58515,-0.68446,0.43488,1.000,1.000
17.5823,0.58535,-0.68447,0.43459,1.000,1.000
17.5966,0.58531,-0.68402,0.43535,1.000,1.000
17.6109,0.58511,-0.68428,0.43521,1.000,1.000
17.6242,0.58463,-0.68542,0.43407,1.000,1.000
17.6384,0.58393,-0.68715,0.43226,1.000,1.000
17.6524,0.58336,-0.68918,0.42979,1.000,1.000
17.6664,0.58265,-0.69093,0.42795,1.000,1.000
17.6800,0.58228,-0.69182,0.42701,1.000,1.000
17.6938,0.58240,-0.69157,0.42725,1.000,1.000
17.7078,0.58253,-0.69096,0.42806,1.000,1.000
17.7215,0.58273,-0.68998,0.42937,1.000,1.000
17.7359,0.58212,-0.68998,0.43018,1.000,1.000
17.7502,0.58152,-0.69071,0.42984,1.000,1.000
17.7632,0.58157,-0.69090,0.42946,1.000,1.000
17.7777,0.58286,-0.68927,0.43034,1.000,1.000
17.7916,0.58441,-0.68737,0.43127,1.000,1.000
17.8051,0.58592,-0.68646,0.43066,1.000,1.000
17.8192,0.58686,-0.68695,0.42861,1.000,1.000
17.8334,0.58808,-0.68844,0.42451,1.000,1.000
17.8472,0.58925,-0.68935,0.42141,1.000,1.000
17.8610,0.59049,-0.68884,0.42050,1.000,1.000
17.8749,0.59159,-0.68730,0.42147,1.000,1.000
17.8888,0.59231,-0.68662,0.42156,1.000,1.000
17.9026,0.59254,-0.68677,0.42101,1.000,1.000
17.9167,0.59266,-0.68718,0.42017,1.000,1.000
17.9305,0.59215,-0.68827,0.41910,1.000,1.000
17.9442,0.59144,-0.68907,0.41878,1.000,1.000
17.9586,0.59084,-0.68980,0.41843,1.000,1.000
17.9729,0.59062,-0.69003,0.41836,1.000,1.000
17.9861,0.59063,-0.68967,0.41893,1.000,1.000
18.0004,0.59040,-0.68937,0.41975,1.000,1.000
18.0141,0.59043,-0.68905,0.42025,1.000,1.000
18.0282,0.59044,-0.68857,0.42101,1.000,1.000
18.0418,0.59052,-0.68805,0.42175,1.000,1.000
18.0558,0.59074,-0.68755,0.42226,1.000,1.000
18.0699,0.59077,-0.68744,0.42239,1.000,1.000
18.0834,0.59051,-0.68772,0.42230,1.000,1.000
18.0978,0.59051,-0.68770,0.42233,1.000,1.000
18.1116,0.59045,-0.68774,0.42235,1.000,1.000
18.1255,0.59085,-0.68673,0.42343,1.000,1.000
18.1393,0.59123,-0.68568,0.42461,1.000,1.000
18.1535,0.59181,-0.68462,0.42551,1.000,1.000
18.1670,0.59220,-0.68392,0.42609,1.000,1.000
18.1812,0.59293,-0.68308,0.42643,1.000,1.000
18.1953,0.59373,-0.68193,0.42715,1.000,1.000
18.2091,0.59445,-0.68118,0.42735,1.000,1.000
18.2226,0.59518,-0.68035,0.42764,1.000,1.000
18.2369,0.59558,-0.68006,0.42756,1.000,1.000
18.2508,0.59576,-0.67961,0.42801,1.000,1.000
18.2648,0.59627,-0.67881,0.42858,1.000,1.000
18.2785,0.59666,-0.67775,0.42972,1.000,1.000
18.2924,0.59743,-0.67648,0.43064,1.000,1.000
18.3069,0.59802,-0.67555,0.43128,1.000,1.000
18.3203,0.59854,-0.67501,0.43140,1.000,1.000
18.3343,0.59884,-0.67506,0.43091,1.000,1.000
18.3480,0.59913,-0.67532,0.43011,1.000,1.000
18.3619,0.59904,-0.67539,0.43012,1.000,1.000
18.3763,0.59908,-0.67483,0.43095,1.000,1.000
18.3900,0.59907,-0.67403,0.43220,1.000,1.000
18.4038,0.59875,-0.67374,0.43310,1.000,1.000
18.4181,0.59837,-0.67424,0.43285,1.000,1.000
18.4321,0.59771,-0.67555,0.43172,1.000,1.000
18.4458,0.59711,-0.67713,0.43006,1.000,1.000
18.4591,0.59711,-0.67771,0.42915,1.000,1.000
18.4736,0.59738,-0.67759,0.42896,1.000,1.000
18.4875,0.59775,-0.67726,0.42897,1.000,1.000
18.5012,0.59766,-0.67761,0.42855,1.000,1.000
18.5157,0.59716,-0.67880,0.42735,1.000,1.000
18.5292,0.59706,-0.67920,0.42685,1.000,1.000
18.5431,0.59721,-0.67909,0.42682,1.000,1.000
18.5575,0.59754,-0.67887,0.42671,1.000,1.000
18.5714,0.59826,-0.67824,0.42671,1.000,1.000
18.5846,0.59885,-0.67765,0.42682,1.000,1.000
18.5987,0.59934,-0.67696,0.42723,1.000,1.000
18.6129,0.59960,-0.67660,0.42742,1.000,1.000
18.6272,0.59956,-0.67660,0.42749,1.000,1.000
18.6402,0.59959,-0.67666,0.42735,1.000,1.000
18.6547,0.59935,-0.67708,0.42702,1.000,1.000
18.6685,0.59935,-0.67689,0.42732,1.000,1.000
18.6821,0.59992,-0.67608,0.42780,1.000,1.000
18.6961,0.60086,-0.67479,0.42853,1.000,1.000
18.7106,0.60192,-0.67353,0.42902,1.000,1.000
18.7245,0.60292,-0.67283,0.42870,1.000,1.000
18.7382,0.60364,-0.67305,0.42734,1.000,1.000
18.7522,0.60441,-0.67272,0.42677,1.000,1.000
18.7659,0.60508,-0.67191,0.42710,1.000,1.000
18.7794,0.60602,-0.67045,0.42807,1.000,1.000
18.7938,0.60713,-0.66843,0.42966,1.000,1.000
18.8082,0.60831,-0.66680,0.43052,1.000,1.000
18.8215,0.60938,-0.66568,0.43073,1.000,1.000
18.8354,0.61030,-0.66469,0.43095,1.000,1.000
18.8496,0.61150,-0.66295,0.43194,1.000,1.000
18.8636,0.61309,-0.66076,0.43303,1.000,1.000
18.8773,0.61465,-0.65865,0.43404,1.000,1.000
18.8911,0.61635,-0.65620,0.43533,1.000,1.000
18.9048,0.61826,-0.65417,0.43568,1.000,1.000
18.9191,0.61918,-0.65365,0.43515,1.000,1.000
18.9330,0.61990,-0.65305,0.43502,1.000,1.000
18.9471,0.62112,-0.65202,0.43483,1.000,1.000
18.9608,0.62213,-0.65102,0.43490,1.000,1.000
18.9750,0.62288,-0.65001,0.43533,1.000,1.000
18.9889,0.62368,-0.64861,0.43627,1.000,1.000
19.0023,0.62386,-0.64822,0.43658,1.000,1.000
19.0165,0.62410,-0.64797,0.43661,1.000,1.000
19.0306,0.62371,-0.64799,0.43715,1.000,1.000
19.0446,0.62356,-0.64726,0.43844,1.000,1.000
19.0581,0.62343,-0.64622,0.44015,1.000,1.000
19.0720,0.62317,-0.64503,0.44226,1.000,1.000
19.0861,0.62248,-0.64460,0.44386,1.000,1.000
19.1000,0.62135,-0.64531,0.44440,1.000,1.000
19.1143,0.62050,-0.64544,0.44540,1.000,1.000
19.1280,0.61979,-0.64536,0.44651,1.000,1.000
19.1416,0.62029,-0.64412,0.44761,1.000,1.000
19.1558,0.62076,-0.64361,0.44768,1.000,1.000
19.1698,0.62133,-0.64371,0.44675,1.000,1.000
19.1832,0.62246,-0.64342,0.44559,1.000,1.000
19.1975,0.62389,-0.64284,0.44443,1.000,1.000
19.2116,0.62547,-0.64196,0.44348,1.000,1.000
19.2258,0.62748,-0.64131,0.44157,1.000,1.000
19.2394,0.62994,-0.63956,0.44061,1.000,1.000
19.2535,0.63257,-0.63773,0.43950,1.000,1.000
19.2675,0.63510,-0.63544,0.43917,1.000,1.000
19.2823,0.63782,-0.63192,0.44030,1.000,1.000
19.2952,0.63963,-0.62964,0.44094,1.000,1.000
19.3089,0.64014,-0.62841,0.44195,1.000,1.000
19.3230,0.63937,-0.62903,0.44220,1.000,1.000
19.3369,0.63901,-0.62953,0.44199,1.000,1.000
19.3509,0.63872,-0.62971,0.44216,1.000,1.000
19.3645,0.63807,-0.63013,0.44249,1.000,1.000
19.3787,0.63705,-0.63158,0.44190,1.000,1.000
19.3927,0.63611,-0.63329,0.44080,1.000,1.000
19.4068,0.63518,-0.63518,0.43942,1.000,1.000
19.4202,0.63487,-0.63632,0.43822,1.000,1.000
19.4346,0.63556,-0.63663,0.43677,1.000,1.000
19.4484,0.63634,-0.63686,0.43529,1.000,1.000
19.4624,0.63779,-0.63666,0.43347,1.000,1.000
19.4762,0.63958,-0.63588,0.43197,1.000,1.000
19.4903,0.64153,-0.63511,0.43021,1.000,1.000
19.5041,0.64367,-0.63419,0.42835,1.000,1.000
19.5183,0.64593,-0.63334,0.42621,1.000,1.000
19.5319,0.64810,-0.63227,0.42450,1.000,1.000
19.5461,0.64978,-0.63185,0.42256,1.000,1.000
19.5594,0.65045,-0.63221,0.42098,1.000,1.000
19.5739,0.65153,-0.63219,0.41934,1.000,1.000
19.5881,0.65293,-0.63152,0.41816,1.000,1.000
19.6017,0.65407,-0.63069,0.41764,1.000,1.000
19.6158,0.65528,-0.63037,0.41622,1.000,1.000
19.6296,0.65664,-0.62998,0.41466,1.000,1.000
19.6433,0.65752,-0.63065,0.41224,1.000,1.000
19.6573,0.65856,-0.63085,0.41028,1.000,1.000
19.6714,0.65989,-0.63110,0.40776,1.000,1.000
19.6857,0.66171,-0.63076,0.40532,1.000,1.000
19.6990,0.66331,-0.63069,0.40280,1.000,1.000
19.7129,0.66491,-0.63065,0.40023,1.000,1.000
19.7270,0.66642,-0.63042,0.39807,1.000,1.000
19.7407,0.66788,-0.63040,0.39563,1.000,1.000
19.7549,0.66868,-0.63085,0.39357,1.000,1.000
19.7686,0.66937,-0.63107,0.39204,1.000,1.000
19.7825,0.66960,-0.63224,0.38976,1.000,1.000
19.7966,0.66930,-0.63365,0.38798,1.000,1.000
19.8107,0.66866,-0.63545,0.38613,1.000,1.000
19.8242,0.66769,-0.63740,0.38459,1.000,1.000
19.8383,0.66681,-0.63886,0.38371,1.000,1.000
19.8524,0.66637,-0.63971,0.38303,1.000,1.000
19.8664,0.66572,-0.64033,0.38314,1.000,1.000
19.8800,0.66477,-0.64092,0.38380,1.000,1.000
19.8938,0.66374,-0.64145,0.38468,1.000,1.000
19.9081,0.66226,-0.64261,0.38531,1.000,1.000
19.9218,0.66149,-0.64293,0.38609,1.000,1.000
19.9358,0.66092,-0.64267,0.38751,1.000,1.000
19.9496,0.65992,-0.64278,0.38903,1.000,1.000
19.9636,0.65816,-0.64382,0.39028,1.000,1.000
19.9779,0.65656,-0.64520,0.39069,1.000,1.000
19.9920,0.65545,-0.64614,0.39101,1.000,1.000
20.0055,0.65504,-0.64623,0.39155,1.000,1.000
20.0194,0.65491,-0.64619,0.39183,1.000,1.000
20.0335,0.65444,-0.64671,0.39175,1.000,1.000
20.0478,0.65367,-0.64800,0.39091,1.000,1.000
20.0615,0.65338,-0.64852,0.39053,1.000,1.000
20.0752,0.65332,-0.64858,0.39054,1.000,1.000
20.0890,0.65360,-0.64814,0.39078,1.000,1.000
20.1026,0.65325,-0.64855,0.39070,1.000,1.000
20.1176,0.65306,-0.64888,0.39047,1.000,1.000
20.1309,0.65230,-0.64970,0.39037,1.000,1.000
20.1446,0.65132,-0.65085,0.39009,1.000,1.000
20.1586,0.65065,-0.65137,0.39035,1.000,1.000
20.1728,0.65030,-0.65138,0.39093,1.000,1.000
20.1868,0.65026,-0.65089,0.39180,1.000,1.000
20.2004,0.65031,-0.65006,0.39309,1.000,1.000
20.2145,0.64985,-0.65021,0.39359,1.000,1.000
20.2283,0.64883,-0.65111,0.39379,1.000,1.000
20.2420,0.64801,-0.65186,0.39390,1.000,1.000
20.2560,0.64768,-0.65148,0.39508,1.000,1.000
20.2699,0.64746,-0.65069,0.39673,1.000,1.000
20.2834,0.64794,-0.64888,0.39891,1.000,1.000
20.2984,0.64857,-0.64692,0.40106,1.000,1.000
20.3117,0.64935,-0.64454,0.40363,1.000,1.000
20.3257,0.65003,-0.64170,0.40705,1.000,1.000
20.3392,0.65031,-0.63884,0.41107,1.000,1.000
20.3535,0.65077,-0.63472,0.41669,1.000,1.000
20.3674,0.65204,-0.62832,0.42433,1.000,1.000
20.3812,0.65362,-0.62038,0.43349,1.000,1.000
20.3952,0.65615,-0.61178,0.44180,1.000,1.000
20.4092,0.65866,-0.60183,0.45163,1.000,1.000
20.4228,0.66220,-0.58967,0.46236,1.000,1.000
20.4367,0.66768,-0.57324,0.47498,1.000,1.000
20.4506,0.67461,-0.55291,0.48907,1.000,1.000
20.4647,0.68036,-0.53333,0.50267,1.000,1.000
20.4785,0.68650,-0.51241,0.51590,1.000,1.000
20.4926,0.69178,-0.49286,0.52776,1.000,1.000
20.5068,0.69823,-0.46947,0.54043,1.000,1.000
20.5203,0.70636,-0.44052,0.55408,1.000,1.000
20.5348,0.71423,-0.40944,0.56766,1.000,1.000
20.5486,0.72062,-0.37940,0.58032,1.000,1.000
20.5621,0.72601,-0.34979,0.59209,1.000,1.000
20.5763,0.72987,-0.31997,0.60407,1.000,1.000
20.5904,0.73312,-0.28717,0.61650,1.000,1.000
20.6037,0.73628,-0.25229,0.62789,1.000,1.000
20.6179,0.74006,-0.21681,0.63663,1.000,1.000
20.6321,0.74489,-0.18032,0.64235,1.000,1.000
20.6462,0.74950,-0.14173,0.64666,1.000,1.000
20.6593,0.75376,-0.10253,0.64910,1.000,1.000
20.6734,0.75991,-0.06305,0.64697,1.000,1.000
20.6874,0.76823,-0.02501,0.63968,1.000,1.000
20.7012,0.77716,0.01183,0.62919,1.000,1.000
20.7159,0.78742,0.04483,0.61478,1.000,1.000
20.7290,0.79704,0.07063,0.59979,1.000,1.000
20.7428,0.80529,0.09373,0.58542,1.000,1.000
20.7571,0.81468,0.11140,0.56911,1.000,1.000
20.7712,0.82630,0.12897,0.54826,1.000,1.000
20.7847,0.83956,0.15173,0.52165,1.000,1.000
20.7986,0.85473,0.17528,0.48859,1.000,1.000
20.8128,0.87091,0.19711,0.45018,1.000,1.000
20.8271,0.88735,0.21322,0.40883,1.000,1.000
20.8405,0.90344,0.22360,0.36580,1.000,1.000
20.8547,0.91884,0.23101,0.31996,1.000,1.000
20.8688,0.93338,0.23542,0.27089,1.000,1.000
20.8824,0.94707,0.23796,0.21550,1.000,1.000
20.8964,0.95863,0.23874,0.15505,1.000,1.000
20.9102,0.96617,0.24158,0.09033,1.000,1.000
20.9240,0.96998,0.24186,0.02519,1.000,1.000
20.9382,0.97002,0.24022,-0.03669,1.000,1.000
20.9521,0.96688,0.23632,-0.09641,1.000,1.000
20.9659,0.96049,0.23323,-0.15186,1.000,1.000
20.9801,0.95214,0.22690,-0.20482,1.000,1.000
20.9938,0.94204,0.21674,-0.25608,1.000,1.000
21.0078,0.93061,0.20403,-0.30387,1.000,1.000
21.0215,0.91871,0.18847,-0.34706,1.000,1.000
21.0357,0.90518,0.17332,-0.38808,1.000,1.000
21.0495,0.89171,0.15643,-0.42471,1.000,1.000
21.0632,0.87735,0.13942,-0.45915,1.000,1.000
21.0774,0.86201,0.12244,-0.49188,1.000,1.000
21.0920,0.84692,0.10546,-0.52116,1.000,1.000
21.1049,0.82981,0.09068,-0.55063,1.000,1.000
21.1191,0.81184,0.07485,-0.57906,1.000,1.000
21.1333,0.79289,0.05915,-0.60648,1.000,1.000
21.1472,0.77406,0.04269,-0.63167,1.000,1.000
21.1610,0.75530,0.02652,-0.65484,1.000,1.000
21.1753,0.73542,0.01118,-0.67752,1.000,1.000
21.1888,0.71568,-0.00240,-0.69843,1.000,1.000
21.2025,0.69614,-0.01564,-0.71773,1.000,1.000
21.2163,0.67782,-0.02938,-0.73464,1.000,1.000
21.2309,0.66029,-0.04221,-0.74982,1.000,1.000
21.2456,0.64485,-0.05471,-0.76235,1.000,1.000
21.2592,0.60755,-0.08026,-0.79021,1.000,1.000
21.2730,0.61281,-0.07493,-0.78667,1.000,1.000
21.2870,0.59957,-0.08332,-0.79597,1.000,1.000
21.3006,0.58760,-0.09086,-0.80403,1.000,1.000
21.3140,0.57753,-0.09906,-0.81034,1.000,1.000
21.3280,0.56820,-0.10787,-0.81579,1.000,1.000
21.3414,0.55922,-0.11482,-0.82103,1.000,1.000
21.3557,0.55212,-0.12139,-0.82488,1.000,1.000
21.3691,0.54685,-0.12730,-0.82750,1.000,1.000
21.3827,0.54099,-0.13313,-0.83043,1.000,1.000
21.3970,0.53649,-0.13771,-0.83259,1.000,1.000
21.4111,0.53155,-0.14058,-0.83528,1.000,1.000
21.4247,0.52654,-0.14263,-0.83810,1.000,1.000
21.4384,0.52115,-0.14353,-0.84131,1.000,1.000
21.4525,0.51602,-0.14637,-0.84398,1.000,1.000
21.4667,0.51001,-0.14937,-0.84710,1.000,1.000
21.4802,0.50417,-0.15201,-0.85012,1.000,1.000
21.4943,0.49812,-0.15366,-0.85339,1.000,1.000
21.5083,0.49273,-0.15556,-0.85616,1.000,1.000
21.5219,0.48778,-0.15709,-0.85872,1.000,1.000
21.5362,0.48301,-0.15762,-0.86131,1.000,1.000
21.5498,0.47726,-0.15864,-0.86433,1.000,1.000
21.5635,0.47082,-0.16130,-0.86736,1.000,1.000
21.5778,0.46357,-0.16435,-0.87068,1.000,1.000
21.5918,0.45542,-0.16819,-0.87424,1.000,1.000
21.6058,0.44645,-0.17172,-0.87818,1.000,1.000
21.6195,0.43644,-0.17447,-0.88265,1.000,1.000
21.6335,0.42580,-0.17579,-0.88758,1.000,1.000
21.6478,0.41498,-0.17485,-0.89287,1.000,1.000
21.6613,0.40286,-0.17363,-0.89864,1.000,1.000
21.6754,0.38967,-0.17238,-0.90468,1.000,1.000
21.6894,0.37445,-0.16852,-0.91181,1.000,1.000
21.7032,0.35869,-0.16353,-0.91902,1.000,1.000
21.7176,0.34105,-0.15710,-0.92682,1.000,1.000
21.7311,0.32256,-0.15244,-0.93419,1.000,1.000
21.7444,0.30362,-0.14906,-0.94106,1.000,1.000
21.7586,0.28327,-0.14669,-0.94776,1.000,1.000
21.7729,0.26470,-0.14408,-0.95351,1.000,1.000
21.7863,0.24680,-0.14168,-0.95865,1.000,1.000
21.8002,0.23091,-0.13857,-0.96306,1.000,1.000
21.8151,0.21626,-0.13496,-0.96696,1.000,1.000
21.8288,0.20318,-0.13128,-0.97030,1.000,1.000
21.8426,0.19192,-0.12741,-0.97310,1.000,1.000
21.8563,0.18416,-0.12310,-0.97516,1.000,1.000
21.8703,0.17654,-0.11939,-0.97703,1.000,1.000
21.8838,0.17042,-0.11848,-0.97822,1.000,1.000
21.8983,0.16498,-0.11952,-0.97903,1.000,1.000
21.9118,0.16062,-0.12101,-0.97957,1.000,1.000
21.9256,0.15725,-0.12237,-0.97995,1.000,1.000
21.9393,0.15405,-0.12266,-0.98042,1.000,1.000
21.9540,0.15156,-0.12308,-0.98076,1.000,1.000
21.9673,0.14951,-0.12546,-0.98077,1.000,1.000
21.9811,0.14755,-0.12998,-0.98048,1.000,1.000
21.9954,0.14731,-0.13478,-0.97987,1.000,1.000
22.0095,0.14719,-0.13895,-0.97930,1.000,1.000
22.0230,0.14765,-0.14027,-0.97904,1.000,1.000
22.0373,0.14822,-0.14024,-0.97896,1.000,1.000
22.0514,0.14924,-0.13942,-0.97892,1.000,1.000
22.0658,0.15037,-0.13831,-0.97891,1.000,1.000
22.0787,0.15088,-0.13750,-0.97894,1.000,1.000
22.0931,0.15093,-0.13640,-0.97909,1.000,1.000
22.1067,0.15057,-0.13514,-0.97932,1.000,1.000
22.1206,0.15044,-0.13356,-0.97956,1.000,1.000
22.1348,0.15004,-0.13357,-0.97962,1.000,1.000
22.1485,0.15006,-0.13518,-0.97939,1.000,1.000
22.1623,0.14971,-0.13662,-0.97925,1.000,1.000
22.1765,0.14942,-0.13621,-0.97935,1.000,1.000
22.1908,0.14925,-0.13669,-0.97931,1.000,1.000
22.2045,0.15002,-0.13841,-0.97895,1.000,1.000
22.2182,0.15207,-0.14149,-0.97819,1.000,1.000
22.2328,0.15448,-0.14310,-0.97758,1.000,1.000
22.2462,0.15642,-0.14352,-0.97721,1.000,1.000
22.2596,0.15806,-0.14224,-0.97713,1.000,1.000
22.2738,0.16001,-0.14157,-0.97691,1.000,1.000
22.2876,0.16157,-0.14206,-0.97658,1.000,1.000
22.3019,0.16266,-0.14340,-0.97621,1.000,1.000
22.3159,0.16335,-0.14365,-0.97605,1.000,1.000
22.3317,0.16392,-0.14208,-0.97619,1.000,1.000
22.3507,0.16429,-0.14094,-0.97629,1.000,1.000
22.3569,0.16496,-0.14038,-0.97626,1.000,1.000
22.3725,0.16511,-0.13945,-0.97637,1.000,1.000
22.3859,0.16520,-0.13797,-0.97656,1.000,1.000
22.3998,0.16578,-0.13574,-0.97678,1.000,1.000
22.4132,0.16673,-0.13326,-0.97696,1.000,1.000
22.4278,0.16783,-0.13221,-0.97691,1.000,1.000
22.4406,0.16890,-0.13158,-0.97681,1.000,1.000
22.4547,0.17016,-0.13165,-0.97658,1.000,1.000
22.4687,0.17117,-0.13158,-0.97642,1.000,1.000
22.4826,0.17256,-0.13088,-0.97626,1.000,1.000
22.4971,0.17405,-0.13066,-0.97603,1.000,1.000
22.5101,0.17532,-0.13004,-0.97589,1.000,1.000
22.5238,0.17639,-0.12962,-0.97575,1.000,1.000
22.5381,0.17711,-0.12885,-0.97572,1.000,1.000
22.5517,0.17733,-0.12848,-0.97573,1.000,1.000
22.5659,0.17742,-0.12794,-0.97578,1.000,1.000
22.5794,0.17689,-0.12776,-0.97590,1.000,1.000
22.5936,0.17615,-0.12545,-0.97634,1.000,1.000
22.6080,0.17515,-0.12266,-0.97687,1.000,1.000
22.6212,0.17344,-0.12016,-0.97749,1.000,1.000
22.6358,0.17144,-0.11791,-0.97811,1.000,1.000
22.6495,0.16948,-0.11557,-0.97873,1.000,1.000
22.6632,0.16800,-0.11284,-0.97931,1.000,1.000
22.6771,0.16659,-0.11011,-0.97986,1.000,1.000
22.6910,0.16440,-0.10770,-0.98050,1.000,1.000
22.7051,0.16190,-0.10582,-0.98112,1.000,1.000
22.7190,0.16012,-0.10298,-0.98171,1.000,1.000
22.7329,0.15925,-0.09953,-0.98221,1.000,1.000
22.7466,0.15943,-0.09507,-0.98262,1.000,1.000
22.7604,0.15955,-0.09149,-0.98294,1.000,1.000
22.7746,0.15984,-0.08836,-0.98318,1.000,1.000
22.7885,0.15995,-0.08419,-0.98353,1.000,1.000
22.8022,0.16082,-0.07964,-0.98377,1.000,1.000
22.8167,0.16229,-0.07428,-0.98394,1.000,1.000
22.8304,0.16335,-0.06953,-0.98412,1.000,1.000
22.8445,0.16369,-0.06369,-0.98445,1.000,1.000
22.8581,0.16329,-0.05691,-0.98494,1.000,1.000
22.8724,0.16196,-0.04849,-0.98561,1.000,1.000
22.8864,0.15935,-0.04056,-0.98639,1.000,1.000
22.8995,0.15709,-0.03318,-0.98703,1.000,1.000
22.9135,0.15366,-0.02818,-0.98772,1.000,1.000
22.9275,0.14988,-0.02497,-0.98839,1.000,1.000
22.9413,0.14575,-0.02452,-0.98902,1.000,1.000
22.9557,0.14105,-0.02364,-0.98972,1.000,1.000
22.9700,0.13553,-0.02224,-0.99052,1.000,1.000
22.9831,0.13015,-0.00935,-0.99145,1.000,1.000
22.9973,0.12487,0.00698,-0.99215,1.000,1.000
23.0112,0.11977,0.01410,-0.99270,1.000,1.000
23.0256,0.11554,0.01582,-0.99318,1.000,1.000
23.0390,0.11328,0.01272,-0.99348,1.000,1.000
23.0531,0.11065,0.01128,-0.99380,1.000,1.000
23.0674,0.10888,0.01226,-0.99398,1.000,1.000
23.0805,0.10652,0.01498,-0.99420,1.000,1.000
23.0945,0.10361,0.01710,-0.99447,1.000,1.000
23.1088,0.10195,0.02055,-0.99458,1.000,1.000
23.1228,0.10111,0.02406,-0.99458,1.000,1.000
23.1368,0.10002,0.02871,-0.99457,1.000,1.000
23.1506,0.09822,0.03313,-0.99461,1.000,1.000
23.1643,0.09573,0.03681,-0.99473,1.000,1.000
23.1785,0.09295,0.03931,-0.99489,1.000,1.000
23.1925,0.08915,0.03977,-0.99522,1.000,1.000
23.2063,0.08364,0.03892,-0.99574,1.000,1.000
23.2197,0.07501,0.03703,-0.99649,1.000,1.000
23.2338,0.06296,0.03295,-0.99747,1.000,1.000
23.2482,0.05160,0.02793,-0.99828,1.000,1.000
23.2617,0.04062,0.02388,-0.99889,1.000,1.000
23.2762,0.02918,0.02267,-0.99932,1.000,1.000
23.2897,0.01710,0.02183,-0.99962,1.000,1.000
23.3034,0.00304,0.02139,-0.99977,1.000,1.000
23.3177,-0.00920,0.02093,-0.99974,1.000,1.000
23.3316,-0.01934,0.02042,-0.99960,1.000,1.000
23.3450,-0.02855,0.01943,-0.99940,1.000,1.000
23.3595,-0.03670,0.01696,-0.99918,1.000,1.000
23.3740,-0.04259,0.01390,-0.99900,1.000,1.000
23.3874,-0.04773,0.00967,-0.99881,1.000,1.000
23.4007,-0.05004,0.00594,-0.99873,1.000,1.000
23.4151,-0.05233,0.00268,-0.99863,1.000,1.000
23.4289,-0.05338,-0.00220,-0.99857,1.000,1.000
23.4424,-0.05499,-0.00931,-0.99844,1.000,1.000
23.4566,-0.05740,-0.01802,-0.99819,1.000,1.000
23.4706,-0.06079,-0.02998,-0.99770,1.000,1.000
23.4844,-0.06613,-0.04097,-0.99697,1.000,1.000
23.4989,-0.07296,-0.05421,-0.99586,1.000,1.000
23.5121,-0.08100,-0.06778,-0.99441,1.000,1.000
23.5263,-0.08935,-0.08346,-0.99250,1.000,1.000
23.5400,-0.09922,-0.10196,-0.98983,1.000,1.000
23.5543,-0.10843,-0.11952,-0.98689,1.000,1.000
23.5681,-0.11661,-0.13598,-0.98383,1.000,1.000
23.5817,-0.12317,-0.15355,-0.98043,1.000,1.000
23.5960,-0.12964,-0.17205,-0.97652,1.000,1.000
23.6100,-0.13467,-0.19149,-0.97221,1.000,1.000
23.6236,-0.13931,-0.21042,-0.96764,1.000,1.000
23.6378,-0.14404,-0.22693,-0.96320,1.000,1.000
23.6519,-0.14808,-0.24362,-0.95850,1.000,1.000
23.6658,-0.14977,-0.26316,-0.95305,1.000,1.000
23.6799,-0.14785,-0.28287,-0.94769,1.000,1.000
23.6938,-0.14581,-0.29906,-0.94303,1.000,1.000
23.7077,-0.14316,-0.31104,-0.93955,1.000,1.000
23.7214,-0.14047,-0.32373,-0.93567,1.000,1.000
23.7356,-0.13515,-0.33870,-0.93114,1.000,1.000
23.7493,-0.12842,-0.35119,-0.92745,1.000,1.000
23.7631,-0.12354,-0.36364,-0.92331,1.000,1.000
23.7771,-0.12061,-0.37346,-0.91977,1.000,1.000
23.7912,-0.11676,-0.38303,-0.91633,1.000,1.000
23.8047,-0.11296,-0.39547,-0.91150,1.000,1.000
23.8188,-0.11056,-0.40853,-0.90602,1.000,1.000
23.8335,-0.11153,-0.41668,-0.90218,1.000,1.000
23.8467,-0.11575,-0.42122,-0.89955,1.000,1.000
23.8602,-0.11953,-0.42634,-0.89663,1.000,1.000
23.8743,-0.12331,-0.42961,-0.89456,1.000,1.000
23.8882,-0.12552,-0.43121,-0.89348,1.000,1.000
23.9026,-0.12717,-0.43028,-0.89369,1.000,1.000
23.9163,-0.12961,-0.42711,-0.89486,1.000,1.000
23.9301,-0.13259,-0.42143,-0.89712,1.000,1.000
23.9438,-0.13623,-0.41674,-0.89876,1.000,1.000
23.9579,-0.13961,-0.41173,-0.90055,1.000,1.000
23.9721,-0.14272,-0.40575,-0.90277,1.000,1.000
23.9858,-0.14690,-0.39839,-0.90538,1.000,1.000
23.9993,-0.15159,-0.39127,-0.90771,1.000,1.000
24.0137,-0.15670,-0.38475,-0.90962,1.000,1.000
24.0275,-0.16207,-0.37895,-0.91111,1.000,1.000
24.0411,-0.16685,-0.37217,-0.91304,1.000,1.000
24.0557,-0.17223,-0.36703,-0.91412,1.000,1.000
24.0694,-0.17693,-0.36256,-0.91501,1.000,1.000
24.0839,-0.18215,-0.35949,-0.91520,1.000,1.000
24.0973,-0.18698,-0.35806,-0.91479,1.000,1.000
24.1111,-0.19198,-0.35746,-0.91399,1.000,1.000
24.1250,-0.19394,-0.35655,-0.91392,1.000,1.000
24.1394,-0.19525,-0.35606,-0.91384,1.000,1.000
24.1531,-0.19719,-0.35400,-0.91422,1.000,1.000
24.1670,-0.20028,-0.35234,-0.91419,1.000,1.000
24.1809,-0.20311,-0.35256,-0.91348,1.000,1.000
24.1949,-0.20322,-0.35375,-0.91300,1.000,1.000
24.2087,-0.20224,-0.35500,-0.91273,1.000,1.000
24.2221,-0.20127,-0.35417,-0.91327,1.000,1.000
24.2367,-0.20145,-0.35057,-0.91462,1.000,1.000
24.2504,-0.20228,-0.34860,-0.91518,1.000,1.000
24.2644,-0.20215,-0.34499,-0.91658,1.000,1.000
24.2786,-0.20224,-0.34392,-0.91696,1.000,1.000
24.2921,-0.20315,-0.34192,-0.91751,1.000,1.000
24.3066,-0.20462,-0.34035,-0.91777,1.000,1.000
24.3199,-0.20574,-0.33839,-0.91824,1.000,1.000
24.3344,-0.20650,-0.33832,-0.91810,1.000,1.000
24.3483,-0.20584,-0.33932,-0.91788,1.000,1.000
24.3619,-0.20481,-0.33958,-0.91801,1.000,1.000
24.3814,-0.20442,-0.33905,-0.91829,1.000,1.000
24.3902,-0.20429,-0.33791,-0.91874,1.000,1.000
24.4040,-0.20323,-0.33658,-0.91946,1.000,1.000
24.4175,-0.20171,-0.33663,-0.91978,1.000,1.000
24.4313,-0.19909,-0.33729,-0.92011,1.000,1.000
24.4461,-0.19657,-0.33737,-0.92062,1.000,1.000
24.4589,-0.19483,-0.33673,-0.92123,1.000,1.000
24.4735,-0.19280,-0.33550,-0.92210,1.000,1.000
24.4871,-0.19034,-0.33372,-0.92326,1.000,1.000
24.5017,-0.18704,-0.33154,-0.92472,1.000,1.000
24.5154,-0.18287,-0.32895,-0.92647,1.000,1.000
24.5286,-0.17729,-0.32320,-0.92958,1.000,1.000
24.5423,-0.17157,-0.31658,-0.93292,1.000,1.000
24.5570,-0.16544,-0.30698,-0.93723,1.000,1.000
24.5707,-0.15994,-0.29780,-0.94114,1.000,1.000
24.5845,-0.15547,-0.29117,-0.94395,1.000,1.000
24.5988,-0.15191,-0.28742,-0.94568,1.000,1.000
24.6127,-0.14763,-0.28545,-0.94696,1.000,1.000
24.6267,-0.14193,-0.28169,-0.94895,1.000,1.000
24.6398,-0.13171,-0.27548,-0.95224,1.000,1.000
24.6542,-0.11692,-0.26319,-0.95763,1.000,1.000
24.6684,-0.09781,-0.24518,-0.96453,1.000,1.000
24.6819,-0.07422,-0.22423,-0.97171,1.000,1.000
24.6962,-0.04761,-0.20191,-0.97825,1.000,1.000
24.7103,-0.02016,-0.18052,-0.98336,1.000,1.000
24.7241,0.01119,-0.15722,-0.98750,1.000,1.000
24.7380,0.04224,-0.13654,-0.98973,1.000,1.000
24.7521,0.07401,-0.11752,-0.99031,1.000,1.000
24.7656,0.10620,-0.09991,-0.98931,1.000,1.000
24.7793,0.13928,-0.08441,-0.98665,1.000,1.000
24.7939,0.17146,-0.07024,-0.98268,1.000,1.000
24.8081,0.20499,-0.05897,-0.97699,1.000,1.000
24.8211,0.23898,-0.05097,-0.96969,1.000,1.000
24.8357,0.27286,-0.04311,-0.96109,1.000,1.000
24.8496,0.30445,-0.03402,-0.95192,1.000,1.000
24.8634,0.33470,-0.02569,-0.94197,1.000,1.000
24.8773,0.36296,-0.01879,-0.93162,1.000,1.000
24.8916,0.39093,-0.01280,-0.92033,1.000,1.000
24.9050,0.41744,-0.00865,-0.90866,1.000,1.000
24.9192,0.44210,-0.00229,-0.89697,1.000,1.000
24.9332,0.46320,0.00398,-0.88625,1.000,1.000
24.9470,0.47925,0.00930,-0.87763,1.000,1.000
24.9612,0.49409,0.01457,-0.86929,1.000,1.000
24.9751,0.50857,0.02197,-0.86074,1.000,1.000
24.9890,0.52167,0.02990,-0.85263,1.000,1.000
25.0024,0.53364,0.03863,-0.84483,1.000,1.000
25.0168,0.54549,0.04579,-0.83687,1.000,1.000
25.0309,0.55572,0.05392,-0.82962,1.000,1.000
25.0444,0.56531,0.06067,-0.82264,1.000,1.000
25.0584,0.57488,0.06787,-0.81542,1.000,1.000
25.0725,0.58530,0.07417,-0.80742,1.000,1.000
25.0863,0.59572,0.08001,-0.79920,1.000,1.000
25.1003,0.60505,0.08611,-0.79152,1.000,1.000
25.1146,0.61230,0.09051,-0.78543,1.000,1.000
25.1282,0.61917,0.09366,-0.77965,1.000,1.000
25.1419,0.62572,0.09745,-0.77394,1.000,1.000
25.1563,0.63208,0.10057,-0.76835,1.000,1.000
25.1709,0.63758,0.10297,-0.76347,1.000,1.000
25.1837,0.64134,0.10704,-0.75975,1.000,1.000
25.1979,0.64333,0.11062,-0.75755,1.000,1.000
25.2121,0.64303,0.11491,-0.75717,1.000,1.000
25.2258,0.64062,0.12129,-0.75822,1.000,1.000
25.2394,0.63830,0.12942,-0.75883,1.000,1.000
25.2534,0.63373,0.13804,-0.76114,1.000,1.000
25.2676,0.62779,0.14572,-0.76462,1.000,1.000
25.2814,0.62090,0.15314,-0.76878,1.000,1.000
25.2954,0.61120,0.15953,-0.77523,1.000,1.000
25.3094,0.60059,0.16787,-0.78174,1.000,1.000
25.3232,0.58550,0.17777,-0.79094,1.000,1.000
25.3374,0.56646,0.18883,-0.80216,1.000,1.000
25.3507,0.54226,0.20314,-0.81529,1.000,1.000
25.3645,0.51486,0.21768,-0.82918,1.000,1.000
25.3786,0.48764,0.22900,-0.84248,1.000,1.000
25.3932,0.45688,0.23875,-0.85689,1.000,1.000
25.4067,0.42642,0.24861,-0.86969,1.000,1.000
25.4203,0.39541,0.25615,-0.88206,1.000,1.000
25.4346,0.36379,0.26169,-0.89397,1.000,1.000
25.4484,0.33344,0.26412,-0.90502,1.000,1.000
25.4621,0.30342,0.26376,-0.91562,1.000,1.000
25.4763,0.27435,0.26293,-0.92499,1.000,1.000
25.4900,0.24653,0.26204,-0.93303,1.000,1.000
25.5041,0.21902,0.25774,-0.94106,1.000,1.000
25.5183,0.19327,0.25185,-0.94827,1.000,1.000
25.5320,0.16866,0.24615,-0.95444,1.000,1.000
25.5456,0.14573,0.23845,-0.96016,1.000,1.000
25.5595,0.12376,0.22992,-0.96531,1.000,1.000
25.5739,0.10241,0.22080,-0.96993,1.000,1.000
25.5875,0.08339,0.20788,-0.97459,1.000,1.000
25.6012,0.06549,0.19364,-0.97888,1.000,1.000
25.6159,0.04971,0.17695,-0.98296,1.000,1.000
25.6292,0.03537,0.15861,-0.98671,1.000,1.000
25.6431,0.02113,0.14101,-0.98978,1.000,1.000
25.6571,0.00923,0.12108,-0.99260,1.000,1.000
25.6710,-0.00151,0.09939,-0.99505,1.000,1.000
25.6846,-0.01148,0.07815,-0.99688,1.000,1.000
25.6988,-0.01947,0.05565,-0.99826,1.000,1.000
25.7128,-0.02520,0.03358,-0.99912,1.000,1.000
25.7270,-0.02874,0.01334,-0.99950,1.000,1.000
25.7403,-0.02948,-0.00610,-0.99955,1.000,1.000
25.7548,-0.02872,-0.02440,-0.99929,1.000,1.000
25.7683,-0.02552,-0.04114,-0.99883,1.000,1.000
25.7819,-0.02116,-0.05681,-0.99816,1.000,1.000
25.7962,-0.01716,-0.07398,-0.99711,1.000,1.000
25.8101,-0.01312,-0.09128,-0.99574,1.000,1.000
25.8237,-0.00865,-0.10934,-0.99397,1.000,1.000
25.8378,-0.00490,-0.12636,-0.99197,1.000,1.000
25.8521,-0.00248,-0.14206,-0.98985,1.000,1.000
25.8659,-0.00034,-0.15810,-0.98742,1.000,1.000
25.8799,0.00203,-0.17364,-0.98481,1.000,1.000
25.8939,0.00576,-0.19192,-0.98139,1.000,1.000
25.9075,0.01215,-0.21109,-0.97739,1.000,1.000
25.9212,0.01760,-0.22993,-0.97305,1.000,1.000
25.9355,0.02426,-0.24437,-0.96938,1.000,1.000
25.9491,0.03074,-0.25350,-0.96685,1.000,1.000
25.9632,0.03864,-0.26491,-0.96350,1.000,1.000
25.9770,0.04907,-0.27920,-0.95898,1.000,1.000
25.9915,0.06203,-0.29323,-0.95403,1.000,1.000
26.0049,0.07651,-0.30366,-0.94970,1.000,1.000
26.0192,0.09114,-0.31236,-0.94558,1.000,1.000
26.0330,0.10733,-0.32329,-0.94019,1.000,1.000
26.0473,0.12539,-0.33544,-0.93368,1.000,1.000
26.0607,0.14540,-0.34794,-0.92618,1.000,1.000
26.0745,0.16723,-0.35282,-0.92063,1.000,1.000
26.0886,0.18830,-0.35651,-0.91512,1.000,1.000
26.1024,0.20853,-0.35903,-0.90973,1.000,1.000
26.1167,0.22855,-0.36164,-0.90387,1.000,1.000
26.1302,0.24725,-0.36429,-0.89786,1.000,1.000
26.1441,0.26449,-0.36413,-0.89300,1.000,1.000
26.1581,0.27931,-0.36282,-0.88901,1.000,1.000
26.1724,0.28991,-0.36201,-0.88595,1.000,1.000
26.1862,0.29756,-0.36334,-0.88286,1.000,1.000
26.1997,0.30227,-0.36368,-0.88112,1.000,1.000
26.2142,0.30795,-0.36264,-0.87958,1.000,1.000
26.2282,0.31108,-0.35942,-0.87980,1.000,1.000
26.2415,0.31228,-0.35445,-0.88139,1.000,1.000
26.2560,0.31423,-0.35085,-0.88214,1.000,1.000
26.2696,0.31597,-0.34391,-0.88424,1.000,1.000
26.2835,0.31724,-0.33729,-0.88634,1.000,1.000
26.2980,0.31707,-0.33100,-0.88876,1.000,1.000
26.3117,0.31547,-0.32431,-0.89180,1.000,1.000
26.3250,0.31327,-0.31780,-0.89491,1.000,1.000
26.3394,0.31072,-0.31166,-0.89796,1.000,1.000
26.3533,0.30716,-0.30790,-0.90047,1.000,1.000
26.3674,0.30265,-0.30469,-0.90309,1.000,1.000
26.3809,0.29900,-0.30032,-0.90576,1.000,1.000
26.3951,0.29555,-0.29452,-0.90880,1.000,1.000
26.4092,0.29371,-0.28668,-0.91189,1.000,1.000
26.4227,0.29239,-0.27941,-0.91457,1.000,1.000
26.4369,0.29148,-0.27147,-0.91725,1.000,1.000
26.4511,0.29046,-0.26215,-0.92028,1.000,1.000
26.4645,0.28969,-0.25191,-0.92337,1.000,1.000
26.4787,0.28828,-0.24067,-0.92681,1.000,1.000
26.4927,0.28652,-0.22887,-0.93034,1.000,1.000
26.5065,0.28538,-0.21702,-0.93352,1.000,1.000
26.5204,0.28357,-0.20640,-0.93648,1.000,1.000
26.5347,0.28087,-0.19739,-0.93923,1.000,1.000
26.5485,0.27752,-0.18915,-0.94192,1.000,1.000
26.5618,0.27300,-0.18125,-0.94479,1.000,1.000
26.5761,0.26732,-0.17581,-0.94743,1.000,1.000
26.5902,0.26085,-0.17111,-0.95009,1.000,1.000
26.6036,0.25431,-0.16774,-0.95246,1.000,1.000
26.6180,0.24751,-0.16514,-0.95471,1.000,1.000
26.6319,0.24105,-0.16226,-0.95685,1.000,1.000
26.6460,0.23343,-0.15827,-0.95941,1.000,1.000
26.6594,0.22459,-0.15472,-0.96209,1.000,1.000
26.6738,0.21608,-0.15232,-0.96442,1.000,1.000
26.6877,0.20728,-0.15223,-0.96637,1.000,1.000
26.7017,0.19920,-0.15363,-0.96784,1.000,1.000
26.7157,0.19120,-0.15693,-0.96893,1.000,1.000
26.7292,0.18354,-0.16046,-0.96983,1.000,1.000
26.7431,0.17645,-0.16440,-0.97048,1.000,1.000
26.7574,0.16976,-0.16983,-0.97074,1.000,1.000
26.7712,0.16356,-0.17450,-0.97098,1.000,1.000
26.7849,0.15817,-0.17883,-0.97108,1.000,1.000
26.7993,0.15418,-0.18347,-0.97086,1.000,1.000
26.8130,0.15142,-0.18864,-0.97030,1.000,1.000
26.8275,0.14836,-0.19390,-0.96974,1.000,1.000
26.8406,0.14551,-0.19840,-0.96926,1.000,1.000
26.8545,0.14305,-0.20236,-0.96881,1.000,1.000
26.8684,0.14101,-0.20578,-0.96839,1.000,1.000
26.8823,0.13890,-0.20878,-0.96805,1.000,1.000
26.8964,0.13672,-0.21094,-0.96789,1.000,1.000
26.9102,0.13292,-0.21191,-0.96821,1.000,1.000
26.9238,0.12764,-0.21231,-0.96883,1.000,1.000
26.9385,0.12137,-0.21312,-0.96946,1.000,1.000
26.9523,0.11537,-0.21410,-0.96998,1.000,1.000
26.9659,0.10943,-0.21620,-0.97020,1.000,1.000
26.9796,0.10309,-0.21843,-0.97039,1.000,1.000
26.9941,0.09687,-0.22013,-0.97065,1.000,1.000
27.0080,0.09094,-0.22150,-0.97091,1.000,1.000
27.0215,0.08565,-0.22163,-0.97136,1.000,1.000
27.0356,0.08162,-0.22158,-0.97172,1.000,1.000
27.0494,0.07895,-0.22099,-0.97208,1.000,1.000
27.0637,0.07810,-0.22096,-0.97215,1.000,1.000
27.0774,0.07833,-0.22047,-0.97224,1.000,1.000
27.0912,0.08144,-0.21934,-0.97224,1.000,1.000
27.1048,0.08641,-0.21713,-0.97231,1.000,1.000
27.1194,0.09662,-0.21398,-0.97205,1.000,1.000
27.1329,0.11088,-0.21109,-0.97116,1.000,1.000
27.1470,0.13235,-0.20608,-0.96954,1.000,1.000
27.1606,0.15700,-0.20069,-0.96699,1.000,1.000
27.1754,0.18346,-0.19641,-0.96320,1.000,1.000
27.1891,0.21011,-0.19229,-0.95858,1.000,1.000
27.2024,0.24447,-0.18706,-0.95144,1.000,1.000
27.2165,0.28653,-0.18048,-0.94092,1.000,1.000
27.2307,0.33214,-0.17737,-0.92640,1.000,1.000
27.2444,0.38062,-0.17518,-0.90799,1.000,1.000
27.2588,0.43674,-0.17414,-0.88258,1.000,1.000
27.2725,0.49863,-0.17092,-0.84980,1.000,1.000
27.2864,0.56726,-0.16703,-0.80642,1.000,1.000
27.3000,0.63556,-0.16518,-0.75417,1.000,1.000
27.3140,0.69837,-0.16475,-0.69652,1.000,1.000
27.3280,0.75673,-0.16614,-0.63227,1.000,1.000
27.3418,0.81007,-0.16847,-0.56161,1.000,1.000
27.3565,0.85562,-0.17009,-0.48886,1.000,1.000
27.3700,0.89422,-0.17406,-0.41241,1.000,1.000
27.3835,0.92548,-0.18237,-0.33201,1.000,1.000
27.3980,0.94961,-0.19052,-0.24889,1.000,1.000
27.4121,0.96624,-0.19749,-0.16547,1.000,1.000
27.4265,0.97581,-0.20049,-0.08714,1.000,1.000
27.4399,0.97856,-0.20541,-0.01521,1.000,1.000
27.4545,0.97617,-0.20977,0.05562,1.000,1.000
27.4687,0.96859,-0.21653,0.12228,1.000,1.000
27.4822,0.95654,-0.22373,0.18701,1.000,1.000
27.4966,0.94150,-0.22982,0.24650,1.000,1.000
27.5102,0.92481,-0.23279,0.30088,1.000,1.000
27.5240,0.90716,-0.23428,0.34954,1.000,1.000
27.5383,0.88957,-0.23641,0.39088,1.000,1.000
27.5521,0.87058,-0.23918,0.42997,1.000,1.000
27.5661,0.85091,-0.24145,0.46654,1.000,1.000
27.5798,0.83327,-0.24212,0.49703,1.000,1.000
27.5943,0.81737,-0.24426,0.52176,1.000,1.000
27.6082,0.80188,-0.24711,0.54399,1.000,1.000
27.6217,0.78789,-0.25039,0.56261,1.000,1.000
27.6363,0.77151,-0.25740,0.58183,1.000,1.000
27.6501,0.75648,-0.26510,0.59788,1.000,1.000
27.6637,0.74241,-0.27013,0.61307,1.000,1.000
27.6776,0.72756,-0.27559,0.62825,1.000,1.000
27.6915,0.71239,-0.27899,0.64394,1.000,1.000
27.7051,0.69657,-0.28007,0.66057,1.000,1.000
27.7195,0.67918,-0.28072,0.67816,1.000,1.000
27.7335,0.66135,-0.28203,0.69504,1.000,1.000
27.7471,0.64227,-0.28441,0.71176,1.000,1.000
27.7608,0.62579,-0.28399,0.72645,1.000,1.000
27.7757,0.61097,-0.28206,0.73970,1.000,1.000
27.7893,0.59764,-0.27809,0.75199,1.000,1.000
27.8029,0.58368,-0.27373,0.76446,1.000,1.000
27.8168,0.56936,-0.26856,0.77698,1.000,1.000
27.8306,0.55437,-0.26324,0.78954,1.000,1.000
27.8442,0.53919,-0.25896,0.80138,1.000,1.000
27.8584,0.52397,-0.25304,0.81328,1.000,1.000
27.8725,0.51000,-0.24411,0.82481,1.000,1.000
27.8863,0.49588,-0.23439,0.83616,1.000,1.000
27.9002,0.48244,-0.22452,0.84666,1.000,1.000
27.9142,0.46790,-0.21631,0.85690,1.000,1.000
27.9280,0.45337,-0.20761,0.86681,1.000,1.000
27.9421,0.43804,-0.19838,0.87679,1.000,1.000
27.9561,0.42322,-0.18953,0.88598,1.000,1.000
27.9700,0.40926,-0.18151,0.89418,1.000,1.000
27.9835,0.39663,-0.17400,0.90134,1.000,1.000
27.9976,0.38337,-0.16759,0.90826,1.000,1.000
28.0116,0.37106,-0.16208,0.91436,1.000,1.000
28.0263,0.35837,-0.15901,0.91994,1.000,1.000
28.0391,0.34596,-0.15611,0.92517,1.000,1.000
28.0533,0.33374,-0.15439,0.92994,1.000,1.000
28.0674,0.32225,-0.15204,0.93437,1.000,1.000
28.0812,0.31096,-0.15018,0.93848,1.000,1.000
28.0949,0.29955,-0.14982,0.94224,1.000,1.000
28.1089,0.28930,-0.15219,0.94506,1.000,1.000
28.1227,0.27930,-0.15542,0.94754,1.000,1.000
28.1371,0.26986,-0.15815,0.94982,1.000,1.000
28.1510,0.26121,-0.16081,0.95179,1.000,1.000
28.1646,0.25359,-0.16383,0.95334,1.000,1.000
28.1788,0.24684,-0.16949,0.95412,1.000,1.000
28.1928,0.24049,-0.17385,0.95496,1.000,1.000
28.2068,0.23569,-0.17806,0.95537,1.000,1.000
28.2202,0.23228,-0.18153,0.95556,1.000,1.000
28.2345,0.23018,-0.18593,0.95522,1.000,1.000
28.2483,0.22837,-0.19281,0.95429,1.000,1.000
28.2623,0.22753,-0.20019,0.95297,1.000,1.000
28.2761,0.22714,-0.20914,0.95114,1.000,1.000
28.2905,0.22713,-0.21853,0.94903,1.000,1.000
28.3039,0.22736,-0.22679,0.94703,1.000,1.000
28.3180,0.22952,-0.23413,0.94472,1.000,1.000
28.3318,0.23319,-0.24090,0.94212,1.000,1.000
28.3457,0.23675,-0.24666,0.93974,1.000,1.000
28.3593,0.24085,-0.25295,0.93702,1.000,1.000
28.3741,0.24565,-0.25912,0.93409,1.000,1.000
28.3878,0.25035,-0.26449,0.93133,1.000,1.000
28.4011,0.25461,-0.26990,0.92862,1.000,1.000
28.4154,0.25901,-0.27643,0.92547,1.000,1.000
28.4293,0.26247,-0.28270,0.92260,1.000,1.000
28.4432,0.26630,-0.29075,0.91899,1.000,1.000
28.4571,0.26954,-0.29934,0.91528,1.000,1.000
28.4712,0.27256,-0.30727,0.91175,1.000,1.000
28.4851,0.27448,-0.31385,0.90893,1.000,1.000
28.4991,0.27599,-0.31901,0.90667,1.000,1.000
28.5127,0.27757,-0.32516,0.90401,1.000,1.000
28.5272,0.28058,-0.33074,0.90105,1.000,1.000
28.5402,0.28466,-0.33329,0.89882,1.000,1.000
28.5546,0.28682,-0.33832,0.89626,1.000,1.000
28.5684,0.28958,-0.34070,0.89446,1.000,1.000
28.5819,0.29181,-0.34339,0.89271,1.000,1.000
28.5963,0.29473,-0.34573,0.89085,1.000,1.000
28.6102,0.29752,-0.34633,0.88968,1.000,1.000
28.6237,0.30061,-0.34654,0.88856,1.000,1.000
28.6380,0.30362,-0.34709,0.88732,1.000,1.000
28.6519,0.30743,-0.34814,0.88560,1.000,1.000
28.6660,0.31282,-0.34830,0.88365,1.000,1.000
28.6797,0.31868,-0.34820,0.88159,1.000,1.000
28.6935,0.32576,-0.34634,0.87973,1.000,1.000
28.7079,0.33341,-0.34491,0.87742,1.000,1.000
28.7214,0.34174,-0.34318,0.87489,1.000,1.000
28.7356,0.35243,-0.34036,0.87175,1.000,1.000
28.7497,0.36481,-0.33655,0.86813,1.000,1.000
28.7630,0.37878,-0.33245,0.86372,1.000,1.000
28.7771,0.39318,-0.32814,0.85891,1.000,1.000
28.7912,0.40697,-0.32464,0.85380,1.000,1.000
28.8047,0.42092,-0.32154,0.84820,1.000,1.000
28.8189,0.43485,-0.31874,0.84221,1.000,1.000
28.8328,0.44984,-0.31621,0.83526,1.000,1.000
28.8470,0.46487,-0.31180,0.82866,1.000,1.000
28.8607,0.47950,-0.30860,0.82149,1.000,1.000
28.8745,0.49405,-0.30602,0.81380,1.000,1.000
28.8885,0.50945,-0.30261,0.80554,1.000,1.000
28.9022,0.52822,-0.29745,0.79531,1.000,1.000
28.9168,0.54886,-0.29025,0.78390,1.000,1.000
28.9301,0.57099,-0.28329,0.77054,1.000,1.000
28.9439,0.59155,-0.27674,0.75729,1.000,1.000
28.9581,0.61125,-0.27192,0.74326,1.000,1.000
28.9725,0.63067,-0.26902,0.72793,1.000,1.000
28.9861,0.65039,-0.26495,0.71189,1.000,1.000
28.9998,0.66983,-0.26083,0.69519,1.000,1.000
29.0138,0.68802,-0.25683,0.67872,1.000,1.000
29.0279,0.70423,-0.25328,0.66326,1.000,1.000
29.0414,0.71827,-0.24967,0.64943,1.000,1.000
29.0556,0.73014,-0.24726,0.63699,1.000,1.000
29.0696,0.74176,-0.24470,0.62443,1.000,1.000
29.0832,0.75310,-0.24128,0.61207,1.000,1.000
29.0976,0.76313,-0.23801,0.60082,1.000,1.000
29.1113,0.77251,-0.23655,0.58930,1.000,1.000
29.1254,0.78026,-0.23753,0.57860,1.000,1.000
29.1391,0.78832,-0.23835,0.56722,1.000,1.000
29.1535,0.79566,-0.23932,0.55647,1.000,1.000
29.1673,0.80364,-0.23825,0.54535,1.000,1.000
29.1807,0.81145,-0.23727,0.53409,1.000,1.000
29.1949,0.81900,-0.23746,0.52235,1.000,1.000
29.2090,0.82621,-0.23937,0.50999,1.000,1.000
29.2224,0.83366,-0.24081,0.49701,1.000,1.000
29.2366,0.84068,-0.24154,0.48468,1.000,1.000
29.2506,0.84682,-0.24251,0.47338,1.000,1.000
29.2644,0.85295,-0.24284,0.46207,1.000,1.000
29.2783,0.85829,-0.24387,0.45151,1.000,1.000
29.2922,0.86318,-0.24581,0.44101,1.000,1.000
29.3063,0.86748,-0.24885,0.43077,1.000,1.000
29.3201,0.87094,-0.25145,0.42218,1.000,1.000
29.3344,0.87405,-0.25504,0.41352,1.000,1.000
29.3478,0.87652,-0.25796,0.40642,1.000,1.000
29.3616,0.87826,-0.26122,0.40053,1.000,1.000
29.3757,0.87942,-0.26497,0.39549,1.000,1.000
29.3899,0.88012,-0.26911,0.39112,1.000,1.000
29.4035,0.88056,-0.27330,0.38719,1.000,1.000
29.4177,0.88063,-0.27813,0.38359,1.000,1.000
29.4316,0.88062,-0.28228,0.38057,1.000,1.000
29.4454,0.88069,-0.28676,0.37703,1.000,1.000
29.4589,0.88045,-0.29201,0.37354,1.000,1.000
29.4734,0.88032,-0.29612,0.37061,1.000,1.000
29.4873,0.88059,-0.29994,0.36686,1.000,1.000
29.5014,0.88123,-0.30282,0.36294,1.000,1.000
29.5160,0.88202,-0.30508,0.35911,1.000,1.000
29.5290,0.88256,-0.30748,0.35573,1.000,1.000
29.5430,0.88302,-0.30960,0.35275,1.000,1.000
29.5570,0.88348,-0.31130,0.35009,1.000,1.000
29.5708,0.88392,-0.31328,0.34719,1.000,1.000
29.5842,0.88439,-0.31532,0.34414,1.000,1.000
29.5985,0.88482,-0.31731,0.34120,1.000,1.000
29.6129,0.88570,-0.31824,0.33801,1.000,1.000
29.6265,0.88657,-0.31908,0.33494,1.000,1.000
29.6401,0.88803,-0.31919,0.33095,1.000,1.000
29.6543,0.89062,-0.31848,0.32461,1.000,1.000
29.6683,0.89421,-0.31727,0.31579,1.000,1.000
29.6821,0.89922,-0.31472,0.30389,1.000,1.000
29.6964,0.90453,-0.31168,0.29101,1.000,1.000
29.7099,0.90959,-0.30920,0.27758,1.000,1.000
29.7236,0.91537,-0.30641,0.26115,1.000,1.000
29.7379,0.92130,-0.30383,0.24269,1.000,1.000
29.7522,0.92760,-0.30038,0.22212,1.000,1.000
29.7658,0.93334,-0.29793,0.20029,1.000,1.000
29.7793,0.93897,-0.29521,0.17658,1.000,1.000
29.7937,0.94459,-0.29263,0.14870,1.000,1.000
29.8075,0.95016,-0.28836,0.11853,1.000,1.000
29.8210,0.95519,-0.28298,0.08683,1.000,1.000
29.8353,0.95955,-0.27652,0.05291,1.000,1.000
29.8494,0.96288,-0.26947,0.01603,1.000,1.000
29.8634,0.96452,-0.26306,-0.02254,1.000,1.000
29.8770,0.96404,-0.25856,-0.06148,1.000,1.000
29.8909,0.96199,-0.25383,-0.10070,1.000,1.000
29.9049,0.95818,-0.25044,-0.13849,1.000,1.000
29.9190,0.95325,-0.24680,-0.17439,1.000,1.000
29.9333,0.94714,-0.24261,-0.20991,1.000,1.000
29.9469,0.93983,-0.23784,-0.24524,1.000,1.000
29.9603,0.93136,-0.23369,-0.27921,1.000,1.000
29.9746,0.92163,-0.23098,-0.31184,1.000,1.000
29.9885,0.91133,-0.22741,-0.34317,1.000,1.000
30.0017,0.90042,-0.22339,-0.37328,1.000,1.000
30.0159,0.88904,-0.21846,-0.40235,1.000,1.000
30.0296,0.87620,-0.21280,-0.43242,1.000,1.000
30.0437,0.86168,-0.20743,-0.46313,1.000,1.000
30.0570,0.84576,-0.20138,-0.49409,1.000,1.000
30.0709,0.82824,-0.19377,-0.52580,1.000,1.000
30.0848,0.80863,-0.18676,-0.55789,1.000,1.000
30.0987,0.78768,-0.18018,-0.58915,1.000,1.000
30.1125,0.76571,-0.17525,-0.61885,1.000,1.000
30.1267,0.74312,-0.17208,-0.64665,1.000,1.000
30.1403,0.71997,-0.16891,-0.67314,1.000,1.000
30.1543,0.69636,-0.16731,-0.69791,1.000,1.000
30.1681,0.67303,-0.16728,-0.72045,1.000,1.000
30.1817,0.65062,-0.16823,-0.74053,1.000,1.000
30.1961,0.62915,-0.16990,-0.75849,1.000,1.000
30.2098,0.60978,-0.17046,-0.77402,1.000,1.000
30.2234,0.59077,-0.17016,-0.78870,1.000,1.000
30.2376,0.57320,-0.16910,-0.80178,1.000,1.000
30.2516,0.55653,-0.16899,-0.81346,1.000,1.000
30.2658,0.54086,-0.17062,-0.82362,1.000,1.000
30.2795,0.52368,-0.17258,-0.83425,1.000,1.000
30.2933,0.50614,-0.17612,-0.84428,1.000,1.000
30.3075,0.48882,-0.17910,-0.85380,1.000,1.000
30.3210,0.47095,-0.18149,-0.86329,1.000,1.000
30.3358,0.45306,-0.18431,-0.87222,1.000,1.000
30.3491,0.43508,-0.18621,-0.88093,1.000,1.000
30.3628,0.41616,-0.19119,-0.88897,1.000,1.000
30.3768,0.39710,-0.19848,-0.89606,1.000,1.000
30.3910,0.37887,-0.20556,-0.90233,1.000,1.000
30.4042,0.36086,-0.21225,-0.90815,1.000,1.000
30.4184,0.34285,-0.22046,-0.91316,1.000,1.000
30.4326,0.32533,-0.22957,-0.91731,1.000,1.000
30.4464,0.30791,-0.23957,-0.92076,1.000,1.000
30.4604,0.29181,-0.25079,-0.92301,1.000,1.000
30.4744,0.27588,-0.26101,-0.92507,1.000,1.000
30.4882,0.26025,-0.27132,-0.92664,1.000,1.000
30.5021,0.24512,-0.28208,-0.92755,1.000,1.000
30.5167,0.23168,-0.29315,-0.92757,1.000,1.000
30.5307,0.21878,-0.30434,-0.92710,1.000,1.000
30.5434,0.20675,-0.31615,-0.92591,1.000,1.000
30.5581,0.19641,-0.32653,-0.92456,1.000,1.000
30.5717,0.18690,-0.33643,-0.92297,1.000,1.000
30.5855,0.17742,-0.34596,-0.92132,1.000,1.000
30.5995,0.17044,-0.35340,-0.91981,1.000,1.000
30.6132,0.16376,-0.36020,-0.91839,1.000,1.000
30.6276,0.15823,-0.36594,-0.91709,1.000,1.000
30.6406,0.15283,-0.37049,-0.91618,1.000,1.000
30.6550,0.14958,-0.37298,-0.91570,1.000,1.000
30.6689,0.14661,-0.37451,-0.91556,1.000,1.000
30.6826,0.14429,-0.37510,-0.91568,1.000,1.000
30.6969,0.14227,-0.37573,-0.91574,1.000,1.000
30.7112,0.14051,-0.37516,-0.91625,1.000,1.000
30.7246,0.13831,-0.37358,-0.91723,1.000,1.000
30.7390,0.13639,-0.37057,-0.91874,1.000,1.000
30.7526,0.13499,-0.36663,-0.92052,1.000,1.000
30.7668,0.13487,-0.36147,-0.92258,1.000,1.000
30.7801,0.13390,-0.35723,-0.92437,1.000,1.000
30.7944,0.13305,-0.35293,-0.92614,1.000,1.000
30.8085,0.13233,-0.34670,-0.92860,1.000,1.000
30.8220,0.13407,-0.33737,-0.93177,1.000,1.000
30.8361,0.13796,-0.32548,-0.93543,1.000,1.000
30.8499,0.14452,-0.30907,-0.93999,1.000,1.000
30.8639,0.14968,-0.29173,-0.94472,1.000,1.000
30.8776,0.15465,-0.27413,-0.94918,1.000,1.000
30.8915,0.15799,-0.25201,-0.95474,1.000,1.000
30.9056,0.16227,-0.22910,-0.95978,1.000,1.000
30.9194,0.16547,-0.20818,-0.96399,1.000,1.000
30.9340,0.16820,-0.18967,-0.96733,1.000,1.000
30.9478,0.16879,-0.17103,-0.97070,1.000,1.000
30.9611,0.17054,-0.15180,-0.97359,1.000,1.000
30.9753,0.17273,-0.13143,-0.97616,1.000,1.000
30.9896,0.17619,-0.11112,-0.97806,1.000,1.000
31.0028,0.18132,-0.09152,-0.97916,1.000,1.000
31.0170,0.18692,-0.07075,-0.97982,1.000,1.000
31.0310,0.19194,-0.05239,-0.98001,1.000,1.000
31.0449,0.19700,-0.03428,-0.97980,1.000,1.000
31.0590,0.20353,-0.01450,-0.97896,1.000,1.000
31.0728,0.20999,0.00482,-0.97769,1.000,1.000
31.0868,0.21601,0.02173,-0.97615,1.000,1.000
31.1005,0.22151,0.03642,-0.97448,1.000,1.000
31.1151,0.22664,0.04975,-0.97271,1.000,1.000
31.1286,0.23249,0.06480,-0.97044,1.000,1.000
31.1422,0.23827,0.08071,-0.96784,1.000,1.000
31.1567,0.24359,0.09292,-0.96542,1.000,1.000
31.1704,0.24708,0.10333,-0.96347,1.000,1.000
31.1840,0.25130,0.11192,-0.96142,1.000,1.000
31.1984,0.25493,0.11970,-0.95952,1.000,1.000
31.2124,0.25922,0.12703,-0.95743,1.000,1.000
31.2263,0.26375,0.13170,-0.95556,1.000,1.000
31.2397,0.26869,0.13633,-0.95353,1.000,1.000
31.2538,0.27351,0.13978,-0.95166,1.000,1.000
31.2682,0.27788,0.14480,-0.94964,1.000,1.000
31.2818,0.28189,0.14692,-0.94813,1.000,1.000
31.2957,0.28678,0.14692,-0.94666,1.000,1.000
31.3097,0.29201,0.14428,-0.94547,1.000,1.000
31.3234,0.29685,0.14286,-0.94418,1.000,1.000
31.3377,0.30109,0.14112,-0.94309,1.000,1.000
31.3518,0.30464,0.13892,-0.94228,1.000,1.000
31.3656,0.30864,0.13613,-0.94139,1.000,1.000
31.3791,0.31281,0.13183,-0.94062,1.000,1.000
31.3938,0.31724,0.12924,-0.93950,1.000,1.000
31.4075,0.31999,0.12773,-0.93877,1.000,1.000
31.4209,0.32197,0.12641,-0.93827,1.000,1.000
31.4351,0.32264,0.12480,-0.93826,1.000,1.000
31.4492,0.32425,0.12275,-0.93797,1.000,1.000
31.4632,0.32652,0.11870,-0.93771,1.000,1.000
31.4770,0.32918,0.11645,-0.93706,1.000,1.000
31.4908,0.33036,0.11531,-0.93679,1.000,1.000
31.5045,0.32939,0.11440,-0.93724,1.000,1.000
31.5190,0.32783,0.11268,-0.93799,1.000,1.000
31.5331,0.32692,0.11178,-0.93842,1.000,1.000
31.5470,0.32557,0.11074,-0.93901,1.000,1.000
31.5605,0.32404,0.10959,-0.93968,1.000,1.000
31.5753,0.32257,0.10882,-0.94027,1.000,1.000
31.5895,0.32069,0.10649,-0.94118,1.000,1.000
31.6028,0.31921,0.10353,-0.94201,1.000,1.000
31.6172,0.31800,0.10176,-0.94262,1.000,1.000
31.6309,0.31625,0.10220,-0.94315,1.000,1.000
31.6448,0.31453,0.10318,-0.94362,1.000,1.000
31.6590,0.31217,0.10331,-0.94439,1.000,1.000
31.6726,0.30983,0.10143,-0.94537,1.000,1.000
31.6864,0.30679,0.09843,-0.94667,1.000,1.000
31.7006,0.30335,0.09726,-0.94790,1.000,1.000
31.7145,0.29952,0.09678,-0.94917,1.000,1.000
31.7285,0.29597,0.09579,-0.95038,1.000,1.000
31.7420,0.29180,0.09469,-0.95178,1.000,1.000
31.7568,0.28634,0.09367,-0.95354,1.000,1.000
31.7706,0.27889,0.09199,-0.95591,1.000,1.000
31.7840,0.27131,0.08973,-0.95830,1.000,1.000
31.7983,0.26388,0.08738,-0.96059,1.000,1.000
31.8129,0.25443,0.08450,-0.96339,1.000,1.000
31.8260,0.24233,0.07968,-0.96692,1.000,1.000
31.8402,0.22816,0.07391,-0.97081,1.000,1.000
31.8538,0.21149,0.06868,-0.97496,1.000,1.000
31.8676,0.19114,0.06158,-0.97963,1.000,1.000
31.8816,0.16541,0.05358,-0.98477,1.000,1.000
31.8955,0.13622,0.04444,-0.98968,1.000,1.000
31.9098,0.10749,0.03557,-0.99357,1.000,1.000
31.9231,0.07486,0.02588,-0.99686,1.000,1.000
31.9375,0.04138,0.01406,-0.99904,1.000,1.000
31.9506,0.00696,0.00108,-0.99998,1.000,1.000
31.9644,-0.02732,-0.01195,-0.99956,1.000,1.000
31.9785,-0.05961,-0.02577,-0.99789,1.000,1.000
31.9925,-0.09051,-0.04139,-0.99504,1.000,1.000
32.0066,-0.11888,-0.05735,-0.99125,1.000,1.000
32.0199,-0.14582,-0.07182,-0.98670,1.000,1.000
32.0340,-0.16971,-0.08315,-0.98198,1.000,1.000
32.0483,-0.19212,-0.09324,-0.97693,1.000,1.000
32.0620,-0.21295,-0.10252,-0.97167,1.000,1.000
32.0757,-0.23105,-0.11538,-0.96608,1.000,1.000
32.0896,-0.24590,-0.12712,-0.96092,1.000,1.000
32.1035,-0.25602,-0.13858,-0.95669,1.000,1.000
32.1183,-0.26256,-0.14853,-0.95342,1.000,1.000
32.1316,-0.26975,-0.15824,-0.94984,1.000,1.000
32.1454,-0.27337,-0.16601,-0.94748,1.000,1.000
32.1592,-0.27676,-0.17276,-0.94528,1.000,1.000
32.1736,-0.27964,-0.17915,-0.94324,1.000,1.000
32.1872,-0.28269,-0.18614,-0.94098,1.000,1.000
32.2006,-0.28755,-0.19331,-0.93805,1.000,1.000
32.2149,-0.29340,-0.19906,-0.93504,1.000,1.000
32.2290,-0.29853,-0.20313,-0.93253,1.000,1.000
32.2425,-0.30371,-0.20543,-0.93035,1.000,1.000
32.2566,-0.30741,-0.20921,-0.92829,1.000,1.000
32.2707,-0.30938,-0.21314,-0.92674,1.000,1.000
32.2844,-0.31010,-0.21546,-0.92597,1.000,1.000
32.2985,-0.30952,-0.21872,-0.92539,1.000,1.000
32.3123,-0.30822,-0.22166,-0.92513,1.000,1.000
32.3260,-0.30647,-0.22541,-0.92480,1.000,1.000
32.3399,-0.30232,-0.22559,-0.92613,1.000,1.000
32.3541,-0.29755,-0.22466,-0.92790,1.000,1.000
32.3683,-0.29445,-0.22533,-0.92872,1.000,1.000
32.3815,-0.29206,-0.22889,-0.92861,1.000,1.000
32.3955,-0.29034,-0.23258,-0.92823,1.000,1.000
32.4096,-0.28824,-0.23502,-0.92827,1.000,1.000
32.4231,-0.28578,-0.23523,-0.92898,1.000,1.000
32.4373,-0.28413,-0.23522,-0.92949,1.000,1.000
32.4514,-0.28360,-0.23642,-0.92934,1.000,1.000
32.4656,-0.28256,-0.23810,-0.92923,1.000,1.000
32.4797,-0.28078,-0.24095,-0.92904,1.000,1.000
32.4933,-0.27853,-0.24165,-0.92953,1.000,1.000
32.5070,-0.27675,-0.24075,-0.93030,1.000,1.000
32.5210,-0.27624,-0.23968,-0.93072,1.000,1.000
32.5351,-0.27594,-0.23845,-0.93113,1.000,1.000
32.5486,-0.27569,-0.23849,-0.93119,1.000,1.000
32.5624,-0.27517,-0.23762,-0.93157,1.000,1.000
32.5768,-0.27441,-0.23622,-0.93215,1.000,1.000
32.5909,-0.27353,-0.23521,-0.93266,1.000,1.000
32.6042,-0.27182,-0.23442,-0.93336,1.000,1.000
32.6184,-0.26901,-0.23458,-0.93413,1.000,1.000
32.6324,-0.26599,-0.23526,-0.93483,1.000,1.000
32.6463,-0.26304,-0.23515,-0.93569,1.000,1.000
32.6601,-0.26110,-0.23567,-0.93610,1.000,1.000
32.6740,-0.26053,-0.23682,-0.93597,1.000,1.000
32.6880,-0.25994,-0.23779,-0.93589,1.000,1.000
32.7018,-0.25925,-0.23870,-0.93585,1.000,1.000
32.7160,-0.25877,-0.24066,-0.93548,1.000,1.000
32.7300,-0.25822,-0.24238,-0.93519,1.000,1.000
32.7434,-0.25772,-0.24340,-0.93506,1.000,1.000
32.7577,-0.25714,-0.24378,-0.93512,1.000,1.000
32.7720,-0.25556,-0.24411,-0.93547,1.000,1.000
32.7851,-0.25324,-0.24491,-0.93589,1.000,1.000
32.7997,-0.25107,-0.24566,-0.93628,1.000,1.000
32.8143,-0.24947,-0.24701,-0.93635,1.000,1.000
32.8278,-0.24805,-0.24726,-0.93666,1.000,1.000
32.8410,-0.24579,-0.24727,-0.93725,1.000,1.000
32.8556,-0.24329,-0.24735,-0.93789,1.000,1.000
32.8692,-0.24060,-0.24736,-0.93858,1.000,1.000
32.8830,-0.23889,-0.24730,-0.93903,1.000,1.000
32.8972,-0.23743,-0.24663,-0.93957,1.000,1.000
32.9109,-0.23593,-0.24594,-0.94013,1.000,1.000
32.9246,-0.23447,-0.24625,-0.94042,1.000,1.000
32.9388,-0.23351,-0.24738,-0.94036,1.000,1.000
32.9531,-0.23252,-0.24891,-0.94020,1.000,1.000
32.9669,-0.23151,-0.24992,-0.94018,1.000,1.000
32.9801,-0.23038,-0.24950,-0.94057,1.000,1.000
32.9944,-0.22906,-0.24817,-0.94124,1.000,1.000
33.0085,-0.22752,-0.24684,-0.94197,1.000,1.000
33.0218,-0.22618,-0.24660,-0.94235,1.000,1.000
33.0359,-0.22510,-0.24719,-0.94246,1.000,1.000
33.0499,-0.22414,-0.24751,-0.94260,1.000,1.000
33.0641,-0.22348,-0.24710,-0.94287,1.000,1.000
33.0779,-0.22304,-0.24656,-0.94311,1.000,1.000
33.0918,-0.22276,-0.24644,-0.94321,1.000,1.000
33.1067,-0.22243,-0.24616,-0.94336,1.000,1.000
33.1198,-0.22221,-0.24604,-0.94345,1.000,1.000
